ISO-10303-21;
HEADER;
FILE_DESCRIPTION((''),'2;1');
FILE_NAME('333','2022-12-01T14:25:51',('win'),(''),
'CREO PARAMETRIC BY PTC INC, 2020033','CREO PARAMETRIC BY PTC INC, 2020033','');
FILE_SCHEMA(('AUTOMOTIVE_DESIGN { 1 0 10303 214 1 1 1 1 }'));
ENDSEC;
DATA;
#17=DIRECTION('',(1.E0,1.110223024625E-14,0.E0));
#18=VECTOR('',#17,5.000000000001E-3);
#19=CARTESIAN_POINT('',(4.15E0,-9.115202916196E-2,-4.586551966647E-1));
#20=LINE('',#19,#18);
#21=DIRECTION('',(0.E0,1.E0,0.E0));
#22=VECTOR('',#21,3.7E0);
#23=CARTESIAN_POINT('',(4.15E0,-2.15E0,-1.175E0));
#24=LINE('',#23,#22);
#25=DIRECTION('',(0.E0,0.E0,1.E0));
#26=VECTOR('',#25,2.7E0);
#27=CARTESIAN_POINT('',(4.15E0,-2.15E0,-1.175E0));
#28=LINE('',#27,#26);
#29=CARTESIAN_POINT('',(4.15E0,-8.032903334574E-1,-7.729554890697E-1));
#30=DIRECTION('',(1.E0,0.E0,0.E0));
#31=DIRECTION('',(0.E0,-1.E0,0.E0));
#32=AXIS2_PLACEMENT_3D('',#29,#30,#31);
#34=CARTESIAN_POINT('',(4.15E0,-8.032903334574E-1,-7.729554890697E-1));
#35=DIRECTION('',(1.E0,0.E0,0.E0));
#36=DIRECTION('',(0.E0,1.E0,0.E0));
#37=AXIS2_PLACEMENT_3D('',#34,#35,#36);
#39=DIRECTION('',(0.E0,0.E0,1.E0));
#40=VECTOR('',#39,1.521406034954E-2);
#41=CARTESIAN_POINT('',(4.15E0,-2.232346338069E-1,-5.921022910268E-1));
#42=LINE('',#41,#40);
#43=DIRECTION('',(0.E0,-1.E0,0.E0));
#44=VECTOR('',#43,5.314687449300E-2);
#45=CARTESIAN_POINT('',(4.15E0,-2.232346338069E-1,-5.768882306772E-1));
#46=LINE('',#45,#44);
#47=DIRECTION('',(0.E0,0.E0,1.E0));
#48=VECTOR('',#47,1.182330340125E-1);
#49=CARTESIAN_POINT('',(4.15E0,-2.763815082998E-1,-5.768882306772E-1));
#50=LINE('',#49,#48);
#51=DIRECTION('',(0.E0,-1.E0,0.E0));
#52=VECTOR('',#51,1.722668268212E-2);
#53=CARTESIAN_POINT('',(4.15E0,-2.763815082998E-1,-4.586551966647E-1));
#54=LINE('',#53,#52);
#55=DIRECTION('',(0.E0,0.E0,-1.E0));
#56=VECTOR('',#55,1.334470943621E-1);
#57=CARTESIAN_POINT('',(4.15E0,-2.936081909820E-1,-4.586551966647E-1));
#58=LINE('',#57,#56);
#59=DIRECTION('',(0.E0,1.E0,0.E0));
#60=VECTOR('',#59,7.037355717512E-2);
#61=CARTESIAN_POINT('',(4.15E0,-2.936081909820E-1,-5.921022910268E-1));
#62=LINE('',#61,#60);
#63=CARTESIAN_POINT('',(4.15E0,-1.178619153802E-1,-5.865761076709E-1));
#64=CARTESIAN_POINT('',(4.15E0,-1.178619153802E-1,-5.810726658108E-1));
#65=CARTESIAN_POINT('',(4.15E0,-1.178619153802E-1,-5.755692239506E-1));
#66=CARTESIAN_POINT('',(4.15E0,-1.178619153802E-1,-5.700657820905E-1));
#68=CARTESIAN_POINT('',(4.15E0,-1.178619153802E-1,-4.798730117697E-1));
#69=CARTESIAN_POINT('',(4.15E0,-1.273057384360E-1,-4.746114532111E-1));
#70=CARTESIAN_POINT('',(4.15E0,-1.513603484100E-1,-4.680865370820E-1));
#71=CARTESIAN_POINT('',(4.15E0,-1.915770500814E-1,-4.829961477754E-1));
#72=CARTESIAN_POINT('',(4.15E0,-2.037387627757E-1,-5.260417151111E-1));
#73=CARTESIAN_POINT('',(4.15E0,-1.922674740069E-1,-5.685783091775E-1));
#74=CARTESIAN_POINT('',(4.15E0,-1.525795188791E-1,-5.829851027910E-1));
#75=CARTESIAN_POINT('',(4.15E0,-1.279979802309E-1,-5.762324788880E-1));
#76=CARTESIAN_POINT('',(4.15E0,-1.178619153802E-1,-5.700657820905E-1));
#78=CARTESIAN_POINT('',(4.15E0,-1.178619153802E-1,-4.798730117697E-1));
#79=CARTESIAN_POINT('',(4.15E0,-1.178619153802E-1,-4.738692570133E-1));
#80=CARTESIAN_POINT('',(4.15E0,-1.178619153802E-1,-4.678655022569E-1));
#81=CARTESIAN_POINT('',(4.15E0,-1.178619153802E-1,-4.618617475005E-1));
#83=CARTESIAN_POINT('',(4.15E0,-1.178619153802E-1,-5.865761076709E-1));
#84=CARTESIAN_POINT('',(4.15E0,-1.289914190883E-1,-5.924500124067E-1));
#85=CARTESIAN_POINT('',(4.15E0,-1.584883377366E-1,-5.981325791014E-1));
#86=CARTESIAN_POINT('',(4.15E0,-2.073433523093E-1,-5.816134388701E-1));
#87=CARTESIAN_POINT('',(4.15E0,-2.235492470273E-1,-5.263302174183E-1));
#88=CARTESIAN_POINT('',(4.15E0,-2.055150076787E-1,-4.705049150842E-1));
#89=CARTESIAN_POINT('',(4.15E0,-1.563064794241E-1,-4.532086538354E-1));
#90=CARTESIAN_POINT('',(4.15E0,-1.276726680424E-1,-4.575996992119E-1));
#91=CARTESIAN_POINT('',(4.15E0,-1.178619153802E-1,-4.618617475005E-1));
#93=DIRECTION('',(0.E0,0.E0,1.E0));
#94=VECTOR('',#93,1.521406034954E-2);
#95=CARTESIAN_POINT('',(4.15E0,-1.937987002652E-2,-5.921022910268E-1));
#96=LINE('',#95,#94);
#97=DIRECTION('',(0.E0,-1.E0,0.E0));
#98=VECTOR('',#97,5.454547645332E-2);
#99=CARTESIAN_POINT('',(4.15E0,-1.937987002652E-2,-5.768882306772E-1));
#100=LINE('',#99,#98);
#101=DIRECTION('',(0.E0,0.E0,1.E0));
#102=VECTOR('',#101,4.489171170189E-2);
#103=CARTESIAN_POINT('',(4.15E0,-7.392534647984E-2,-5.768882306772E-1));
#104=LINE('',#103,#102);
#105=DIRECTION('',(0.E0,1.E0,0.E0));
#106=VECTOR('',#105,4.772302786569E-2);
#107=CARTESIAN_POINT('',(4.15E0,-7.392534647984E-2,-5.319965189753E-1));
#108=LINE('',#107,#106);
#109=DIRECTION('',(0.E0,0.E0,1.E0));
#110=VECTOR('',#109,1.528228483494E-2);
#111=CARTESIAN_POINT('',(4.15E0,-2.620231861415E-2,-5.319965189753E-1));
#112=LINE('',#111,#110);
#113=DIRECTION('',(0.E0,-1.E0,0.E0));
#114=VECTOR('',#113,4.772302786569E-2);
#115=CARTESIAN_POINT('',(4.15E0,-2.620231861415E-2,-5.167142341404E-1));
#116=LINE('',#115,#114);
#117=DIRECTION('',(0.E0,0.E0,1.E0));
#118=VECTOR('',#117,4.270852815534E-2);
#119=CARTESIAN_POINT('',(4.15E0,-7.392534647984E-2,-5.167142341404E-1));
#120=LINE('',#119,#118);
#121=DIRECTION('',(0.E0,1.E0,0.E0));
#122=VECTOR('',#121,5.150948683149E-2);
#123=CARTESIAN_POINT('',(4.15E0,-7.392534647984E-2,-4.740057059850E-1));
#124=LINE('',#123,#122);
#125=DIRECTION('',(0.E0,0.E0,1.E0));
#126=VECTOR('',#125,1.535050932034E-2);
#127=CARTESIAN_POINT('',(4.15E0,-2.241585964834E-2,-4.740057059850E-1));
#128=LINE('',#127,#126);
#129=DIRECTION('',(0.E0,-1.E0,0.E0));
#130=VECTOR('',#129,6.873616951361E-2);
#131=CARTESIAN_POINT('',(4.15E0,-2.241585964834E-2,-4.586551966647E-1));
#132=LINE('',#131,#130);
#133=DIRECTION('',(0.E0,0.E0,-1.E0));
#134=VECTOR('',#133,1.334470943621E-1);
#135=CARTESIAN_POINT('',(4.15E0,-9.115202916196E-2,-4.586551966647E-1));
#136=LINE('',#135,#134);
#137=DIRECTION('',(0.E0,1.E0,0.E0));
#138=VECTOR('',#137,7.177215913544E-2);
#139=CARTESIAN_POINT('',(4.15E0,-9.115202916196E-2,-5.921022910268E-1));
#140=LINE('',#139,#138);
#141=CARTESIAN_POINT('',(4.15E0,2.305576018539E-2,-4.740057059850E-1));
#142=CARTESIAN_POINT('',(4.15E0,2.977587204324E-2,-4.740057059850E-1));
#143=CARTESIAN_POINT('',(4.15E0,3.649598390110E-2,-4.740057059850E-1));
#144=CARTESIAN_POINT('',(4.15E0,4.321609575895E-2,-4.740057059850E-1));
#146=CARTESIAN_POINT('',(4.15E0,4.243151417227E-2,-5.768882306772E-1));
#147=CARTESIAN_POINT('',(4.15E0,5.644585339499E-2,-5.768882306772E-1));
#148=CARTESIAN_POINT('',(4.15E0,8.739083464869E-2,-5.683979760993E-1));
#149=CARTESIAN_POINT('',(4.15E0,1.009497308607E-1,-5.245227207099E-1));
#150=CARTESIAN_POINT('',(4.15E0,8.691648727485E-2,-4.811232509172E-1));
#151=CARTESIAN_POINT('',(4.15E0,5.671842170453E-2,-4.740057059850E-1));
#152=CARTESIAN_POINT('',(4.15E0,4.321609575895E-2,-4.740057059850E-1));
#154=CARTESIAN_POINT('',(4.15E0,4.243151417227E-2,-5.768882306772E-1));
#155=CARTESIAN_POINT('',(4.15E0,3.597292950998E-2,-5.768882306772E-1));
#156=CARTESIAN_POINT('',(4.15E0,2.951434484768E-2,-5.768882306772E-1));
#157=CARTESIAN_POINT('',(4.15E0,2.305576018539E-2,-5.768882306772E-1));
#159=CARTESIAN_POINT('',(4.15E0,2.305576018539E-2,-5.768882306772E-1));
#160=CARTESIAN_POINT('',(4.15E0,2.305576018539E-2,-5.425940557798E-1));
#161=CARTESIAN_POINT('',(4.15E0,2.305576018539E-2,-5.082998808824E-1));
#162=CARTESIAN_POINT('',(4.15E0,2.305576018539E-2,-4.740057059850E-1));
#164=CARTESIAN_POINT('',(4.15E0,5.829077502810E-3,-5.921022910268E-1));
#165=CARTESIAN_POINT('',(4.15E0,1.806400196897E-2,-5.921022910268E-1));
#166=CARTESIAN_POINT('',(4.15E0,3.029892643512E-2,-5.921022910268E-1));
#167=CARTESIAN_POINT('',(4.15E0,4.253385090128E-2,-5.921022910268E-1));
#169=CARTESIAN_POINT('',(4.15E0,4.389834061890E-2,-4.586551966647E-1));
#170=CARTESIAN_POINT('',(4.15E0,6.171730353096E-2,-4.586551966647E-1));
#171=CARTESIAN_POINT('',(4.15E0,9.972979394904E-2,-4.695159845614E-1));
#172=CARTESIAN_POINT('',(4.15E0,1.216341194980E-1,-5.243561366923E-1));
#173=CARTESIAN_POINT('',(4.15E0,1.001749860054E-1,-5.802675670766E-1));
#174=CARTESIAN_POINT('',(4.15E0,6.089563684318E-2,-5.921022910268E-1));
#175=CARTESIAN_POINT('',(4.15E0,4.253385090128E-2,-5.921022910268E-1));
#177=CARTESIAN_POINT('',(4.15E0,4.389834061890E-2,-4.586551966647E-1));
#178=CARTESIAN_POINT('',(4.15E0,3.120858624687E-2,-4.586551966647E-1));
#179=CARTESIAN_POINT('',(4.15E0,1.851883187484E-2,-4.586551966647E-1));
#180=CARTESIAN_POINT('',(4.15E0,5.829077502810E-3,-4.586551966647E-1));
#182=CARTESIAN_POINT('',(4.15E0,5.829077502810E-3,-4.586551966647E-1));
#183=CARTESIAN_POINT('',(4.15E0,5.829077502810E-3,-5.031375614520E-1));
#184=CARTESIAN_POINT('',(4.15E0,5.829077502810E-3,-5.476199262394E-1));
#185=CARTESIAN_POINT('',(4.15E0,5.829077502810E-3,-5.921022910268E-1));
#187=CARTESIAN_POINT('',(4.15E0,1.838267611384E-1,-4.850580726968E-1));
#188=CARTESIAN_POINT('',(4.15E0,1.827623978249E-1,-4.820330401219E-1));
#189=CARTESIAN_POINT('',(4.15E0,1.820833809468E-1,-4.788731808677E-1));
#190=CARTESIAN_POINT('',(4.15E0,1.815482964840E-1,-4.757113181319E-1));
#192=CARTESIAN_POINT('',(4.15E0,1.838267611384E-1,-4.850580726968E-1));
#193=CARTESIAN_POINT('',(4.15E0,1.905468729964E-1,-5.035469083675E-1));
#194=CARTESIAN_POINT('',(4.15E0,1.972669848544E-1,-5.220357440382E-1));
#195=CARTESIAN_POINT('',(4.15E0,2.039870967124E-1,-5.405245797089E-1));
#197=CARTESIAN_POINT('',(4.15E0,2.039870967124E-1,-5.405245797089E-1));
#198=CARTESIAN_POINT('',(4.15E0,1.890573050545E-1,-5.405245797089E-1));
#199=CARTESIAN_POINT('',(4.15E0,1.741275133965E-1,-5.405245797089E-1));
#200=CARTESIAN_POINT('',(4.15E0,1.591977217386E-1,-5.405245797089E-1));
#202=CARTESIAN_POINT('',(4.15E0,1.591977217386E-1,-5.405245797089E-1));
#203=CARTESIAN_POINT('',(4.15E0,1.658496091111E-1,-5.220357440382E-1));
#204=CARTESIAN_POINT('',(4.15E0,1.725014964835E-1,-5.035469083675E-1));
#205=CARTESIAN_POINT('',(4.15E0,1.791533838560E-1,-4.850580726968E-1));
#207=CARTESIAN_POINT('',(4.15E0,1.815482964840E-1,-4.757113181319E-1));
#208=CARTESIAN_POINT('',(4.15E0,1.810370138240E-1,-4.788866525459E-1));
#209=CARTESIAN_POINT('',(4.15E0,1.802826788677E-1,-4.820466193308E-1));
#210=CARTESIAN_POINT('',(4.15E0,1.791533838560E-1,-4.850580726968E-1));
#212=DIRECTION('',(0.E0,-3.559357243710E-1,9.345104387413E-1));
#213=VECTOR('',#212,1.427989338908E-1);
#214=CARTESIAN_POINT('',(4.15E0,2.419540231004E-1,-5.921022910268E-1));
#215=LINE('',#214,#213);
#216=DIRECTION('',(0.E0,-1.E0,0.E0));
#217=VECTOR('',#216,1.842061118487E-2);
#218=CARTESIAN_POINT('',(4.15E0,1.911267811266E-1,-4.586551966647E-1));
#219=LINE('',#218,#217);
#220=DIRECTION('',(0.E0,-3.559357243682E-1,-9.345104387424E-1));
#221=VECTOR('',#220,1.427989338906E-1);
#222=CARTESIAN_POINT('',(4.15E0,1.727061699417E-1,-4.586551966647E-1));
#223=LINE('',#222,#221);
#224=DIRECTION('',(0.E0,1.E0,0.E0));
#225=VECTOR('',#224,1.903463155713E-2);
#226=CARTESIAN_POINT('',(4.15E0,1.218789279683E-1,-5.921022910268E-1));
#227=LINE('',#226,#225);
#228=DIRECTION('',(0.E0,3.315284183928E-1,9.434452330676E-1));
#229=VECTOR('',#228,3.868809620482E-2);
#230=CARTESIAN_POINT('',(4.15E0,1.409135595255E-1,-5.921022910268E-1));
#231=LINE('',#230,#229);
#232=DIRECTION('',(0.E0,1.E0,0.E0));
#233=VECTOR('',#232,5.556884374118E-2);
#234=CARTESIAN_POINT('',(4.15E0,1.537397628709E-1,-5.556021910859E-1));
#235=LINE('',#234,#233);
#236=DIRECTION('',(0.E0,3.493954794714E-1,-9.369753459537E-1));
#237=VECTOR('',#236,3.895524049648E-2);
#238=CARTESIAN_POINT('',(4.15E0,2.093086066121E-1,-5.556021910859E-1));
#239=LINE('',#238,#237);
#240=DIRECTION('',(0.E0,1.E0,0.E0));
#241=VECTOR('',#240,1.903463155713E-2);
#242=CARTESIAN_POINT('',(4.15E0,2.229193915432E-1,-5.921022910268E-1));
#243=LINE('',#242,#241);
#244=DIRECTION('',(0.E0,0.E0,1.E0));
#245=VECTOR('',#244,1.521406034953E-2);
#246=CARTESIAN_POINT('',(4.15E0,-2.218360318465E-1,-8.038028706821E-1));
#247=LINE('',#246,#245);
#248=DIRECTION('',(0.E0,-1.E0,0.E0));
#249=VECTOR('',#248,5.454547645331E-2);
#250=CARTESIAN_POINT('',(4.15E0,-2.218360318465E-1,-7.885888103326E-1));
#251=LINE('',#250,#249);
#252=DIRECTION('',(0.E0,0.E0,1.E0));
#253=VECTOR('',#252,4.489171170189E-2);
#254=CARTESIAN_POINT('',(4.15E0,-2.763815082998E-1,-7.885888103326E-1));
#255=LINE('',#254,#253);
#256=DIRECTION('',(0.E0,1.E0,0.E0));
#257=VECTOR('',#256,4.772302786569E-2);
#258=CARTESIAN_POINT('',(4.15E0,-2.763815082998E-1,-7.436970986307E-1));
#259=LINE('',#258,#257);
#260=DIRECTION('',(0.E0,0.E0,1.E0));
#261=VECTOR('',#260,1.528228483494E-2);
#262=CARTESIAN_POINT('',(4.15E0,-2.286584804342E-1,-7.436970986307E-1));
#263=LINE('',#262,#261);
#264=DIRECTION('',(0.E0,-1.E0,0.E0));
#265=VECTOR('',#264,4.772302786569E-2);
#266=CARTESIAN_POINT('',(4.15E0,-2.286584804342E-1,-7.284148137958E-1));
#267=LINE('',#266,#265);
#268=DIRECTION('',(0.E0,0.E0,1.E0));
#269=VECTOR('',#268,4.270852815534E-2);
#270=CARTESIAN_POINT('',(4.15E0,-2.763815082998E-1,-7.284148137958E-1));
#271=LINE('',#270,#269);
#272=DIRECTION('',(0.E0,1.E0,0.E0));
#273=VECTOR('',#272,5.150948683149E-2);
#274=CARTESIAN_POINT('',(4.15E0,-2.763815082998E-1,-6.857062856404E-1));
#275=LINE('',#274,#273);
#276=DIRECTION('',(0.E0,0.E0,1.E0));
#277=VECTOR('',#276,1.535050932034E-2);
#278=CARTESIAN_POINT('',(4.15E0,-2.248720214684E-1,-6.857062856404E-1));
#279=LINE('',#278,#277);
#280=DIRECTION('',(0.E0,-1.E0,0.E0));
#281=VECTOR('',#280,6.873616951361E-2);
#282=CARTESIAN_POINT('',(4.15E0,-2.248720214684E-1,-6.703557763201E-1));
#283=LINE('',#282,#281);
#284=DIRECTION('',(0.E0,0.E0,-1.E0));
#285=VECTOR('',#284,1.334470943621E-1);
#286=CARTESIAN_POINT('',(4.15E0,-2.936081909820E-1,-6.703557763201E-1));
#287=LINE('',#286,#285);
#288=DIRECTION('',(0.E0,1.E0,0.E0));
#289=VECTOR('',#288,7.177215913543E-2);
#290=CARTESIAN_POINT('',(4.15E0,-2.936081909820E-1,-8.038028706821E-1));
#291=LINE('',#290,#289);
#292=CARTESIAN_POINT('',(4.15E0,-1.682798104384E-1,-7.589793834656E-1));
#293=CARTESIAN_POINT('',(4.15E0,-1.608433414786E-1,-7.579787576727E-1));
#294=CARTESIAN_POINT('',(4.15E0,-1.534068725189E-1,-7.569781318799E-1));
#295=CARTESIAN_POINT('',(4.15E0,-1.459704035592E-1,-7.559775060870E-1));
#297=CARTESIAN_POINT('',(4.15E0,-1.459704035592E-1,-7.559775060870E-1));
#298=CARTESIAN_POINT('',(4.15E0,-1.459704035592E-1,-7.590248664559E-1));
#299=CARTESIAN_POINT('',(4.15E0,-1.459704035592E-1,-7.620722268248E-1));
#300=CARTESIAN_POINT('',(4.15E0,-1.459704035592E-1,-7.651195871938E-1));
#302=CARTESIAN_POINT('',(4.15E0,-1.682798104384E-1,-7.589793834656E-1));
#303=CARTESIAN_POINT('',(4.15E0,-1.739582464898E-1,-7.597728767129E-1));
#304=CARTESIAN_POINT('',(4.15E0,-1.852958862448E-1,-7.616769523833E-1));
#305=CARTESIAN_POINT('',(4.15E0,-1.905647639691E-1,-7.767624854738E-1));
#306=CARTESIAN_POINT('',(4.15E0,-1.850697313891E-1,-7.899152700779E-1));
#307=CARTESIAN_POINT('',(4.15E0,-1.689668539845E-1,-7.942512869947E-1));
#308=CARTESIAN_POINT('',(4.15E0,-1.506393147869E-1,-7.864717043278E-1));
#309=CARTESIAN_POINT('',(4.15E0,-1.459704035592E-1,-7.720267899444E-1));
#310=CARTESIAN_POINT('',(4.15E0,-1.459704035592E-1,-7.651195871938E-1));
#312=CARTESIAN_POINT('',(4.15E0,-1.459704035592E-1,-7.890663817340E-1));
#313=CARTESIAN_POINT('',(4.15E0,-1.459704035592E-1,-7.939785447167E-1));
#314=CARTESIAN_POINT('',(4.15E0,-1.459704035592E-1,-7.988907076994E-1));
#315=CARTESIAN_POINT('',(4.15E0,-1.459704035592E-1,-8.038028706821E-1));
#317=CARTESIAN_POINT('',(4.15E0,-1.459704035592E-1,-8.038028706821E-1));
#318=CARTESIAN_POINT('',(4.15E0,-1.403987372130E-1,-8.038028706821E-1));
#319=CARTESIAN_POINT('',(4.15E0,-1.348270708669E-1,-8.038028706821E-1));
#320=CARTESIAN_POINT('',(4.15E0,-1.292554045207E-1,-8.038028706821E-1));
#322=CARTESIAN_POINT('',(4.15E0,-1.292554045207E-1,-8.038028706821E-1));
#323=CARTESIAN_POINT('',(4.15E0,-1.292554045209E-1,-7.833582664165E-1));
#324=CARTESIAN_POINT('',(4.15E0,-1.292554045210E-1,-7.629136621509E-1));
#325=CARTESIAN_POINT('',(4.15E0,-1.292554045212E-1,-7.424690578852E-1));
#327=CARTESIAN_POINT('',(4.15E0,-1.965247475895E-1,-7.151792635366E-1));
#328=CARTESIAN_POINT('',(4.15E0,-1.869296145564E-1,-7.091519958550E-1));
#329=CARTESIAN_POINT('',(4.15E0,-1.583748342291E-1,-6.975827021012E-1));
#330=CARTESIAN_POINT('',(4.15E0,-1.292554045212E-1,-7.258207144921E-1));
#331=CARTESIAN_POINT('',(4.15E0,-1.292554045212E-1,-7.424690578852E-1));
#333=CARTESIAN_POINT('',(4.15E0,-1.965247475895E-1,-7.151792635366E-1));
#334=CARTESIAN_POINT('',(4.15E0,-1.965247475895E-1,-7.205917394158E-1));
#335=CARTESIAN_POINT('',(4.15E0,-1.965247475895E-1,-7.260042152951E-1));
#336=CARTESIAN_POINT('',(4.15E0,-1.965247475895E-1,-7.314166911744E-1));
#338=CARTESIAN_POINT('',(4.15E0,-1.459704035596E-1,-7.432195272292E-1));
#339=CARTESIAN_POINT('',(4.15E0,-1.459704035596E-1,-7.331244291569E-1));
#340=CARTESIAN_POINT('',(4.15E0,-1.656075051835E-1,-7.105464252032E-1));
#341=CARTESIAN_POINT('',(4.15E0,-1.879044583236E-1,-7.244205143785E-1));
#342=CARTESIAN_POINT('',(4.15E0,-1.965247475895E-1,-7.314166911744E-1));
#344=CARTESIAN_POINT('',(4.15E0,-1.459704035596E-1,-7.432195272292E-1));
#345=CARTESIAN_POINT('',(4.15E0,-1.553853826097E-1,-7.445385339558E-1));
#346=CARTESIAN_POINT('',(4.15E0,-1.648003616598E-1,-7.458575406824E-1));
#347=CARTESIAN_POINT('',(4.15E0,-1.742153407099E-1,-7.471765474090E-1));
#349=CARTESIAN_POINT('',(4.15E0,-1.459704035592E-1,-7.890663817340E-1));
#350=CARTESIAN_POINT('',(4.15E0,-1.516940955938E-1,-7.989123182918E-1));
#351=CARTESIAN_POINT('',(4.15E0,-1.717979947768E-1,-8.100117222204E-1));
#352=CARTESIAN_POINT('',(4.15E0,-1.995732456919E-1,-8.016812697414E-1));
#353=CARTESIAN_POINT('',(4.15E0,-2.128671028693E-1,-7.700545243990E-1));
#354=CARTESIAN_POINT('',(4.15E0,-1.888608782617E-1,-7.492145995610E-1));
#355=CARTESIAN_POINT('',(4.15E0,-1.742153407099E-1,-7.471765474090E-1));
#357=CARTESIAN_POINT('',(4.15E0,-1.066048752113E-1,-7.831990759493E-1));
#358=CARTESIAN_POINT('',(4.15E0,-1.066048752113E-1,-7.889526742578E-1));
#359=CARTESIAN_POINT('',(4.15E0,-1.066048752113E-1,-7.947062725662E-1));
#360=CARTESIAN_POINT('',(4.15E0,-1.066048752113E-1,-8.004598708746E-1));
#362=CARTESIAN_POINT('',(4.15E0,-4.680611334602E-2,-7.267774261352E-1));
#363=CARTESIAN_POINT('',(4.15E0,-5.387212841046E-2,-7.222470624090E-1));
#364=CARTESIAN_POINT('',(4.15E0,-6.688694050951E-2,-7.186087977805E-1));
#365=CARTESIAN_POINT('',(4.15E0,-8.426050820085E-2,-7.211155605278E-1));
#366=CARTESIAN_POINT('',(4.15E0,-9.112028499099E-2,-7.323566751929E-1));
#367=CARTESIAN_POINT('',(4.15E0,-8.476752863328E-2,-7.453004945066E-1));
#368=CARTESIAN_POINT('',(4.15E0,-6.707352339334E-2,-7.500582415622E-1));
#369=CARTESIAN_POINT('',(4.15E0,-4.756648618895E-2,-7.578949339796E-1));
#370=CARTESIAN_POINT('',(4.15E0,-3.912877630938E-2,-7.801745089022E-1));
#371=CARTESIAN_POINT('',(4.15E0,-5.235880982376E-2,-8.032429745503E-1));
#372=CARTESIAN_POINT('',(4.15E0,-8.022755221799E-2,-8.076451357003E-1));
#373=CARTESIAN_POINT('',(4.15E0,-9.871741121842E-2,-8.044036028713E-1));
#374=CARTESIAN_POINT('',(4.15E0,-1.066048752113E-1,-8.004598708746E-1));
#376=CARTESIAN_POINT('',(4.15E0,-4.680611334602E-2,-7.267774261352E-1));
#377=CARTESIAN_POINT('',(4.15E0,-4.680611334602E-2,-7.213649502562E-1));
#378=CARTESIAN_POINT('',(4.15E0,-4.680611334602E-2,-7.159524743772E-1));
#379=CARTESIAN_POINT('',(4.15E0,-4.680611334602E-2,-7.105399984982E-1));
#381=CARTESIAN_POINT('',(4.15E0,-1.066048752113E-1,-7.831990759493E-1));
#382=CARTESIAN_POINT('',(4.15E0,-9.876109043085E-2,-7.888466009912E-1));
#383=CARTESIAN_POINT('',(4.15E0,-8.323917338930E-2,-7.973904623203E-1));
#384=CARTESIAN_POINT('',(4.15E0,-5.488052380085E-2,-7.846185567741E-1));
#385=CARTESIAN_POINT('',(4.15E0,-6.501172085413E-2,-7.662567988908E-1));
#386=CARTESIAN_POINT('',(4.15E0,-8.278343238604E-2,-7.621810328679E-1));
#387=CARTESIAN_POINT('',(4.15E0,-1.021495768924E-1,-7.534122133001E-1));
#388=CARTESIAN_POINT('',(4.15E0,-1.092707397667E-1,-7.316492227060E-1));
#389=CARTESIAN_POINT('',(4.15E0,-9.664738676798E-2,-7.095882830830E-1));
#390=CARTESIAN_POINT('',(4.15E0,-7.065611854367E-2,-7.047826343403E-1));
#391=CARTESIAN_POINT('',(4.15E0,-5.388762035856E-2,-7.076240838456E-1));
#392=CARTESIAN_POINT('',(4.15E0,-4.680611334602E-2,-7.105399984982E-1));
#394=CARTESIAN_POINT('',(4.15E0,1.231922545371E-2,-7.879747899603E-1));
#395=CARTESIAN_POINT('',(4.15E0,1.156581551130E-2,-7.853595180020E-1));
#396=CARTESIAN_POINT('',(4.15E0,1.081240556888E-2,-7.827442460436E-1));
#397=CARTESIAN_POINT('',(4.15E0,1.005899562647E-2,-7.801289740853E-1));
#399=CARTESIAN_POINT('',(4.15E0,1.005899562647E-2,-7.801289740853E-1));
#400=CARTESIAN_POINT('',(4.15E0,1.758349845707E-3,-7.562504040307E-1));
#401=CARTESIAN_POINT('',(4.15E0,-6.542295935057E-3,-7.323718339761E-1));
#402=CARTESIAN_POINT('',(4.15E0,-1.484294171582E-2,-7.084932639216E-1));
#404=CARTESIAN_POINT('',(4.15E0,-1.484294171582E-2,-7.084932639216E-1));
#405=CARTESIAN_POINT('',(4.15E0,-2.107411142525E-2,-7.084932639216E-1));
#406=CARTESIAN_POINT('',(4.15E0,-2.730528113469E-2,-7.084932639216E-1));
#407=CARTESIAN_POINT('',(4.15E0,-3.353645084412E-2,-7.084932639216E-1));
#409=CARTESIAN_POINT('',(4.15E0,-3.353645084412E-2,-7.084932639216E-1));
#410=CARTESIAN_POINT('',(4.15E0,-2.107411142526E-2,-7.401949083557E-1));
#411=CARTESIAN_POINT('',(4.15E0,-8.611772006393E-3,-7.718965527899E-1));
#412=CARTESIAN_POINT('',(4.15E0,3.850567412470E-3,-8.035981972241E-1));
#414=CARTESIAN_POINT('',(4.15E0,3.850567412470E-3,-8.035981972241E-1));
#415=CARTESIAN_POINT('',(4.15E0,1.405856668693E-3,-8.093745370280E-1));
#416=CARTESIAN_POINT('',(4.15E0,-1.038854075083E-3,-8.151508768318E-1));
#417=CARTESIAN_POINT('',(4.15E0,-3.483564818860E-3,-8.209272166357E-1));
#419=CARTESIAN_POINT('',(4.15E0,-3.009111430761E-2,-8.324571547471E-1));
#420=CARTESIAN_POINT('',(4.15E0,-2.709289300009E-2,-8.336439506815E-1));
#421=CARTESIAN_POINT('',(4.15E0,-1.649126309747E-2,-8.366815251203E-1));
#422=CARTESIAN_POINT('',(4.15E0,-6.296017824907E-3,-8.276162940564E-1));
#423=CARTESIAN_POINT('',(4.15E0,-3.483564818860E-3,-8.209272166357E-1));
#425=CARTESIAN_POINT('',(4.15E0,-3.009111430761E-2,-8.324571547471E-1));
#426=CARTESIAN_POINT('',(4.15E0,-3.009111430761E-2,-8.374148007206E-1));
#427=CARTESIAN_POINT('',(4.15E0,-3.009111430761E-2,-8.423724466942E-1));
#428=CARTESIAN_POINT('',(4.15E0,-3.009111430761E-2,-8.473300926678E-1));
#430=CARTESIAN_POINT('',(4.15E0,1.469826066618E-2,-8.181982372005E-1));
#431=CARTESIAN_POINT('',(4.15E0,9.092346726578E-3,-8.323555452853E-1));
#432=CARTESIAN_POINT('',(4.15E0,-7.324940525048E-3,-8.513260495183E-1));
#433=CARTESIAN_POINT('',(4.15E0,-2.662093583133E-2,-8.483671574991E-1));
#434=CARTESIAN_POINT('',(4.15E0,-3.009111430761E-2,-8.473300926678E-1));
#436=CARTESIAN_POINT('',(4.15E0,1.469826066618E-2,-8.181982372005E-1));
#437=CARTESIAN_POINT('',(4.15E0,2.911636867995E-2,-7.816299127742E-1));
#438=CARTESIAN_POINT('',(4.15E0,4.353447669371E-2,-7.450615883479E-1));
#439=CARTESIAN_POINT('',(4.15E0,5.795258470748E-2,-7.084932639216E-1));
#441=CARTESIAN_POINT('',(4.15E0,5.795258470748E-2,-7.084932639216E-1));
#442=CARTESIAN_POINT('',(4.15E0,5.217624490407E-2,-7.084932639216E-1));
#443=CARTESIAN_POINT('',(4.15E0,4.639990510066E-2,-7.084932639216E-1));
#444=CARTESIAN_POINT('',(4.15E0,4.062356529725E-2,-7.084932639216E-1));
#446=CARTESIAN_POINT('',(4.15E0,4.062356529725E-2,-7.084932639216E-1));
#447=CARTESIAN_POINT('',(4.15E0,3.194768484389E-2,-7.324173169667E-1));
#448=CARTESIAN_POINT('',(4.15E0,2.327180439053E-2,-7.563413700118E-1));
#449=CARTESIAN_POINT('',(4.15E0,1.459592393717E-2,-7.802654230570E-1));
#451=CARTESIAN_POINT('',(4.15E0,1.231922545371E-2,-7.879747899603E-1));
#452=CARTESIAN_POINT('',(4.15E0,1.282524287333E-2,-7.853434993734E-1));
#453=CARTESIAN_POINT('',(4.15E0,1.381159475987E-2,-7.828275650365E-1));
#454=CARTESIAN_POINT('',(4.15E0,1.459592393717E-2,-7.802654230570E-1));
#456=DIRECTION('',(0.E0,0.E0,1.E0));
#457=VECTOR('',#456,1.521406034953E-2);
#458=CARTESIAN_POINT('',(4.15E0,1.477360081131E-1,-8.038028706821E-1));
#459=LINE('',#458,#457);
#460=DIRECTION('',(0.E0,-1.E0,0.E0));
#461=VECTOR('',#460,5.454547645331E-2);
#462=CARTESIAN_POINT('',(4.15E0,1.477360081131E-1,-7.885888103326E-1));
#463=LINE('',#462,#461);
#464=DIRECTION('',(0.E0,0.E0,1.E0));
#465=VECTOR('',#464,4.489171170189E-2);
#466=CARTESIAN_POINT('',(4.15E0,9.319053165978E-2,-7.885888103326E-1));
#467=LINE('',#466,#465);
#468=DIRECTION('',(0.E0,1.E0,0.E0));
#469=VECTOR('',#468,4.772302786569E-2);
#470=CARTESIAN_POINT('',(4.15E0,9.319053165978E-2,-7.436970986307E-1));
#471=LINE('',#470,#469);
#472=DIRECTION('',(0.E0,0.E0,1.E0));
#473=VECTOR('',#472,1.528228483494E-2);
#474=CARTESIAN_POINT('',(4.15E0,1.409135595255E-1,-7.436970986307E-1));
#475=LINE('',#474,#473);
#476=DIRECTION('',(0.E0,-1.E0,0.E0));
#477=VECTOR('',#476,4.772302786569E-2);
#478=CARTESIAN_POINT('',(4.15E0,1.409135595255E-1,-7.284148137958E-1));
#479=LINE('',#478,#477);
#480=DIRECTION('',(0.E0,0.E0,1.E0));
#481=VECTOR('',#480,4.270852815534E-2);
#482=CARTESIAN_POINT('',(4.15E0,9.319053165978E-2,-7.284148137958E-1));
#483=LINE('',#482,#481);
#484=DIRECTION('',(0.E0,1.E0,0.E0));
#485=VECTOR('',#484,5.150948683149E-2);
#486=CARTESIAN_POINT('',(4.15E0,9.319053165978E-2,-6.857062856404E-1));
#487=LINE('',#486,#485);
#488=DIRECTION('',(0.E0,0.E0,1.E0));
#489=VECTOR('',#488,1.535050932034E-2);
#490=CARTESIAN_POINT('',(4.15E0,1.447000184913E-1,-6.857062856404E-1));
#491=LINE('',#490,#489);
#492=DIRECTION('',(0.E0,-1.E0,0.E0));
#493=VECTOR('',#492,6.873616951362E-2);
#494=CARTESIAN_POINT('',(4.15E0,1.447000184913E-1,-6.703557763201E-1));
#495=LINE('',#494,#493);
#496=DIRECTION('',(0.E0,0.E0,-1.E0));
#497=VECTOR('',#496,1.334470943621E-1);
#498=CARTESIAN_POINT('',(4.15E0,7.596384897765E-2,-6.703557763201E-1));
#499=LINE('',#498,#497);
#500=DIRECTION('',(0.E0,1.E0,0.E0));
#501=VECTOR('',#500,7.177215913544E-2);
#502=CARTESIAN_POINT('',(4.15E0,7.596384897765E-2,-8.038028706821E-1));
#503=LINE('',#502,#501);
#504=CARTESIAN_POINT('',(4.15E0,1.901716383236E-1,-6.857062856404E-1));
#505=CARTESIAN_POINT('',(4.15E0,1.968917501818E-1,-6.857062856404E-1));
#506=CARTESIAN_POINT('',(4.15E0,2.036118620400E-1,-6.857062856404E-1));
#507=CARTESIAN_POINT('',(4.15E0,2.103319738981E-1,-6.857062856404E-1));
#509=CARTESIAN_POINT('',(4.15E0,2.095473923110E-1,-7.885888103326E-1));
#510=CARTESIAN_POINT('',(4.15E0,2.235617315337E-1,-7.885888103325E-1));
#511=CARTESIAN_POINT('',(4.15E0,2.545067127880E-1,-7.800985557546E-1));
#512=CARTESIAN_POINT('',(4.15E0,2.680656089976E-1,-7.362233003646E-1));
#513=CARTESIAN_POINT('',(4.15E0,2.540323654132E-1,-6.928238305725E-1));
#514=CARTESIAN_POINT('',(4.15E0,2.238342998434E-1,-6.857062856404E-1));
#515=CARTESIAN_POINT('',(4.15E0,2.103319738981E-1,-6.857062856404E-1));
#517=CARTESIAN_POINT('',(4.15E0,2.095473923110E-1,-7.885888103326E-1));
#518=CARTESIAN_POINT('',(4.15E0,2.030888076487E-1,-7.885888103326E-1));
#519=CARTESIAN_POINT('',(4.15E0,1.966302229864E-1,-7.885888103326E-1));
#520=CARTESIAN_POINT('',(4.15E0,1.901716383241E-1,-7.885888103326E-1));
#522=CARTESIAN_POINT('',(4.15E0,1.901716383241E-1,-7.885888103326E-1));
#523=CARTESIAN_POINT('',(4.15E0,1.901716383239E-1,-7.542946354352E-1));
#524=CARTESIAN_POINT('',(4.15E0,1.901716383238E-1,-7.200004605378E-1));
#525=CARTESIAN_POINT('',(4.15E0,1.901716383236E-1,-6.857062856404E-1));
#527=CARTESIAN_POINT('',(4.15E0,1.729449556424E-1,-8.038028706821E-1));
#528=CARTESIAN_POINT('',(4.15E0,1.851798801086E-1,-8.038028706821E-1));
#529=CARTESIAN_POINT('',(4.15E0,1.974148045747E-1,-8.038028706821E-1));
#530=CARTESIAN_POINT('',(4.15E0,2.096497290409E-1,-8.038028706821E-1));
#532=CARTESIAN_POINT('',(4.15E0,2.110142187571E-1,-6.703557763201E-1));
#533=CARTESIAN_POINT('',(4.15E0,2.288331816691E-1,-6.703557763200E-1));
#534=CARTESIAN_POINT('',(4.15E0,2.668456720875E-1,-6.812165642156E-1));
#535=CARTESIAN_POINT('',(4.15E0,2.887499976380E-1,-7.360567163471E-1));
#536=CARTESIAN_POINT('',(4.15E0,2.672908641434E-1,-7.919681467301E-1));
#537=CARTESIAN_POINT('',(4.15E0,2.280115149826E-1,-8.038028706821E-1));
#538=CARTESIAN_POINT('',(4.15E0,2.096497290409E-1,-8.038028706821E-1));
#540=CARTESIAN_POINT('',(4.15E0,2.110142187571E-1,-6.703557763201E-1));
#541=CARTESIAN_POINT('',(4.15E0,1.983244643854E-1,-6.703557763201E-1));
#542=CARTESIAN_POINT('',(4.15E0,1.856347100137E-1,-6.703557763201E-1));
#543=CARTESIAN_POINT('',(4.15E0,1.729449556420E-1,-6.703557763201E-1));
#545=CARTESIAN_POINT('',(4.15E0,1.729449556420E-1,-6.703557763201E-1));
#546=CARTESIAN_POINT('',(4.15E0,1.729449556421E-1,-7.148381411074E-1));
#547=CARTESIAN_POINT('',(4.15E0,1.729449556423E-1,-7.593205058948E-1));
#548=CARTESIAN_POINT('',(4.15E0,1.729449556424E-1,-8.038028706821E-1));
#550=CARTESIAN_POINT('',(4.15E0,3.509426392766E-1,-6.967586523512E-1));
#551=CARTESIAN_POINT('',(4.15E0,3.498780547213E-1,-6.937329909810E-1));
#552=CARTESIAN_POINT('',(4.15E0,3.491909414021E-1,-6.905744177611E-1));
#553=CARTESIAN_POINT('',(4.15E0,3.486557457150E-1,-6.874118977882E-1));
#555=CARTESIAN_POINT('',(4.15E0,3.509426392766E-1,-6.967586523512E-1));
#556=CARTESIAN_POINT('',(4.15E0,3.576627511352E-1,-7.152474880220E-1));
#557=CARTESIAN_POINT('',(4.15E0,3.643828629939E-1,-7.337363236927E-1));
#558=CARTESIAN_POINT('',(4.15E0,3.711029748525E-1,-7.522251593634E-1));
#560=CARTESIAN_POINT('',(4.15E0,3.711029748525E-1,-7.522251593634E-1));
#561=CARTESIAN_POINT('',(4.15E0,3.561731831945E-1,-7.522251593634E-1));
#562=CARTESIAN_POINT('',(4.15E0,3.412433915366E-1,-7.522251593634E-1));
#563=CARTESIAN_POINT('',(4.15E0,3.263135998787E-1,-7.522251593634E-1));
#565=CARTESIAN_POINT('',(4.15E0,3.263135998787E-1,-7.522251593634E-1));
#566=CARTESIAN_POINT('',(4.15E0,3.329654872505E-1,-7.337363236927E-1));
#567=CARTESIAN_POINT('',(4.15E0,3.396173746224E-1,-7.152474880220E-1));
#568=CARTESIAN_POINT('',(4.15E0,3.462692619942E-1,-6.967586523512E-1));
#570=CARTESIAN_POINT('',(4.15E0,3.486557457150E-1,-6.874118977882E-1));
#571=CARTESIAN_POINT('',(4.15E0,3.481445737344E-1,-6.905865448249E-1));
#572=CARTESIAN_POINT('',(4.15E0,3.473983125455E-1,-6.937478508875E-1));
#573=CARTESIAN_POINT('',(4.15E0,3.462692619942E-1,-6.967586523512E-1));
#575=DIRECTION('',(0.E0,-3.559357243710E-1,9.345104387413E-1));
#576=VECTOR('',#575,1.427989338908E-1);
#577=CARTESIAN_POINT('',(4.15E0,4.090699012400E-1,-8.038028706821E-1));
#578=LINE('',#577,#576);
#579=DIRECTION('',(0.E0,-1.E0,0.E0));
#580=VECTOR('',#579,1.842061118487E-2);
#581=CARTESIAN_POINT('',(4.15E0,3.582426592662E-1,-6.703557763201E-1));
#582=LINE('',#581,#580);
#583=DIRECTION('',(0.E0,-3.559357243682E-1,-9.345104387424E-1));
#584=VECTOR('',#583,1.427989338906E-1);
#585=CARTESIAN_POINT('',(4.15E0,3.398220480813E-1,-6.703557763201E-1));
#586=LINE('',#585,#584);
#587=DIRECTION('',(0.E0,1.E0,0.E0));
#588=VECTOR('',#587,1.903463155713E-2);
#589=CARTESIAN_POINT('',(4.15E0,2.889948061079E-1,-8.038028706821E-1));
#590=LINE('',#589,#588);
#591=DIRECTION('',(0.E0,3.315284183928E-1,9.434452330676E-1));
#592=VECTOR('',#591,3.868809620481E-2);
#593=CARTESIAN_POINT('',(4.15E0,3.080294376651E-1,-8.038028706821E-1));
#594=LINE('',#593,#592);
#595=DIRECTION('',(0.E0,1.E0,0.E0));
#596=VECTOR('',#595,5.556884374118E-2);
#597=CARTESIAN_POINT('',(4.15E0,3.208556410105E-1,-7.673027707412E-1));
#598=LINE('',#597,#596);
#599=DIRECTION('',(0.E0,3.493954794714E-1,-9.369753459536E-1));
#600=VECTOR('',#599,3.895524049647E-2);
#601=CARTESIAN_POINT('',(4.15E0,3.764244847517E-1,-7.673027707412E-1));
#602=LINE('',#601,#600);
#603=DIRECTION('',(0.E0,1.E0,0.E0));
#604=VECTOR('',#603,1.903463155713E-2);
#605=CARTESIAN_POINT('',(4.15E0,3.900352696829E-1,-8.038028706821E-1));
#606=LINE('',#605,#604);
#607=CARTESIAN_POINT('',(4.15E0,-4.968294752638E-1,-5.471422222797E-1));
#608=CARTESIAN_POINT('',(4.15E0,-5.072480222291E-1,-5.187279638691E-1));
#609=CARTESIAN_POINT('',(4.15E0,-5.521717856593E-1,-4.529370200232E-1));
#610=CARTESIAN_POINT('',(4.15E0,-6.707926426045E-1,-4.073752354704E-1));
#611=CARTESIAN_POINT('',(4.15E0,-7.787726499874E-1,-4.425366310269E-1));
#612=CARTESIAN_POINT('',(4.15E0,-8.207485264447E-1,-4.859673099557E-1));
#613=CARTESIAN_POINT('',(4.15E0,-8.327029699621E-1,-5.016000512066E-1));
#615=CARTESIAN_POINT('',(4.15E0,-8.327029699621E-1,-5.016000512066E-1));
#616=CARTESIAN_POINT('',(4.15E0,-8.399481295531E-1,-5.006944019399E-1));
#617=CARTESIAN_POINT('',(4.15E0,-8.864121742650E-1,-4.954856718783E-1));
#618=CARTESIAN_POINT('',(4.15E0,-9.755624640668E-1,-5.337209786603E-1));
#619=CARTESIAN_POINT('',(4.15E0,-1.023595945282E0,-6.512090099278E-1));
#620=CARTESIAN_POINT('',(4.15E0,-9.820930062926E-1,-7.591639352036E-1));
#621=CARTESIAN_POINT('',(4.15E0,-9.210470992302E-1,-7.949951886768E-1));
#622=CARTESIAN_POINT('',(4.15E0,-8.924770870276E-1,-8.023680893809E-1));
#624=CARTESIAN_POINT('',(4.15E0,-8.924770870276E-1,-8.023680893809E-1));
#625=CARTESIAN_POINT('',(4.15E0,-8.810566915424E-1,-8.375077626412E-1));
#626=CARTESIAN_POINT('',(4.15E0,-7.932390653184E-1,-9.053307176338E-1));
#627=CARTESIAN_POINT('',(4.15E0,-7.057760962895E-1,-8.134345720085E-1));
#628=CARTESIAN_POINT('',(4.15E0,-7.074620153457E-1,-7.656813346800E-1));
#629=CARTESIAN_POINT('',(4.15E0,-7.074620153457E-1,-7.625186840366E-1));
#631=CARTESIAN_POINT('',(4.15E0,-7.074620153457E-1,-7.625186840366E-1));
#632=CARTESIAN_POINT('',(4.15E0,-6.631849063396E-1,-7.391150704829E-1));
#633=CARTESIAN_POINT('',(4.15E0,-6.189077973335E-1,-7.157114569291E-1));
#634=CARTESIAN_POINT('',(4.15E0,-5.746306883274E-1,-6.923078433754E-1));
#636=CARTESIAN_POINT('',(4.15E0,-5.746306883274E-1,-6.923078433754E-1));
#637=CARTESIAN_POINT('',(4.15E0,-5.844349004960E-1,-6.755457913466E-1));
#638=CARTESIAN_POINT('',(4.15E0,-5.942391126645E-1,-6.587837393178E-1));
#639=CARTESIAN_POINT('',(4.15E0,-6.040433248331E-1,-6.420216872891E-1));
#641=CARTESIAN_POINT('',(4.15E0,-6.040433248331E-1,-6.420216872891E-1));
#642=CARTESIAN_POINT('',(4.15E0,-6.464228422466E-1,-6.641602417919E-1));
#643=CARTESIAN_POINT('',(4.15E0,-6.888023596601E-1,-6.862987962947E-1));
#644=CARTESIAN_POINT('',(4.15E0,-7.311818770735E-1,-7.084373507975E-1));
#646=CARTESIAN_POINT('',(4.15E0,-7.311818770735E-1,-7.084373507975E-1));
#647=CARTESIAN_POINT('',(4.15E0,-7.481307069621E-1,-6.886637039548E-1));
#648=CARTESIAN_POINT('',(4.15E0,-8.126780898599E-1,-6.572418969979E-1));
#649=CARTESIAN_POINT('',(4.15E0,-8.789704937715E-1,-7.047134162799E-1));
#650=CARTESIAN_POINT('',(4.15E0,-8.915282610696E-1,-7.387988042117E-1));
#652=CARTESIAN_POINT('',(4.15E0,-8.915282610696E-1,-7.387988042117E-1));
#653=CARTESIAN_POINT('',(4.15E0,-9.231210093866E-1,-7.243564015381E-1));
#654=CARTESIAN_POINT('',(4.15E0,-9.838496347813E-1,-6.407261937046E-1));
#655=CARTESIAN_POINT('',(4.15E0,-8.807812420734E-1,-5.404877532403E-1));
#656=CARTESIAN_POINT('',(4.15E0,-8.182282152944E-1,-5.618993116526E-1));
#657=CARTESIAN_POINT('',(4.15E0,-8.032903153607E-1,-5.708620478151E-1));
#659=CARTESIAN_POINT('',(4.15E0,-8.032903153607E-1,-5.708620478151E-1));
#660=CARTESIAN_POINT('',(4.15E0,-7.865402085777E-1,-5.214932996442E-1));
#661=CARTESIAN_POINT('',(4.15E0,-6.686806561196E-1,-4.298453197537E-1));
#662=CARTESIAN_POINT('',(4.15E0,-5.500603070300E-1,-5.394033905595E-1));
#663=CARTESIAN_POINT('',(4.15E0,-5.433204541977E-1,-5.983771590824E-1));
#665=CARTESIAN_POINT('',(4.15E0,-5.433204541977E-1,-5.983771590824E-1));
#666=CARTESIAN_POINT('',(4.15E0,-5.407903360960E-1,-5.983771590824E-1));
#667=CARTESIAN_POINT('',(4.15E0,-5.035147024361E-1,-5.970274322204E-1));
#668=CARTESIAN_POINT('',(4.15E0,-4.248674492542E-1,-6.702064990585E-1));
#669=CARTESIAN_POINT('',(4.15E0,-4.965550534953E-1,-7.439392786711E-1));
#670=CARTESIAN_POINT('',(4.15E0,-5.300373432119E-1,-7.463891947106E-1));
#672=CARTESIAN_POINT('',(4.15E0,-5.300373432119E-1,-7.463891947106E-1));
#673=CARTESIAN_POINT('',(4.15E0,-5.442692711067E-1,-7.463891947106E-1));
#674=CARTESIAN_POINT('',(4.15E0,-5.585011990015E-1,-7.463891947106E-1));
#675=CARTESIAN_POINT('',(4.15E0,-5.727331268963E-1,-7.463891947106E-1));
#677=CARTESIAN_POINT('',(4.15E0,-5.727331268963E-1,-7.463891947106E-1));
#678=CARTESIAN_POINT('',(4.15E0,-5.746568866258E-1,-7.463891947106E-1));
#679=CARTESIAN_POINT('',(4.15E0,-5.899787536429E-1,-7.410393377051E-1));
#680=CARTESIAN_POINT('',(4.15E0,-6.227301186418E-1,-7.753733874795E-1));
#681=CARTESIAN_POINT('',(4.15E0,-5.937227433235E-1,-8.034282448381E-1));
#682=CARTESIAN_POINT('',(4.15E0,-5.803234450081E-1,-8.042656870063E-1));
#684=CARTESIAN_POINT('',(4.15E0,-5.803234450081E-1,-8.042656870063E-1));
#685=CARTESIAN_POINT('',(4.15E0,-5.635613990116E-1,-8.042656870063E-1));
#686=CARTESIAN_POINT('',(4.15E0,-5.467993530151E-1,-8.042656870063E-1));
#687=CARTESIAN_POINT('',(4.15E0,-5.300373070185E-1,-8.042656870063E-1));
#689=CARTESIAN_POINT('',(4.15E0,-5.300373070185E-1,-8.042656870063E-1));
#690=CARTESIAN_POINT('',(4.15E0,-5.290885142385E-1,-8.042656870063E-1));
#691=CARTESIAN_POINT('',(4.15E0,-5.281397214585E-1,-8.042656870063E-1));
#692=CARTESIAN_POINT('',(4.15E0,-5.271909286784E-1,-8.042656870063E-1));
#694=CARTESIAN_POINT('',(4.15E0,-5.271909286784E-1,-8.042656870063E-1));
#695=CARTESIAN_POINT('',(4.15E0,-5.262421358982E-1,-8.042656870063E-1));
#696=CARTESIAN_POINT('',(4.15E0,-5.252933431180E-1,-8.042656870063E-1));
#697=CARTESIAN_POINT('',(4.15E0,-5.243445503379E-1,-8.042656870063E-1));
#699=CARTESIAN_POINT('',(4.15E0,-5.243445503379E-1,-8.042656870063E-1));
#700=CARTESIAN_POINT('',(4.15E0,-4.923551054324E-1,-8.015237415591E-1));
#701=CARTESIAN_POINT('',(4.15E0,-4.289311822096E-1,-7.698317177484E-1));
#702=CARTESIAN_POINT('',(4.15E0,-3.792048384987E-1,-6.521037446305E-1));
#703=CARTESIAN_POINT('',(4.15E0,-4.473089198061E-1,-5.627802941693E-1));
#704=CARTESIAN_POINT('',(4.15E0,-4.968294752638E-1,-5.471422222797E-1));
#706=DIRECTION('',(1.E0,0.E0,0.E0));
#707=VECTOR('',#706,2.6E-1);
#708=CARTESIAN_POINT('',(2.37E0,1.55E0,-1.025E0));
#709=LINE('',#708,#707);
#710=DIRECTION('',(0.E0,0.E0,-1.E0));
#711=VECTOR('',#710,3.5E-1);
#712=CARTESIAN_POINT('',(2.37E0,1.55E0,-1.025E0));
#713=LINE('',#712,#711);
#714=DIRECTION('',(1.E0,0.E0,0.E0));
#715=VECTOR('',#714,2.6E-1);
#716=CARTESIAN_POINT('',(1.37E0,1.55E0,-1.025E0));
#717=LINE('',#716,#715);
#718=DIRECTION('',(0.E0,0.E0,-1.E0));
#719=VECTOR('',#718,3.5E-1);
#720=CARTESIAN_POINT('',(1.37E0,1.55E0,-1.025E0));
#721=LINE('',#720,#719);
#722=DIRECTION('',(1.E0,0.E0,0.E0));
#723=VECTOR('',#722,2.6E-1);
#724=CARTESIAN_POINT('',(3.7E-1,1.55E0,-1.025E0));
#725=LINE('',#724,#723);
#726=DIRECTION('',(0.E0,0.E0,-1.E0));
#727=VECTOR('',#726,3.5E-1);
#728=CARTESIAN_POINT('',(3.7E-1,1.55E0,-1.025E0));
#729=LINE('',#728,#727);
#730=DIRECTION('',(1.E0,0.E0,0.E0));
#731=VECTOR('',#730,2.6E-1);
#732=CARTESIAN_POINT('',(-6.3E-1,1.55E0,-1.025E0));
#733=LINE('',#732,#731);
#734=DIRECTION('',(0.E0,0.E0,-1.E0));
#735=VECTOR('',#734,3.5E-1);
#736=CARTESIAN_POINT('',(-6.3E-1,1.55E0,-1.025E0));
#737=LINE('',#736,#735);
#738=DIRECTION('',(1.E0,0.E0,0.E0));
#739=VECTOR('',#738,2.6E-1);
#740=CARTESIAN_POINT('',(-1.63E0,1.55E0,-1.025E0));
#741=LINE('',#740,#739);
#742=DIRECTION('',(0.E0,0.E0,-1.E0));
#743=VECTOR('',#742,3.5E-1);
#744=CARTESIAN_POINT('',(-1.63E0,1.55E0,-1.025E0));
#745=LINE('',#744,#743);
#746=DIRECTION('',(1.E0,0.E0,0.E0));
#747=VECTOR('',#746,2.6E-1);
#748=CARTESIAN_POINT('',(-2.63E0,1.55E0,-1.025E0));
#749=LINE('',#748,#747);
#750=DIRECTION('',(0.E0,0.E0,-1.E0));
#751=VECTOR('',#750,3.5E-1);
#752=CARTESIAN_POINT('',(-2.63E0,1.55E0,-1.025E0));
#753=LINE('',#752,#751);
#754=DIRECTION('',(-1.E0,0.E0,0.E0));
#755=VECTOR('',#754,2.6E-1);
#756=CARTESIAN_POINT('',(2.63E0,1.55E0,-4.25E-1));
#757=LINE('',#756,#755);
#758=DIRECTION('',(1.E0,0.E0,0.E0));
#759=VECTOR('',#758,8.3E-1);
#760=CARTESIAN_POINT('',(2.63E0,1.55E0,9.25E-1));
#761=LINE('',#760,#759);
#762=DIRECTION('',(-1.E0,0.E0,0.E0));
#763=VECTOR('',#762,3.E-1);
#764=CARTESIAN_POINT('',(3.76E0,1.55E0,9.25E-1));
#765=LINE('',#764,#763);
#766=DIRECTION('',(0.E0,0.E0,1.E0));
#767=VECTOR('',#766,6.E-1);
#768=CARTESIAN_POINT('',(3.76E0,1.55E0,3.25E-1));
#769=LINE('',#768,#767);
#770=DIRECTION('',(1.E0,0.E0,0.E0));
#771=VECTOR('',#770,3.E-1);
#772=CARTESIAN_POINT('',(3.46E0,1.55E0,3.25E-1));
#773=LINE('',#772,#771);
#774=DIRECTION('',(0.E0,0.E0,-1.E0));
#775=VECTOR('',#774,4.E-1);
#776=CARTESIAN_POINT('',(3.46E0,1.55E0,3.25E-1));
#777=LINE('',#776,#775);
#778=DIRECTION('',(-1.E0,0.E0,0.E0));
#779=VECTOR('',#778,3.E-1);
#780=CARTESIAN_POINT('',(3.76E0,1.55E0,-7.5E-2));
#781=LINE('',#780,#779);
#782=DIRECTION('',(0.E0,0.E0,1.E0));
#783=VECTOR('',#782,1.1E0);
#784=CARTESIAN_POINT('',(3.76E0,1.55E0,-1.175E0));
#785=LINE('',#784,#783);
#786=DIRECTION('',(0.E0,0.E0,1.E0));
#787=VECTOR('',#786,2.7E0);
#788=CARTESIAN_POINT('',(4.15E0,1.55E0,-1.175E0));
#789=LINE('',#788,#787);
#790=DIRECTION('',(0.E0,0.E0,-1.E0));
#791=VECTOR('',#790,2.7E0);
#792=CARTESIAN_POINT('',(-4.15E0,1.55E0,1.525E0));
#793=LINE('',#792,#791);
#794=DIRECTION('',(0.E0,0.E0,1.E0));
#795=VECTOR('',#794,1.1E0);
#796=CARTESIAN_POINT('',(-3.76E0,1.55E0,-1.175E0));
#797=LINE('',#796,#795);
#798=DIRECTION('',(1.E0,0.E0,0.E0));
#799=VECTOR('',#798,3.E-1);
#800=CARTESIAN_POINT('',(-3.76E0,1.55E0,-7.5E-2));
#801=LINE('',#800,#799);
#802=DIRECTION('',(-1.E0,0.E0,0.E0));
#803=VECTOR('',#802,3.E-1);
#804=CARTESIAN_POINT('',(-3.46E0,1.55E0,3.25E-1));
#805=LINE('',#804,#803);
#806=DIRECTION('',(0.E0,0.E0,1.E0));
#807=VECTOR('',#806,6.E-1);
#808=CARTESIAN_POINT('',(-3.76E0,1.55E0,3.25E-1));
#809=LINE('',#808,#807);
#810=DIRECTION('',(1.E0,0.E0,0.E0));
#811=VECTOR('',#810,3.E-1);
#812=CARTESIAN_POINT('',(-3.76E0,1.55E0,9.25E-1));
#813=LINE('',#812,#811);
#814=DIRECTION('',(1.E0,0.E0,0.E0));
#815=VECTOR('',#814,8.3E-1);
#816=CARTESIAN_POINT('',(-3.46E0,1.55E0,9.25E-1));
#817=LINE('',#816,#815);
#818=DIRECTION('',(0.E0,0.E0,-1.E0));
#819=VECTOR('',#818,1.35E0);
#820=CARTESIAN_POINT('',(-2.63E0,1.55E0,9.25E-1));
#821=LINE('',#820,#819);
#822=DIRECTION('',(-1.E0,0.E0,0.E0));
#823=VECTOR('',#822,2.6E-1);
#824=CARTESIAN_POINT('',(-2.37E0,1.55E0,-4.25E-1));
#825=LINE('',#824,#823);
#826=DIRECTION('',(1.E0,0.E0,0.E0));
#827=VECTOR('',#826,7.4E-1);
#828=CARTESIAN_POINT('',(-2.37E0,1.55E0,9.25E-1));
#829=LINE('',#828,#827);
#830=DIRECTION('',(0.E0,0.E0,-1.E0));
#831=VECTOR('',#830,1.35E0);
#832=CARTESIAN_POINT('',(-1.63E0,1.55E0,9.25E-1));
#833=LINE('',#832,#831);
#834=DIRECTION('',(-1.E0,0.E0,0.E0));
#835=VECTOR('',#834,2.6E-1);
#836=CARTESIAN_POINT('',(-1.37E0,1.55E0,-4.25E-1));
#837=LINE('',#836,#835);
#838=DIRECTION('',(1.E0,0.E0,0.E0));
#839=VECTOR('',#838,7.4E-1);
#840=CARTESIAN_POINT('',(-1.37E0,1.55E0,9.25E-1));
#841=LINE('',#840,#839);
#842=DIRECTION('',(0.E0,0.E0,-1.E0));
#843=VECTOR('',#842,1.35E0);
#844=CARTESIAN_POINT('',(-6.3E-1,1.55E0,9.25E-1));
#845=LINE('',#844,#843);
#846=DIRECTION('',(-1.E0,0.E0,0.E0));
#847=VECTOR('',#846,2.6E-1);
#848=CARTESIAN_POINT('',(-3.7E-1,1.55E0,-4.25E-1));
#849=LINE('',#848,#847);
#850=DIRECTION('',(1.E0,0.E0,0.E0));
#851=VECTOR('',#850,7.4E-1);
#852=CARTESIAN_POINT('',(-3.7E-1,1.55E0,9.25E-1));
#853=LINE('',#852,#851);
#854=DIRECTION('',(0.E0,0.E0,-1.E0));
#855=VECTOR('',#854,1.35E0);
#856=CARTESIAN_POINT('',(3.7E-1,1.55E0,9.25E-1));
#857=LINE('',#856,#855);
#858=DIRECTION('',(-1.E0,0.E0,0.E0));
#859=VECTOR('',#858,2.6E-1);
#860=CARTESIAN_POINT('',(6.3E-1,1.55E0,-4.25E-1));
#861=LINE('',#860,#859);
#862=DIRECTION('',(1.E0,0.E0,0.E0));
#863=VECTOR('',#862,7.4E-1);
#864=CARTESIAN_POINT('',(6.3E-1,1.55E0,9.25E-1));
#865=LINE('',#864,#863);
#866=DIRECTION('',(0.E0,0.E0,-1.E0));
#867=VECTOR('',#866,1.35E0);
#868=CARTESIAN_POINT('',(1.37E0,1.55E0,9.25E-1));
#869=LINE('',#868,#867);
#870=DIRECTION('',(-1.E0,0.E0,0.E0));
#871=VECTOR('',#870,2.6E-1);
#872=CARTESIAN_POINT('',(1.63E0,1.55E0,-4.25E-1));
#873=LINE('',#872,#871);
#874=DIRECTION('',(1.E0,0.E0,0.E0));
#875=VECTOR('',#874,7.4E-1);
#876=CARTESIAN_POINT('',(1.63E0,1.55E0,9.25E-1));
#877=LINE('',#876,#875);
#878=DIRECTION('',(0.E0,0.E0,-1.E0));
#879=VECTOR('',#878,1.35E0);
#880=CARTESIAN_POINT('',(2.37E0,1.55E0,9.25E-1));
#881=LINE('',#880,#879);
#882=DIRECTION('',(0.E0,0.E0,1.E0));
#883=VECTOR('',#882,4.480852174843E-1);
#884=CARTESIAN_POINT('',(-2.4E0,1.55E0,1.738147825157E-1));
#885=LINE('',#884,#883);
#886=DIRECTION('',(-1.E0,0.E0,0.E0));
#887=VECTOR('',#886,2.E-1);
#888=CARTESIAN_POINT('',(-2.4E0,1.55E0,1.738147825157E-1));
#889=LINE('',#888,#887);
#890=DIRECTION('',(0.E0,0.E0,1.E0));
#891=VECTOR('',#890,4.480852174843E-1);
#892=CARTESIAN_POINT('',(-2.6E0,1.55E0,1.738147825157E-1));
#893=LINE('',#892,#891);
#894=DIRECTION('',(-1.E0,0.E0,0.E0));
#895=VECTOR('',#894,2.E-1);
#896=CARTESIAN_POINT('',(-2.4E0,1.55E0,6.219E-1));
#897=LINE('',#896,#895);
#898=DIRECTION('',(0.E0,0.E0,1.E0));
#899=VECTOR('',#898,4.480852174843E-1);
#900=CARTESIAN_POINT('',(-1.4E0,1.55E0,1.738147825157E-1));
#901=LINE('',#900,#899);
#902=DIRECTION('',(-1.E0,0.E0,0.E0));
#903=VECTOR('',#902,2.E-1);
#904=CARTESIAN_POINT('',(-1.4E0,1.55E0,1.738147825157E-1));
#905=LINE('',#904,#903);
#906=DIRECTION('',(0.E0,0.E0,1.E0));
#907=VECTOR('',#906,4.480852174843E-1);
#908=CARTESIAN_POINT('',(-1.6E0,1.55E0,1.738147825157E-1));
#909=LINE('',#908,#907);
#910=DIRECTION('',(-1.E0,0.E0,0.E0));
#911=VECTOR('',#910,2.E-1);
#912=CARTESIAN_POINT('',(-1.4E0,1.55E0,6.219E-1));
#913=LINE('',#912,#911);
#914=DIRECTION('',(0.E0,0.E0,1.E0));
#915=VECTOR('',#914,4.480852174843E-1);
#916=CARTESIAN_POINT('',(-4.E-1,1.55E0,1.738147825157E-1));
#917=LINE('',#916,#915);
#918=DIRECTION('',(-1.E0,0.E0,0.E0));
#919=VECTOR('',#918,2.E-1);
#920=CARTESIAN_POINT('',(-4.E-1,1.55E0,1.738147825157E-1));
#921=LINE('',#920,#919);
#922=DIRECTION('',(0.E0,0.E0,1.E0));
#923=VECTOR('',#922,4.480852174843E-1);
#924=CARTESIAN_POINT('',(-6.E-1,1.55E0,1.738147825157E-1));
#925=LINE('',#924,#923);
#926=DIRECTION('',(-1.E0,0.E0,0.E0));
#927=VECTOR('',#926,2.E-1);
#928=CARTESIAN_POINT('',(-4.E-1,1.55E0,6.219E-1));
#929=LINE('',#928,#927);
#930=DIRECTION('',(0.E0,0.E0,1.E0));
#931=VECTOR('',#930,4.480852174843E-1);
#932=CARTESIAN_POINT('',(6.E-1,1.55E0,1.738147825157E-1));
#933=LINE('',#932,#931);
#934=DIRECTION('',(-1.E0,0.E0,0.E0));
#935=VECTOR('',#934,2.E-1);
#936=CARTESIAN_POINT('',(6.E-1,1.55E0,1.738147825157E-1));
#937=LINE('',#936,#935);
#938=DIRECTION('',(0.E0,0.E0,1.E0));
#939=VECTOR('',#938,4.480852174843E-1);
#940=CARTESIAN_POINT('',(4.E-1,1.55E0,1.738147825157E-1));
#941=LINE('',#940,#939);
#942=DIRECTION('',(-1.E0,0.E0,0.E0));
#943=VECTOR('',#942,2.E-1);
#944=CARTESIAN_POINT('',(6.E-1,1.55E0,6.219E-1));
#945=LINE('',#944,#943);
#946=DIRECTION('',(0.E0,0.E0,1.E0));
#947=VECTOR('',#946,4.480852174843E-1);
#948=CARTESIAN_POINT('',(1.6E0,1.55E0,1.738147825157E-1));
#949=LINE('',#948,#947);
#950=DIRECTION('',(-1.E0,0.E0,0.E0));
#951=VECTOR('',#950,2.E-1);
#952=CARTESIAN_POINT('',(1.6E0,1.55E0,1.738147825157E-1));
#953=LINE('',#952,#951);
#954=DIRECTION('',(0.E0,0.E0,1.E0));
#955=VECTOR('',#954,4.480852174843E-1);
#956=CARTESIAN_POINT('',(1.4E0,1.55E0,1.738147825157E-1));
#957=LINE('',#956,#955);
#958=DIRECTION('',(-1.E0,0.E0,0.E0));
#959=VECTOR('',#958,2.E-1);
#960=CARTESIAN_POINT('',(1.6E0,1.55E0,6.219E-1));
#961=LINE('',#960,#959);
#962=DIRECTION('',(0.E0,0.E0,1.E0));
#963=VECTOR('',#962,4.480852174843E-1);
#964=CARTESIAN_POINT('',(2.6E0,1.55E0,1.738147825157E-1));
#965=LINE('',#964,#963);
#966=DIRECTION('',(-1.E0,0.E0,0.E0));
#967=VECTOR('',#966,2.E-1);
#968=CARTESIAN_POINT('',(2.6E0,1.55E0,1.738147825157E-1));
#969=LINE('',#968,#967);
#970=DIRECTION('',(0.E0,0.E0,1.E0));
#971=VECTOR('',#970,4.480852174843E-1);
#972=CARTESIAN_POINT('',(2.4E0,1.55E0,1.738147825157E-1));
#973=LINE('',#972,#971);
#974=DIRECTION('',(-1.E0,0.E0,0.E0));
#975=VECTOR('',#974,2.E-1);
#976=CARTESIAN_POINT('',(2.6E0,1.55E0,6.219E-1));
#977=LINE('',#976,#975);
#978=DIRECTION('',(0.E0,1.E0,0.E0));
#979=VECTOR('',#978,7.E-1);
#980=CARTESIAN_POINT('',(2.37E0,8.5E-1,-1.025E0));
#981=LINE('',#980,#979);
#982=DIRECTION('',(-1.E0,0.E0,0.E0));
#983=VECTOR('',#982,6.6E0);
#984=CARTESIAN_POINT('',(3.3E0,-2.05E0,-1.025E0));
#985=LINE('',#984,#983);
#986=DIRECTION('',(0.E0,1.E0,0.E0));
#987=VECTOR('',#986,2.9E0);
#988=CARTESIAN_POINT('',(-3.3E0,-2.05E0,-1.025E0));
#989=LINE('',#988,#987);
#990=DIRECTION('',(0.E0,1.E0,0.E0));
#991=VECTOR('',#990,7.E-1);
#992=CARTESIAN_POINT('',(-2.63E0,8.5E-1,-1.025E0));
#993=LINE('',#992,#991);
#994=DIRECTION('',(0.E0,1.E0,0.E0));
#995=VECTOR('',#994,7.E-1);
#996=CARTESIAN_POINT('',(-1.63E0,8.5E-1,-1.025E0));
#997=LINE('',#996,#995);
#998=DIRECTION('',(0.E0,1.E0,0.E0));
#999=VECTOR('',#998,7.E-1);
#1000=CARTESIAN_POINT('',(-6.3E-1,8.5E-1,-1.025E0));
#1001=LINE('',#1000,#999);
#1002=DIRECTION('',(0.E0,1.E0,0.E0));
#1003=VECTOR('',#1002,7.E-1);
#1004=CARTESIAN_POINT('',(3.7E-1,8.5E-1,-1.025E0));
#1005=LINE('',#1004,#1003);
#1006=DIRECTION('',(0.E0,1.E0,0.E0));
#1007=VECTOR('',#1006,7.E-1);
#1008=CARTESIAN_POINT('',(1.37E0,8.5E-1,-1.025E0));
#1009=LINE('',#1008,#1007);
#1010=DIRECTION('',(0.E0,0.E0,1.E0));
#1011=VECTOR('',#1010,6.E-1);
#1012=CARTESIAN_POINT('',(2.63E0,8.5E-1,-1.025E0));
#1013=LINE('',#1012,#1011);
#1014=DIRECTION('',(-1.E0,0.E0,0.E0));
#1015=VECTOR('',#1014,2.6E-1);
#1016=CARTESIAN_POINT('',(2.63E0,8.5E-1,-4.25E-1));
#1017=LINE('',#1016,#1015);
#1018=DIRECTION('',(0.E0,0.E0,1.E0));
#1019=VECTOR('',#1018,6.E-1);
#1020=CARTESIAN_POINT('',(2.37E0,8.5E-1,-1.025E0));
#1021=LINE('',#1020,#1019);
#1022=DIRECTION('',(1.E0,0.E0,0.E0));
#1023=VECTOR('',#1022,7.4E-1);
#1024=CARTESIAN_POINT('',(1.63E0,8.5E-1,-1.025E0));
#1025=LINE('',#1024,#1023);
#1026=DIRECTION('',(0.E0,0.E0,1.E0));
#1027=VECTOR('',#1026,6.E-1);
#1028=CARTESIAN_POINT('',(1.63E0,8.5E-1,-1.025E0));
#1029=LINE('',#1028,#1027);
#1030=DIRECTION('',(-1.E0,0.E0,0.E0));
#1031=VECTOR('',#1030,2.6E-1);
#1032=CARTESIAN_POINT('',(1.63E0,8.5E-1,-4.25E-1));
#1033=LINE('',#1032,#1031);
#1034=DIRECTION('',(0.E0,0.E0,1.E0));
#1035=VECTOR('',#1034,6.E-1);
#1036=CARTESIAN_POINT('',(1.37E0,8.5E-1,-1.025E0));
#1037=LINE('',#1036,#1035);
#1038=DIRECTION('',(1.E0,0.E0,0.E0));
#1039=VECTOR('',#1038,7.4E-1);
#1040=CARTESIAN_POINT('',(6.3E-1,8.5E-1,-1.025E0));
#1041=LINE('',#1040,#1039);
#1042=DIRECTION('',(0.E0,0.E0,1.E0));
#1043=VECTOR('',#1042,6.E-1);
#1044=CARTESIAN_POINT('',(6.3E-1,8.5E-1,-1.025E0));
#1045=LINE('',#1044,#1043);
#1046=DIRECTION('',(-1.E0,0.E0,0.E0));
#1047=VECTOR('',#1046,2.6E-1);
#1048=CARTESIAN_POINT('',(6.3E-1,8.5E-1,-4.25E-1));
#1049=LINE('',#1048,#1047);
#1050=DIRECTION('',(0.E0,0.E0,1.E0));
#1051=VECTOR('',#1050,6.E-1);
#1052=CARTESIAN_POINT('',(3.7E-1,8.5E-1,-1.025E0));
#1053=LINE('',#1052,#1051);
#1054=DIRECTION('',(1.E0,0.E0,0.E0));
#1055=VECTOR('',#1054,7.4E-1);
#1056=CARTESIAN_POINT('',(-3.7E-1,8.5E-1,-1.025E0));
#1057=LINE('',#1056,#1055);
#1058=DIRECTION('',(0.E0,0.E0,1.E0));
#1059=VECTOR('',#1058,6.E-1);
#1060=CARTESIAN_POINT('',(-3.7E-1,8.5E-1,-1.025E0));
#1061=LINE('',#1060,#1059);
#1062=DIRECTION('',(-1.E0,0.E0,0.E0));
#1063=VECTOR('',#1062,2.6E-1);
#1064=CARTESIAN_POINT('',(-3.7E-1,8.5E-1,-4.25E-1));
#1065=LINE('',#1064,#1063);
#1066=DIRECTION('',(0.E0,0.E0,1.E0));
#1067=VECTOR('',#1066,6.E-1);
#1068=CARTESIAN_POINT('',(-6.3E-1,8.5E-1,-1.025E0));
#1069=LINE('',#1068,#1067);
#1070=DIRECTION('',(1.E0,0.E0,0.E0));
#1071=VECTOR('',#1070,7.4E-1);
#1072=CARTESIAN_POINT('',(-1.37E0,8.5E-1,-1.025E0));
#1073=LINE('',#1072,#1071);
#1074=DIRECTION('',(0.E0,0.E0,1.E0));
#1075=VECTOR('',#1074,6.E-1);
#1076=CARTESIAN_POINT('',(-1.37E0,8.5E-1,-1.025E0));
#1077=LINE('',#1076,#1075);
#1078=DIRECTION('',(-1.E0,0.E0,0.E0));
#1079=VECTOR('',#1078,2.6E-1);
#1080=CARTESIAN_POINT('',(-1.37E0,8.5E-1,-4.25E-1));
#1081=LINE('',#1080,#1079);
#1082=DIRECTION('',(0.E0,0.E0,1.E0));
#1083=VECTOR('',#1082,6.E-1);
#1084=CARTESIAN_POINT('',(-1.63E0,8.5E-1,-1.025E0));
#1085=LINE('',#1084,#1083);
#1086=DIRECTION('',(1.E0,0.E0,0.E0));
#1087=VECTOR('',#1086,7.4E-1);
#1088=CARTESIAN_POINT('',(-2.37E0,8.5E-1,-1.025E0));
#1089=LINE('',#1088,#1087);
#1090=DIRECTION('',(0.E0,0.E0,1.E0));
#1091=VECTOR('',#1090,6.E-1);
#1092=CARTESIAN_POINT('',(-2.37E0,8.5E-1,-1.025E0));
#1093=LINE('',#1092,#1091);
#1094=DIRECTION('',(-1.E0,0.E0,0.E0));
#1095=VECTOR('',#1094,2.6E-1);
#1096=CARTESIAN_POINT('',(-2.37E0,8.5E-1,-4.25E-1));
#1097=LINE('',#1096,#1095);
#1098=DIRECTION('',(0.E0,0.E0,1.E0));
#1099=VECTOR('',#1098,6.E-1);
#1100=CARTESIAN_POINT('',(-2.63E0,8.5E-1,-1.025E0));
#1101=LINE('',#1100,#1099);
#1102=DIRECTION('',(1.E0,0.E0,0.E0));
#1103=VECTOR('',#1102,6.7E-1);
#1104=CARTESIAN_POINT('',(-3.3E0,8.5E-1,-1.025E0));
#1105=LINE('',#1104,#1103);
#1106=DIRECTION('',(0.E0,0.E0,-1.E0));
#1107=VECTOR('',#1106,2.05E0);
#1108=CARTESIAN_POINT('',(-3.3E0,8.5E-1,1.025E0));
#1109=LINE('',#1108,#1107);
#1110=DIRECTION('',(-1.E0,0.E0,0.E0));
#1111=VECTOR('',#1110,6.6E0);
#1112=CARTESIAN_POINT('',(3.3E0,8.5E-1,1.025E0));
#1113=LINE('',#1112,#1111);
#1114=DIRECTION('',(0.E0,0.E0,1.E0));
#1115=VECTOR('',#1114,2.05E0);
#1116=CARTESIAN_POINT('',(3.3E0,8.5E-1,-1.025E0));
#1117=LINE('',#1116,#1115);
#1118=DIRECTION('',(1.E0,0.E0,0.E0));
#1119=VECTOR('',#1118,6.7E-1);
#1120=CARTESIAN_POINT('',(2.63E0,8.5E-1,-1.025E0));
#1121=LINE('',#1120,#1119);
#1122=DIRECTION('',(0.E0,0.E0,1.E0));
#1123=VECTOR('',#1122,4.156580941552E-1);
#1124=CARTESIAN_POINT('',(-2.4E0,8.5E-1,2.062419058448E-1));
#1125=LINE('',#1124,#1123);
#1126=DIRECTION('',(-1.E0,0.E0,0.E0));
#1127=VECTOR('',#1126,2.E-1);
#1128=CARTESIAN_POINT('',(-2.4E0,8.5E-1,6.219E-1));
#1129=LINE('',#1128,#1127);
#1130=DIRECTION('',(0.E0,0.E0,1.E0));
#1131=VECTOR('',#1130,4.156580941552E-1);
#1132=CARTESIAN_POINT('',(-2.6E0,8.5E-1,2.062419058448E-1));
#1133=LINE('',#1132,#1131);
#1134=DIRECTION('',(-1.E0,0.E0,0.E0));
#1135=VECTOR('',#1134,2.E-1);
#1136=CARTESIAN_POINT('',(-2.4E0,8.5E-1,2.062419058448E-1));
#1137=LINE('',#1136,#1135);
#1138=DIRECTION('',(0.E0,0.E0,1.E0));
#1139=VECTOR('',#1138,4.156580941552E-1);
#1140=CARTESIAN_POINT('',(-1.4E0,8.5E-1,2.062419058448E-1));
#1141=LINE('',#1140,#1139);
#1142=DIRECTION('',(-1.E0,0.E0,0.E0));
#1143=VECTOR('',#1142,2.E-1);
#1144=CARTESIAN_POINT('',(-1.4E0,8.5E-1,6.219E-1));
#1145=LINE('',#1144,#1143);
#1146=DIRECTION('',(0.E0,0.E0,1.E0));
#1147=VECTOR('',#1146,4.156580941552E-1);
#1148=CARTESIAN_POINT('',(-1.6E0,8.5E-1,2.062419058448E-1));
#1149=LINE('',#1148,#1147);
#1150=DIRECTION('',(-1.E0,0.E0,0.E0));
#1151=VECTOR('',#1150,2.E-1);
#1152=CARTESIAN_POINT('',(-1.4E0,8.5E-1,2.062419058448E-1));
#1153=LINE('',#1152,#1151);
#1154=DIRECTION('',(0.E0,0.E0,1.E0));
#1155=VECTOR('',#1154,4.156580941552E-1);
#1156=CARTESIAN_POINT('',(-4.E-1,8.5E-1,2.062419058448E-1));
#1157=LINE('',#1156,#1155);
#1158=DIRECTION('',(-1.E0,0.E0,0.E0));
#1159=VECTOR('',#1158,2.E-1);
#1160=CARTESIAN_POINT('',(-4.E-1,8.5E-1,6.219E-1));
#1161=LINE('',#1160,#1159);
#1162=DIRECTION('',(0.E0,0.E0,1.E0));
#1163=VECTOR('',#1162,4.156580941552E-1);
#1164=CARTESIAN_POINT('',(-6.E-1,8.5E-1,2.062419058448E-1));
#1165=LINE('',#1164,#1163);
#1166=DIRECTION('',(-1.E0,0.E0,0.E0));
#1167=VECTOR('',#1166,2.E-1);
#1168=CARTESIAN_POINT('',(-4.E-1,8.5E-1,2.062419058448E-1));
#1169=LINE('',#1168,#1167);
#1170=DIRECTION('',(0.E0,0.E0,1.E0));
#1171=VECTOR('',#1170,4.156580941552E-1);
#1172=CARTESIAN_POINT('',(6.E-1,8.5E-1,2.062419058448E-1));
#1173=LINE('',#1172,#1171);
#1174=DIRECTION('',(-1.E0,0.E0,0.E0));
#1175=VECTOR('',#1174,2.E-1);
#1176=CARTESIAN_POINT('',(6.E-1,8.5E-1,6.219E-1));
#1177=LINE('',#1176,#1175);
#1178=DIRECTION('',(0.E0,0.E0,1.E0));
#1179=VECTOR('',#1178,4.156580941552E-1);
#1180=CARTESIAN_POINT('',(4.E-1,8.5E-1,2.062419058448E-1));
#1181=LINE('',#1180,#1179);
#1182=DIRECTION('',(-1.E0,0.E0,0.E0));
#1183=VECTOR('',#1182,2.E-1);
#1184=CARTESIAN_POINT('',(6.E-1,8.5E-1,2.062419058448E-1));
#1185=LINE('',#1184,#1183);
#1186=DIRECTION('',(0.E0,0.E0,1.E0));
#1187=VECTOR('',#1186,4.156580941552E-1);
#1188=CARTESIAN_POINT('',(1.6E0,8.5E-1,2.062419058448E-1));
#1189=LINE('',#1188,#1187);
#1190=DIRECTION('',(-1.E0,0.E0,0.E0));
#1191=VECTOR('',#1190,2.E-1);
#1192=CARTESIAN_POINT('',(1.6E0,8.5E-1,6.219E-1));
#1193=LINE('',#1192,#1191);
#1194=DIRECTION('',(0.E0,0.E0,1.E0));
#1195=VECTOR('',#1194,4.156580941552E-1);
#1196=CARTESIAN_POINT('',(1.4E0,8.5E-1,2.062419058448E-1));
#1197=LINE('',#1196,#1195);
#1198=DIRECTION('',(-1.E0,0.E0,0.E0));
#1199=VECTOR('',#1198,2.E-1);
#1200=CARTESIAN_POINT('',(1.6E0,8.5E-1,2.062419058448E-1));
#1201=LINE('',#1200,#1199);
#1202=DIRECTION('',(0.E0,0.E0,1.E0));
#1203=VECTOR('',#1202,4.156580941552E-1);
#1204=CARTESIAN_POINT('',(2.6E0,8.5E-1,2.062419058448E-1));
#1205=LINE('',#1204,#1203);
#1206=DIRECTION('',(-1.E0,0.E0,0.E0));
#1207=VECTOR('',#1206,2.E-1);
#1208=CARTESIAN_POINT('',(2.6E0,8.5E-1,6.219E-1));
#1209=LINE('',#1208,#1207);
#1210=DIRECTION('',(0.E0,0.E0,1.E0));
#1211=VECTOR('',#1210,4.156580941552E-1);
#1212=CARTESIAN_POINT('',(2.4E0,8.5E-1,2.062419058448E-1));
#1213=LINE('',#1212,#1211);
#1214=DIRECTION('',(-1.E0,0.E0,0.E0));
#1215=VECTOR('',#1214,2.E-1);
#1216=CARTESIAN_POINT('',(2.6E0,8.5E-1,2.062419058448E-1));
#1217=LINE('',#1216,#1215);
#1218=DIRECTION('',(0.E0,0.E0,-1.E0));
#1219=VECTOR('',#1218,1.35E0);
#1220=CARTESIAN_POINT('',(2.63E0,1.55E0,9.25E-1));
#1221=LINE('',#1220,#1219);
#1222=DIRECTION('',(0.E0,1.E0,0.E0));
#1223=VECTOR('',#1222,7.E-1);
#1224=CARTESIAN_POINT('',(2.63E0,8.5E-1,-1.025E0));
#1225=LINE('',#1224,#1223);
#1226=DIRECTION('',(0.E0,0.E0,-1.E0));
#1227=VECTOR('',#1226,3.5E-1);
#1228=CARTESIAN_POINT('',(2.63E0,1.55E0,-1.025E0));
#1229=LINE('',#1228,#1227);
#1230=DIRECTION('',(0.E0,0.E0,1.E0));
#1231=VECTOR('',#1230,2.3E0);
#1232=CARTESIAN_POINT('',(2.63E0,1.95E0,-1.375E0));
#1233=LINE('',#1232,#1231);
#1234=DIRECTION('',(0.E0,1.E0,0.E0));
#1235=VECTOR('',#1234,7.E-1);
#1236=CARTESIAN_POINT('',(2.63E0,8.5E-1,-4.25E-1));
#1237=LINE('',#1236,#1235);
#1238=DIRECTION('',(0.E0,1.E0,0.E0));
#1239=VECTOR('',#1238,7.E-1);
#1240=CARTESIAN_POINT('',(2.37E0,8.5E-1,-4.25E-1));
#1241=LINE('',#1240,#1239);
#1242=DIRECTION('',(0.E0,0.E0,-1.E0));
#1243=VECTOR('',#1242,2.3E0);
#1244=CARTESIAN_POINT('',(2.37E0,1.95E0,9.25E-1));
#1245=LINE('',#1244,#1243);
#1246=DIRECTION('',(-7.071067811865E-1,7.071067811865E-1,0.E0));
#1247=VECTOR('',#1246,2.828427124746E-1);
#1248=CARTESIAN_POINT('',(-2.63E0,1.95E0,9.25E-1));
#1249=LINE('',#1248,#1247);
#1250=DIRECTION('',(0.E0,-1.E0,0.E0));
#1251=VECTOR('',#1250,4.E-1);
#1252=CARTESIAN_POINT('',(-2.63E0,1.95E0,9.25E-1));
#1253=LINE('',#1252,#1251);
#1254=DIRECTION('',(0.E0,-1.E0,0.E0));
#1255=VECTOR('',#1254,6.E-1);
#1256=CARTESIAN_POINT('',(-3.46E0,2.15E0,9.25E-1));
#1257=LINE('',#1256,#1255);
#1258=DIRECTION('',(-7.071067811865E-1,7.071067811865E-1,0.E0));
#1259=VECTOR('',#1258,2.828427124746E-1);
#1260=CARTESIAN_POINT('',(-1.63E0,1.95E0,9.25E-1));
#1261=LINE('',#1260,#1259);
#1262=DIRECTION('',(0.E0,-1.E0,0.E0));
#1263=VECTOR('',#1262,4.E-1);
#1264=CARTESIAN_POINT('',(-1.63E0,1.95E0,9.25E-1));
#1265=LINE('',#1264,#1263);
#1266=DIRECTION('',(0.E0,-1.E0,0.E0));
#1267=VECTOR('',#1266,4.E-1);
#1268=CARTESIAN_POINT('',(-2.37E0,1.95E0,9.25E-1));
#1269=LINE('',#1268,#1267);
#1270=DIRECTION('',(-7.071067811865E-1,-7.071067811865E-1,0.E0));
#1271=VECTOR('',#1270,2.828427124746E-1);
#1272=CARTESIAN_POINT('',(-2.17E0,2.15E0,9.25E-1));
#1273=LINE('',#1272,#1271);
#1274=DIRECTION('',(-7.071067811865E-1,7.071067811865E-1,0.E0));
#1275=VECTOR('',#1274,2.828427124746E-1);
#1276=CARTESIAN_POINT('',(-6.3E-1,1.95E0,9.25E-1));
#1277=LINE('',#1276,#1275);
#1278=DIRECTION('',(0.E0,-1.E0,0.E0));
#1279=VECTOR('',#1278,4.E-1);
#1280=CARTESIAN_POINT('',(-6.3E-1,1.95E0,9.25E-1));
#1281=LINE('',#1280,#1279);
#1282=DIRECTION('',(0.E0,-1.E0,0.E0));
#1283=VECTOR('',#1282,4.E-1);
#1284=CARTESIAN_POINT('',(-1.37E0,1.95E0,9.25E-1));
#1285=LINE('',#1284,#1283);
#1286=DIRECTION('',(-7.071067811865E-1,-7.071067811865E-1,0.E0));
#1287=VECTOR('',#1286,2.828427124746E-1);
#1288=CARTESIAN_POINT('',(-1.17E0,2.15E0,9.25E-1));
#1289=LINE('',#1288,#1287);
#1290=DIRECTION('',(-7.071067811865E-1,7.071067811865E-1,0.E0));
#1291=VECTOR('',#1290,2.828427124746E-1);
#1292=CARTESIAN_POINT('',(3.7E-1,1.95E0,9.25E-1));
#1293=LINE('',#1292,#1291);
#1294=DIRECTION('',(0.E0,-1.E0,0.E0));
#1295=VECTOR('',#1294,4.E-1);
#1296=CARTESIAN_POINT('',(3.7E-1,1.95E0,9.25E-1));
#1297=LINE('',#1296,#1295);
#1298=DIRECTION('',(0.E0,-1.E0,0.E0));
#1299=VECTOR('',#1298,4.E-1);
#1300=CARTESIAN_POINT('',(-3.7E-1,1.95E0,9.25E-1));
#1301=LINE('',#1300,#1299);
#1302=DIRECTION('',(-7.071067811865E-1,-7.071067811865E-1,0.E0));
#1303=VECTOR('',#1302,2.828427124746E-1);
#1304=CARTESIAN_POINT('',(-1.7E-1,2.15E0,9.25E-1));
#1305=LINE('',#1304,#1303);
#1306=DIRECTION('',(-7.071067811865E-1,7.071067811865E-1,0.E0));
#1307=VECTOR('',#1306,2.828427124746E-1);
#1308=CARTESIAN_POINT('',(1.37E0,1.95E0,9.25E-1));
#1309=LINE('',#1308,#1307);
#1310=DIRECTION('',(0.E0,-1.E0,0.E0));
#1311=VECTOR('',#1310,4.E-1);
#1312=CARTESIAN_POINT('',(1.37E0,1.95E0,9.25E-1));
#1313=LINE('',#1312,#1311);
#1314=DIRECTION('',(0.E0,-1.E0,0.E0));
#1315=VECTOR('',#1314,4.E-1);
#1316=CARTESIAN_POINT('',(6.3E-1,1.95E0,9.25E-1));
#1317=LINE('',#1316,#1315);
#1318=DIRECTION('',(-7.071067811865E-1,-7.071067811865E-1,0.E0));
#1319=VECTOR('',#1318,2.828427124746E-1);
#1320=CARTESIAN_POINT('',(8.3E-1,2.15E0,9.25E-1));
#1321=LINE('',#1320,#1319);
#1322=DIRECTION('',(-7.071067811865E-1,-7.071067811865E-1,0.E0));
#1323=VECTOR('',#1322,2.828427124746E-1);
#1324=CARTESIAN_POINT('',(2.83E0,2.15E0,9.25E-1));
#1325=LINE('',#1324,#1323);
#1326=DIRECTION('',(0.E0,-1.E0,0.E0));
#1327=VECTOR('',#1326,6.E-1);
#1328=CARTESIAN_POINT('',(3.46E0,2.15E0,9.25E-1));
#1329=LINE('',#1328,#1327);
#1330=DIRECTION('',(0.E0,-1.E0,0.E0));
#1331=VECTOR('',#1330,4.E-1);
#1332=CARTESIAN_POINT('',(2.63E0,1.95E0,9.25E-1));
#1333=LINE('',#1332,#1331);
#1334=DIRECTION('',(-7.071067811865E-1,7.071067811865E-1,0.E0));
#1335=VECTOR('',#1334,2.828427124746E-1);
#1336=CARTESIAN_POINT('',(2.37E0,1.95E0,9.25E-1));
#1337=LINE('',#1336,#1335);
#1338=DIRECTION('',(0.E0,-1.E0,0.E0));
#1339=VECTOR('',#1338,4.E-1);
#1340=CARTESIAN_POINT('',(2.37E0,1.95E0,9.25E-1));
#1341=LINE('',#1340,#1339);
#1342=DIRECTION('',(0.E0,-1.E0,0.E0));
#1343=VECTOR('',#1342,4.E-1);
#1344=CARTESIAN_POINT('',(1.63E0,1.95E0,9.25E-1));
#1345=LINE('',#1344,#1343);
#1346=DIRECTION('',(-7.071067811865E-1,-7.071067811865E-1,0.E0));
#1347=VECTOR('',#1346,2.828427124746E-1);
#1348=CARTESIAN_POINT('',(1.83E0,2.15E0,9.25E-1));
#1349=LINE('',#1348,#1347);
#1350=DIRECTION('',(7.071067811865E-1,-7.071067811865E-1,0.E0));
#1351=VECTOR('',#1350,2.828427124746E-1);
#1352=CARTESIAN_POINT('',(-2.83E0,2.15E0,-1.375E0));
#1353=LINE('',#1352,#1351);
#1354=DIRECTION('',(1.E0,0.E0,0.E0));
#1355=VECTOR('',#1354,8.3E-1);
#1356=CARTESIAN_POINT('',(-3.46E0,1.55E0,-1.375E0));
#1357=LINE('',#1356,#1355);
#1358=DIRECTION('',(0.E0,1.E0,0.E0));
#1359=VECTOR('',#1358,4.E-1);
#1360=CARTESIAN_POINT('',(-2.63E0,1.55E0,-1.375E0));
#1361=LINE('',#1360,#1359);
#1362=DIRECTION('',(7.071067811865E-1,-7.071067811865E-1,0.E0));
#1363=VECTOR('',#1362,2.828427124746E-1);
#1364=CARTESIAN_POINT('',(-1.83E0,2.15E0,-1.375E0));
#1365=LINE('',#1364,#1363);
#1366=DIRECTION('',(7.071067811866E-1,7.071067811865E-1,0.E0));
#1367=VECTOR('',#1366,2.828427124746E-1);
#1368=CARTESIAN_POINT('',(-2.37E0,1.95E0,-1.375E0));
#1369=LINE('',#1368,#1367);
#1370=DIRECTION('',(0.E0,1.E0,0.E0));
#1371=VECTOR('',#1370,4.E-1);
#1372=CARTESIAN_POINT('',(-2.37E0,1.55E0,-1.375E0));
#1373=LINE('',#1372,#1371);
#1374=DIRECTION('',(1.E0,0.E0,0.E0));
#1375=VECTOR('',#1374,7.4E-1);
#1376=CARTESIAN_POINT('',(-2.37E0,1.55E0,-1.375E0));
#1377=LINE('',#1376,#1375);
#1378=DIRECTION('',(0.E0,1.E0,0.E0));
#1379=VECTOR('',#1378,4.E-1);
#1380=CARTESIAN_POINT('',(-1.63E0,1.55E0,-1.375E0));
#1381=LINE('',#1380,#1379);
#1382=DIRECTION('',(7.071067811865E-1,-7.071067811865E-1,0.E0));
#1383=VECTOR('',#1382,2.828427124746E-1);
#1384=CARTESIAN_POINT('',(-8.3E-1,2.15E0,-1.375E0));
#1385=LINE('',#1384,#1383);
#1386=DIRECTION('',(7.071067811865E-1,7.071067811865E-1,0.E0));
#1387=VECTOR('',#1386,2.828427124746E-1);
#1388=CARTESIAN_POINT('',(-1.37E0,1.95E0,-1.375E0));
#1389=LINE('',#1388,#1387);
#1390=DIRECTION('',(0.E0,1.E0,0.E0));
#1391=VECTOR('',#1390,4.E-1);
#1392=CARTESIAN_POINT('',(-1.37E0,1.55E0,-1.375E0));
#1393=LINE('',#1392,#1391);
#1394=DIRECTION('',(1.E0,0.E0,0.E0));
#1395=VECTOR('',#1394,7.4E-1);
#1396=CARTESIAN_POINT('',(-1.37E0,1.55E0,-1.375E0));
#1397=LINE('',#1396,#1395);
#1398=DIRECTION('',(0.E0,1.E0,0.E0));
#1399=VECTOR('',#1398,4.E-1);
#1400=CARTESIAN_POINT('',(-6.3E-1,1.55E0,-1.375E0));
#1401=LINE('',#1400,#1399);
#1402=DIRECTION('',(7.071067811865E-1,-7.071067811865E-1,0.E0));
#1403=VECTOR('',#1402,2.828427124746E-1);
#1404=CARTESIAN_POINT('',(1.7E-1,2.15E0,-1.375E0));
#1405=LINE('',#1404,#1403);
#1406=DIRECTION('',(7.071067811865E-1,7.071067811865E-1,0.E0));
#1407=VECTOR('',#1406,2.828427124746E-1);
#1408=CARTESIAN_POINT('',(-3.7E-1,1.95E0,-1.375E0));
#1409=LINE('',#1408,#1407);
#1410=DIRECTION('',(0.E0,1.E0,0.E0));
#1411=VECTOR('',#1410,4.E-1);
#1412=CARTESIAN_POINT('',(-3.7E-1,1.55E0,-1.375E0));
#1413=LINE('',#1412,#1411);
#1414=DIRECTION('',(1.E0,0.E0,0.E0));
#1415=VECTOR('',#1414,7.4E-1);
#1416=CARTESIAN_POINT('',(-3.7E-1,1.55E0,-1.375E0));
#1417=LINE('',#1416,#1415);
#1418=DIRECTION('',(0.E0,1.E0,0.E0));
#1419=VECTOR('',#1418,4.E-1);
#1420=CARTESIAN_POINT('',(3.7E-1,1.55E0,-1.375E0));
#1421=LINE('',#1420,#1419);
#1422=DIRECTION('',(7.071067811865E-1,-7.071067811865E-1,0.E0));
#1423=VECTOR('',#1422,2.828427124746E-1);
#1424=CARTESIAN_POINT('',(1.17E0,2.15E0,-1.375E0));
#1425=LINE('',#1424,#1423);
#1426=DIRECTION('',(7.071067811865E-1,7.071067811865E-1,0.E0));
#1427=VECTOR('',#1426,2.828427124746E-1);
#1428=CARTESIAN_POINT('',(6.3E-1,1.95E0,-1.375E0));
#1429=LINE('',#1428,#1427);
#1430=DIRECTION('',(0.E0,1.E0,0.E0));
#1431=VECTOR('',#1430,4.E-1);
#1432=CARTESIAN_POINT('',(6.3E-1,1.55E0,-1.375E0));
#1433=LINE('',#1432,#1431);
#1434=DIRECTION('',(1.E0,0.E0,0.E0));
#1435=VECTOR('',#1434,7.4E-1);
#1436=CARTESIAN_POINT('',(6.3E-1,1.55E0,-1.375E0));
#1437=LINE('',#1436,#1435);
#1438=DIRECTION('',(0.E0,1.E0,0.E0));
#1439=VECTOR('',#1438,4.E-1);
#1440=CARTESIAN_POINT('',(1.37E0,1.55E0,-1.375E0));
#1441=LINE('',#1440,#1439);
#1442=DIRECTION('',(7.071067811865E-1,7.071067811865E-1,0.E0));
#1443=VECTOR('',#1442,2.828427124746E-1);
#1444=CARTESIAN_POINT('',(2.63E0,1.95E0,-1.375E0));
#1445=LINE('',#1444,#1443);
#1446=DIRECTION('',(0.E0,1.E0,0.E0));
#1447=VECTOR('',#1446,4.E-1);
#1448=CARTESIAN_POINT('',(2.63E0,1.55E0,-1.375E0));
#1449=LINE('',#1448,#1447);
#1450=DIRECTION('',(1.E0,0.E0,0.E0));
#1451=VECTOR('',#1450,8.3E-1);
#1452=CARTESIAN_POINT('',(2.63E0,1.55E0,-1.375E0));
#1453=LINE('',#1452,#1451);
#1454=DIRECTION('',(7.071067811865E-1,-7.071067811865E-1,0.E0));
#1455=VECTOR('',#1454,2.828427124746E-1);
#1456=CARTESIAN_POINT('',(2.17E0,2.15E0,-1.375E0));
#1457=LINE('',#1456,#1455);
#1458=DIRECTION('',(7.071067811865E-1,7.071067811865E-1,0.E0));
#1459=VECTOR('',#1458,2.828427124746E-1);
#1460=CARTESIAN_POINT('',(1.63E0,1.95E0,-1.375E0));
#1461=LINE('',#1460,#1459);
#1462=DIRECTION('',(0.E0,1.E0,0.E0));
#1463=VECTOR('',#1462,4.E-1);
#1464=CARTESIAN_POINT('',(1.63E0,1.55E0,-1.375E0));
#1465=LINE('',#1464,#1463);
#1466=DIRECTION('',(1.E0,0.E0,0.E0));
#1467=VECTOR('',#1466,7.4E-1);
#1468=CARTESIAN_POINT('',(1.63E0,1.55E0,-1.375E0));
#1469=LINE('',#1468,#1467);
#1470=DIRECTION('',(0.E0,1.E0,0.E0));
#1471=VECTOR('',#1470,4.E-1);
#1472=CARTESIAN_POINT('',(2.37E0,1.55E0,-1.375E0));
#1473=LINE('',#1472,#1471);
#1474=DIRECTION('',(0.E0,0.E0,-1.E0));
#1475=VECTOR('',#1474,2.3E0);
#1476=CARTESIAN_POINT('',(-2.83E0,2.15E0,9.25E-1));
#1477=LINE('',#1476,#1475);
#1478=DIRECTION('',(-1.E0,0.E0,0.E0));
#1479=VECTOR('',#1478,6.3E-1);
#1480=CARTESIAN_POINT('',(-2.83E0,2.15E0,9.25E-1));
#1481=LINE('',#1480,#1479);
#1482=DIRECTION('',(-1.E0,0.E0,0.E0));
#1483=VECTOR('',#1482,6.3E-1);
#1484=CARTESIAN_POINT('',(-2.83E0,2.15E0,-1.375E0));
#1485=LINE('',#1484,#1483);
#1486=DIRECTION('',(0.E0,0.E0,-1.E0));
#1487=VECTOR('',#1486,2.3E0);
#1488=CARTESIAN_POINT('',(-1.83E0,2.15E0,9.25E-1));
#1489=LINE('',#1488,#1487);
#1490=DIRECTION('',(-1.E0,0.E0,0.E0));
#1491=VECTOR('',#1490,3.4E-1);
#1492=CARTESIAN_POINT('',(-1.83E0,2.15E0,9.25E-1));
#1493=LINE('',#1492,#1491);
#1494=DIRECTION('',(0.E0,0.E0,1.E0));
#1495=VECTOR('',#1494,2.3E0);
#1496=CARTESIAN_POINT('',(-2.17E0,2.15E0,-1.375E0));
#1497=LINE('',#1496,#1495);
#1498=DIRECTION('',(-1.E0,0.E0,0.E0));
#1499=VECTOR('',#1498,3.4E-1);
#1500=CARTESIAN_POINT('',(-1.83E0,2.15E0,-1.375E0));
#1501=LINE('',#1500,#1499);
#1502=DIRECTION('',(0.E0,0.E0,-1.E0));
#1503=VECTOR('',#1502,2.3E0);
#1504=CARTESIAN_POINT('',(-8.3E-1,2.15E0,9.25E-1));
#1505=LINE('',#1504,#1503);
#1506=DIRECTION('',(-1.E0,0.E0,0.E0));
#1507=VECTOR('',#1506,3.4E-1);
#1508=CARTESIAN_POINT('',(-8.3E-1,2.15E0,9.25E-1));
#1509=LINE('',#1508,#1507);
#1510=DIRECTION('',(0.E0,0.E0,1.E0));
#1511=VECTOR('',#1510,2.3E0);
#1512=CARTESIAN_POINT('',(-1.17E0,2.15E0,-1.375E0));
#1513=LINE('',#1512,#1511);
#1514=DIRECTION('',(-1.E0,0.E0,0.E0));
#1515=VECTOR('',#1514,3.4E-1);
#1516=CARTESIAN_POINT('',(-8.3E-1,2.15E0,-1.375E0));
#1517=LINE('',#1516,#1515);
#1518=DIRECTION('',(0.E0,0.E0,-1.E0));
#1519=VECTOR('',#1518,2.3E0);
#1520=CARTESIAN_POINT('',(1.7E-1,2.15E0,9.25E-1));
#1521=LINE('',#1520,#1519);
#1522=DIRECTION('',(-1.E0,0.E0,0.E0));
#1523=VECTOR('',#1522,3.4E-1);
#1524=CARTESIAN_POINT('',(1.7E-1,2.15E0,9.25E-1));
#1525=LINE('',#1524,#1523);
#1526=DIRECTION('',(0.E0,0.E0,1.E0));
#1527=VECTOR('',#1526,2.3E0);
#1528=CARTESIAN_POINT('',(-1.7E-1,2.15E0,-1.375E0));
#1529=LINE('',#1528,#1527);
#1530=DIRECTION('',(-1.E0,0.E0,0.E0));
#1531=VECTOR('',#1530,3.4E-1);
#1532=CARTESIAN_POINT('',(1.7E-1,2.15E0,-1.375E0));
#1533=LINE('',#1532,#1531);
#1534=DIRECTION('',(0.E0,0.E0,-1.E0));
#1535=VECTOR('',#1534,2.3E0);
#1536=CARTESIAN_POINT('',(1.17E0,2.15E0,9.25E-1));
#1537=LINE('',#1536,#1535);
#1538=DIRECTION('',(-1.E0,0.E0,0.E0));
#1539=VECTOR('',#1538,3.4E-1);
#1540=CARTESIAN_POINT('',(1.17E0,2.15E0,9.25E-1));
#1541=LINE('',#1540,#1539);
#1542=DIRECTION('',(0.E0,0.E0,1.E0));
#1543=VECTOR('',#1542,2.3E0);
#1544=CARTESIAN_POINT('',(8.3E-1,2.15E0,-1.375E0));
#1545=LINE('',#1544,#1543);
#1546=DIRECTION('',(-1.E0,0.E0,0.E0));
#1547=VECTOR('',#1546,3.4E-1);
#1548=CARTESIAN_POINT('',(1.17E0,2.15E0,-1.375E0));
#1549=LINE('',#1548,#1547);
#1550=DIRECTION('',(0.E0,0.E0,1.E0));
#1551=VECTOR('',#1550,2.3E0);
#1552=CARTESIAN_POINT('',(2.83E0,2.15E0,-1.375E0));
#1553=LINE('',#1552,#1551);
#1554=DIRECTION('',(-1.E0,0.E0,0.E0));
#1555=VECTOR('',#1554,6.3E-1);
#1556=CARTESIAN_POINT('',(3.46E0,2.15E0,-1.375E0));
#1557=LINE('',#1556,#1555);
#1558=DIRECTION('',(-1.E0,0.E0,0.E0));
#1559=VECTOR('',#1558,6.3E-1);
#1560=CARTESIAN_POINT('',(3.46E0,2.15E0,9.25E-1));
#1561=LINE('',#1560,#1559);
#1562=DIRECTION('',(0.E0,0.E0,-1.E0));
#1563=VECTOR('',#1562,2.3E0);
#1564=CARTESIAN_POINT('',(2.17E0,2.15E0,9.25E-1));
#1565=LINE('',#1564,#1563);
#1566=DIRECTION('',(-1.E0,0.E0,0.E0));
#1567=VECTOR('',#1566,3.4E-1);
#1568=CARTESIAN_POINT('',(2.17E0,2.15E0,9.25E-1));
#1569=LINE('',#1568,#1567);
#1570=DIRECTION('',(0.E0,0.E0,1.E0));
#1571=VECTOR('',#1570,2.3E0);
#1572=CARTESIAN_POINT('',(1.83E0,2.15E0,-1.375E0));
#1573=LINE('',#1572,#1571);
#1574=DIRECTION('',(-1.E0,0.E0,0.E0));
#1575=VECTOR('',#1574,3.4E-1);
#1576=CARTESIAN_POINT('',(2.17E0,2.15E0,-1.375E0));
#1577=LINE('',#1576,#1575);
#1578=DIRECTION('',(0.E0,-1.E0,0.E0));
#1579=VECTOR('',#1578,1.E0);
#1580=CARTESIAN_POINT('',(-3.46E0,1.55E0,9.25E-1));
#1581=LINE('',#1580,#1579);
#1582=DIRECTION('',(0.E0,0.E0,-1.E0));
#1583=VECTOR('',#1582,4.E-1);
#1584=CARTESIAN_POINT('',(-3.46E0,1.55E0,3.25E-1));
#1585=LINE('',#1584,#1583);
#1586=DIRECTION('',(0.E0,0.E0,1.E0));
#1587=VECTOR('',#1586,1.1E0);
#1588=CARTESIAN_POINT('',(-3.46E0,-8.383E-1,-1.175E0));
#1589=LINE('',#1588,#1587);
#1590=DIRECTION('',(0.E0,0.E0,1.E0));
#1591=VECTOR('',#1590,1.5E-1);
#1592=CARTESIAN_POINT('',(-3.46E0,1.55E0,-1.525E0));
#1593=LINE('',#1592,#1591);
#1594=DIRECTION('',(0.E0,-1.E0,0.E0));
#1595=VECTOR('',#1594,6.E-1);
#1596=CARTESIAN_POINT('',(-3.46E0,2.15E0,-1.375E0));
#1597=LINE('',#1596,#1595);
#1598=DIRECTION('',(0.E0,0.E0,1.E0));
#1599=VECTOR('',#1598,2.3E0);
#1600=CARTESIAN_POINT('',(-3.46E0,2.15E0,-1.375E0));
#1601=LINE('',#1600,#1599);
#1602=DIRECTION('',(0.E0,-1.E0,0.E0));
#1603=VECTOR('',#1602,1.E0);
#1604=CARTESIAN_POINT('',(-3.76E0,1.55E0,9.25E-1));
#1605=LINE('',#1604,#1603);
#1606=DIRECTION('',(0.E0,-1.E0,0.E0));
#1607=VECTOR('',#1606,1.E0);
#1608=CARTESIAN_POINT('',(-3.76E0,1.55E0,3.25E-1));
#1609=LINE('',#1608,#1607);
#1610=DIRECTION('',(0.E0,-1.E0,0.E0));
#1611=VECTOR('',#1610,1.E0);
#1612=CARTESIAN_POINT('',(-3.46E0,1.55E0,3.25E-1));
#1613=LINE('',#1612,#1611);
#1614=DIRECTION('',(0.E0,0.E0,-1.E0));
#1615=VECTOR('',#1614,6.E-1);
#1616=CARTESIAN_POINT('',(-3.46E0,5.5E-1,9.25E-1));
#1617=LINE('',#1616,#1615);
#1618=DIRECTION('',(1.E0,0.E0,0.E0));
#1619=VECTOR('',#1618,3.E-1);
#1620=CARTESIAN_POINT('',(-3.76E0,5.5E-1,9.25E-1));
#1621=LINE('',#1620,#1619);
#1622=DIRECTION('',(0.E0,0.E0,1.E0));
#1623=VECTOR('',#1622,6.E-1);
#1624=CARTESIAN_POINT('',(-3.76E0,5.5E-1,3.25E-1));
#1625=LINE('',#1624,#1623);
#1626=DIRECTION('',(-1.E0,0.E0,0.E0));
#1627=VECTOR('',#1626,3.E-1);
#1628=CARTESIAN_POINT('',(-3.46E0,5.5E-1,3.25E-1));
#1629=LINE('',#1628,#1627);
#1630=DIRECTION('',(0.E0,1.E0,0.E0));
#1631=VECTOR('',#1630,1.1117E0);
#1632=CARTESIAN_POINT('',(-3.76E0,-1.95E0,-7.5E-2));
#1633=LINE('',#1632,#1631);
#1634=DIRECTION('',(-1.E0,0.E0,0.E0));
#1635=VECTOR('',#1634,3.E-1);
#1636=CARTESIAN_POINT('',(-3.46E0,-1.95E0,-7.5E-2));
#1637=LINE('',#1636,#1635);
#1638=DIRECTION('',(0.E0,-1.E0,0.E0));
#1639=VECTOR('',#1638,1.1117E0);
#1640=CARTESIAN_POINT('',(-3.46E0,-8.383E-1,-7.5E-2));
#1641=LINE('',#1640,#1639);
#1642=DIRECTION('',(1.E0,0.E0,0.E0));
#1643=VECTOR('',#1642,3.E-1);
#1644=CARTESIAN_POINT('',(-3.76E0,-8.383E-1,-7.5E-2));
#1645=LINE('',#1644,#1643);
#1646=DIRECTION('',(0.E0,1.E0,0.E0));
#1647=VECTOR('',#1646,1.739340306730E0);
#1648=CARTESIAN_POINT('',(-3.76E0,-1.893403067304E-1,-7.5E-2));
#1649=LINE('',#1648,#1647);
#1650=DIRECTION('',(-1.E0,0.E0,0.E0));
#1651=VECTOR('',#1650,3.E-1);
#1652=CARTESIAN_POINT('',(-3.46E0,-1.893403067304E-1,-7.5E-2));
#1653=LINE('',#1652,#1651);
#1654=DIRECTION('',(0.E0,-1.E0,0.E0));
#1655=VECTOR('',#1654,1.739340306730E0);
#1656=CARTESIAN_POINT('',(-3.46E0,1.55E0,-7.5E-2));
#1657=LINE('',#1656,#1655);
#1658=DIRECTION('',(0.E0,0.E0,1.E0));
#1659=VECTOR('',#1658,1.1E0);
#1660=CARTESIAN_POINT('',(-3.76E0,-1.95E0,-1.175E0));
#1661=LINE('',#1660,#1659);
#1662=DIRECTION('',(0.E0,1.E0,0.E0));
#1663=VECTOR('',#1662,1.1117E0);
#1664=CARTESIAN_POINT('',(-3.76E0,-1.95E0,-1.175E0));
#1665=LINE('',#1664,#1663);
#1666=DIRECTION('',(-1.E0,0.E0,0.E0));
#1667=VECTOR('',#1666,3.E-1);
#1668=CARTESIAN_POINT('',(-3.46E0,-8.383E-1,-1.175E0));
#1669=LINE('',#1668,#1667);
#1670=DIRECTION('',(0.E0,1.E0,0.E0));
#1671=VECTOR('',#1670,6.489596932696E-1);
#1672=CARTESIAN_POINT('',(-3.46E0,-8.383E-1,-1.175E0));
#1673=LINE('',#1672,#1671);
#1674=DIRECTION('',(-1.E0,0.E0,0.E0));
#1675=VECTOR('',#1674,3.E-1);
#1676=CARTESIAN_POINT('',(-3.46E0,-1.893403067304E-1,-1.175E0));
#1677=LINE('',#1676,#1675);
#1678=DIRECTION('',(0.E0,-1.E0,0.E0));
#1679=VECTOR('',#1678,1.739340306730E0);
#1680=CARTESIAN_POINT('',(-3.76E0,1.55E0,-1.175E0));
#1681=LINE('',#1680,#1679);
#1682=DIRECTION('',(-1.E0,0.E0,0.E0));
#1683=VECTOR('',#1682,3.9E-1);
#1684=CARTESIAN_POINT('',(-3.76E0,1.55E0,-1.175E0));
#1685=LINE('',#1684,#1683);
#1686=DIRECTION('',(0.E0,1.E0,0.E0));
#1687=VECTOR('',#1686,2.E-1);
#1688=CARTESIAN_POINT('',(-3.46E0,-2.15E0,-1.175E0));
#1689=LINE('',#1688,#1687);
#1690=DIRECTION('',(-1.E0,0.E0,0.E0));
#1691=VECTOR('',#1690,3.E-1);
#1692=CARTESIAN_POINT('',(-3.46E0,-1.95E0,-1.175E0));
#1693=LINE('',#1692,#1691);
#1694=DIRECTION('',(0.E0,0.E0,1.E0));
#1695=VECTOR('',#1694,1.1E0);
#1696=CARTESIAN_POINT('',(-3.76E0,-8.383E-1,-1.175E0));
#1697=LINE('',#1696,#1695);
#1698=DIRECTION('',(0.E0,0.E0,1.E0));
#1699=VECTOR('',#1698,1.1E0);
#1700=CARTESIAN_POINT('',(-3.46E0,-1.893403067304E-1,-1.175E0));
#1701=LINE('',#1700,#1699);
#1702=DIRECTION('',(0.E0,0.E0,1.E0));
#1703=VECTOR('',#1702,1.1E0);
#1704=CARTESIAN_POINT('',(-3.76E0,-1.893403067304E-1,-1.175E0));
#1705=LINE('',#1704,#1703);
#1706=DIRECTION('',(0.E0,-1.E0,0.E0));
#1707=VECTOR('',#1706,3.7E0);
#1708=CARTESIAN_POINT('',(-4.15E0,1.55E0,-1.175E0));
#1709=LINE('',#1708,#1707);
#1710=DIRECTION('',(1.E0,0.E0,0.E0));
#1711=VECTOR('',#1710,8.3E0);
#1712=CARTESIAN_POINT('',(-4.15E0,1.55E0,1.525E0));
#1713=LINE('',#1712,#1711);
#1714=DIRECTION('',(0.E0,1.E0,0.E0));
#1715=VECTOR('',#1714,3.7E0);
#1716=CARTESIAN_POINT('',(4.15E0,-2.15E0,1.525E0));
#1717=LINE('',#1716,#1715);
#1718=DIRECTION('',(1.E0,0.E0,0.E0));
#1719=VECTOR('',#1718,8.3E0);
#1720=CARTESIAN_POINT('',(-4.15E0,-2.15E0,1.525E0));
#1721=LINE('',#1720,#1719);
#1722=DIRECTION('',(0.E0,-1.E0,0.E0));
#1723=VECTOR('',#1722,3.7E0);
#1724=CARTESIAN_POINT('',(-4.15E0,1.55E0,1.525E0));
#1725=LINE('',#1724,#1723);
#1726=DIRECTION('',(1.E0,0.E0,0.E0));
#1727=VECTOR('',#1726,3.E-1);
#1728=CARTESIAN_POINT('',(-3.7E0,-2.15E0,7.25E-1));
#1729=LINE('',#1728,#1727);
#1730=DIRECTION('',(0.E0,0.E0,1.E0));
#1731=VECTOR('',#1730,8.E-1);
#1732=CARTESIAN_POINT('',(-3.7E0,-2.15E0,-7.5E-2));
#1733=LINE('',#1732,#1731);
#1734=DIRECTION('',(-1.E0,0.E0,0.E0));
#1735=VECTOR('',#1734,3.E-1);
#1736=CARTESIAN_POINT('',(-3.4E0,-2.15E0,-7.5E-2));
#1737=LINE('',#1736,#1735);
#1738=DIRECTION('',(0.E0,0.E0,1.E0));
#1739=VECTOR('',#1738,1.05E0);
#1740=CARTESIAN_POINT('',(-3.4E0,-2.15E0,-1.125E0));
#1741=LINE('',#1740,#1739);
#1742=DIRECTION('',(-1.E0,0.E0,0.E0));
#1743=VECTOR('',#1742,6.8E0);
#1744=CARTESIAN_POINT('',(3.4E0,-2.15E0,-1.125E0));
#1745=LINE('',#1744,#1743);
#1746=DIRECTION('',(0.E0,0.E0,-1.E0));
#1747=VECTOR('',#1746,1.05E0);
#1748=CARTESIAN_POINT('',(3.4E0,-2.15E0,-7.500000000001E-2));
#1749=LINE('',#1748,#1747);
#1750=DIRECTION('',(-1.E0,0.E0,0.E0));
#1751=VECTOR('',#1750,3.E-1);
#1752=CARTESIAN_POINT('',(3.7E0,-2.15E0,-7.500000000001E-2));
#1753=LINE('',#1752,#1751);
#1754=DIRECTION('',(0.E0,0.E0,-1.E0));
#1755=VECTOR('',#1754,8.E-1);
#1756=CARTESIAN_POINT('',(3.7E0,-2.15E0,7.25E-1));
#1757=LINE('',#1756,#1755);
#1758=DIRECTION('',(1.E0,0.E0,0.E0));
#1759=VECTOR('',#1758,3.E-1);
#1760=CARTESIAN_POINT('',(3.4E0,-2.15E0,7.25E-1));
#1761=LINE('',#1760,#1759);
#1762=DIRECTION('',(0.E0,0.E0,-1.E0));
#1763=VECTOR('',#1762,4.E-1);
#1764=CARTESIAN_POINT('',(3.4E0,-2.15E0,1.125E0));
#1765=LINE('',#1764,#1763);
#1766=DIRECTION('',(1.E0,0.E0,0.E0));
#1767=VECTOR('',#1766,6.8E0);
#1768=CARTESIAN_POINT('',(-3.4E0,-2.15E0,1.125E0));
#1769=LINE('',#1768,#1767);
#1770=DIRECTION('',(0.E0,0.E0,1.E0));
#1771=VECTOR('',#1770,4.E-1);
#1772=CARTESIAN_POINT('',(-3.4E0,-2.15E0,7.25E-1));
#1773=LINE('',#1772,#1771);
#1774=DIRECTION('',(0.E0,0.E0,1.E0));
#1775=VECTOR('',#1774,3.5E-1);
#1776=CARTESIAN_POINT('',(-3.46E0,-2.15E0,-1.525E0));
#1777=LINE('',#1776,#1775);
#1778=DIRECTION('',(1.E0,0.E0,0.E0));
#1779=VECTOR('',#1778,6.9E-1);
#1780=CARTESIAN_POINT('',(-4.15E0,-2.15E0,-1.175E0));
#1781=LINE('',#1780,#1779);
#1782=DIRECTION('',(0.E0,0.E0,1.E0));
#1783=VECTOR('',#1782,2.7E0);
#1784=CARTESIAN_POINT('',(-4.15E0,-2.15E0,-1.175E0));
#1785=LINE('',#1784,#1783);
#1786=DIRECTION('',(-1.E0,0.E0,0.E0));
#1787=VECTOR('',#1786,6.9E-1);
#1788=CARTESIAN_POINT('',(4.15E0,-2.15E0,-1.175E0));
#1789=LINE('',#1788,#1787);
#1790=DIRECTION('',(0.E0,0.E0,1.E0));
#1791=VECTOR('',#1790,3.5E-1);
#1792=CARTESIAN_POINT('',(3.46E0,-2.15E0,-1.525E0));
#1793=LINE('',#1792,#1791);
#1794=DIRECTION('',(-5.773502691896E-1,-5.773502691896E-1,5.773502691896E-1));
#1795=VECTOR('',#1794,1.732050807569E-1);
#1796=CARTESIAN_POINT('',(-3.3E0,-2.05E0,6.25E-1));
#1797=LINE('',#1796,#1795);
#1798=DIRECTION('',(-5.773502691896E-1,-5.773502691896E-1,5.773502691896E-1));
#1799=VECTOR('',#1798,1.732050807569E-1);
#1800=CARTESIAN_POINT('',(-3.3E0,-2.05E0,1.025E0));
#1801=LINE('',#1800,#1799);
#1802=DIRECTION('',(5.773502691896E-1,-5.773502691896E-1,5.773502691896E-1));
#1803=VECTOR('',#1802,1.732050807569E-1);
#1804=CARTESIAN_POINT('',(3.3E0,-2.05E0,1.025E0));
#1805=LINE('',#1804,#1803);
#1806=DIRECTION('',(1.E0,0.E0,0.E0));
#1807=VECTOR('',#1806,6.6E0);
#1808=CARTESIAN_POINT('',(-3.3E0,-2.05E0,1.025E0));
#1809=LINE('',#1808,#1807);
#1810=DIRECTION('',(0.E0,1.E0,0.E0));
#1811=VECTOR('',#1810,2.9E0);
#1812=CARTESIAN_POINT('',(3.3E0,-2.05E0,1.025E0));
#1813=LINE('',#1812,#1811);
#1814=DIRECTION('',(0.E0,0.E0,-1.E0));
#1815=VECTOR('',#1814,1.05E0);
#1816=CARTESIAN_POINT('',(3.3E0,-2.05E0,2.499999999999E-2));
#1817=LINE('',#1816,#1815);
#1818=DIRECTION('',(0.E0,1.E0,0.E0));
#1819=VECTOR('',#1818,2.9E0);
#1820=CARTESIAN_POINT('',(3.3E0,-2.05E0,-1.025E0));
#1821=LINE('',#1820,#1819);
#1822=DIRECTION('',(0.E0,0.E0,-1.E0));
#1823=VECTOR('',#1822,4.E-1);
#1824=CARTESIAN_POINT('',(3.3E0,-2.05E0,1.025E0));
#1825=LINE('',#1824,#1823);
#1826=DIRECTION('',(0.E0,1.E0,0.E0));
#1827=VECTOR('',#1826,2.5E0);
#1828=CARTESIAN_POINT('',(3.3E0,-2.05E0,6.25E-1));
#1829=LINE('',#1828,#1827);
#1830=DIRECTION('',(0.E0,0.E0,1.E0));
#1831=VECTOR('',#1830,6.E-1);
#1832=CARTESIAN_POINT('',(3.3E0,4.5E-1,2.499999999999E-2));
#1833=LINE('',#1832,#1831);
#1834=DIRECTION('',(0.E0,1.E0,0.E0));
#1835=VECTOR('',#1834,2.5E0);
#1836=CARTESIAN_POINT('',(3.3E0,-2.05E0,2.499999999999E-2));
#1837=LINE('',#1836,#1835);
#1838=DIRECTION('',(5.773502691896E-1,-5.773502691896E-1,-5.773502691896E-1));
#1839=VECTOR('',#1838,1.732050807569E-1);
#1840=CARTESIAN_POINT('',(3.3E0,-2.05E0,-1.025E0));
#1841=LINE('',#1840,#1839);
#1842=DIRECTION('',(-5.773502691896E-1,-5.773502691896E-1,-5.773502691896E-1));
#1843=VECTOR('',#1842,1.732050807569E-1);
#1844=CARTESIAN_POINT('',(-3.3E0,-2.05E0,-1.025E0));
#1845=LINE('',#1844,#1843);
#1846=DIRECTION('',(-5.773502691896E-1,-5.773502691896E-1,-5.773502691896E-1));
#1847=VECTOR('',#1846,1.732050807569E-1);
#1848=CARTESIAN_POINT('',(-3.3E0,-2.05E0,2.5E-2));
#1849=LINE('',#1848,#1847);
#1850=DIRECTION('',(0.E0,0.E0,1.E0));
#1851=VECTOR('',#1850,1.05E0);
#1852=CARTESIAN_POINT('',(-3.3E0,-2.05E0,-1.025E0));
#1853=LINE('',#1852,#1851);
#1854=DIRECTION('',(0.E0,1.E0,0.E0));
#1855=VECTOR('',#1854,2.5E0);
#1856=CARTESIAN_POINT('',(-3.3E0,-2.05E0,2.5E-2));
#1857=LINE('',#1856,#1855);
#1858=DIRECTION('',(0.E0,0.E0,1.E0));
#1859=VECTOR('',#1858,6.E-1);
#1860=CARTESIAN_POINT('',(-3.3E0,4.5E-1,2.5E-2));
#1861=LINE('',#1860,#1859);
#1862=DIRECTION('',(0.E0,1.E0,0.E0));
#1863=VECTOR('',#1862,2.5E0);
#1864=CARTESIAN_POINT('',(-3.3E0,-2.05E0,6.25E-1));
#1865=LINE('',#1864,#1863);
#1866=DIRECTION('',(0.E0,0.E0,1.E0));
#1867=VECTOR('',#1866,4.E-1);
#1868=CARTESIAN_POINT('',(-3.3E0,-2.05E0,6.25E-1));
#1869=LINE('',#1868,#1867);
#1870=DIRECTION('',(0.E0,1.E0,0.E0));
#1871=VECTOR('',#1870,2.9E0);
#1872=CARTESIAN_POINT('',(-3.3E0,-2.05E0,1.025E0));
#1873=LINE('',#1872,#1871);
#1874=DIRECTION('',(-1.E0,0.E0,0.E0));
#1875=VECTOR('',#1874,3.E-1);
#1876=CARTESIAN_POINT('',(-3.3E0,-2.05E0,2.5E-2));
#1877=LINE('',#1876,#1875);
#1878=DIRECTION('',(0.E0,1.E0,0.E0));
#1879=VECTOR('',#1878,2.5E0);
#1880=CARTESIAN_POINT('',(-3.6E0,-2.05E0,2.5E-2));
#1881=LINE('',#1880,#1879);
#1882=DIRECTION('',(-5.773502691896E-1,-5.773502691896E-1,-5.773502691896E-1));
#1883=VECTOR('',#1882,1.732050807569E-1);
#1884=CARTESIAN_POINT('',(-3.6E0,-2.05E0,2.5E-2));
#1885=LINE('',#1884,#1883);
#1886=DIRECTION('',(-5.773502691896E-1,-5.773502691896E-1,5.773502691896E-1));
#1887=VECTOR('',#1886,1.732050807569E-1);
#1888=CARTESIAN_POINT('',(-3.6E0,-2.05E0,6.25E-1));
#1889=LINE('',#1888,#1887);
#1890=DIRECTION('',(0.E0,0.E0,1.E0));
#1891=VECTOR('',#1890,6.E-1);
#1892=CARTESIAN_POINT('',(-3.6E0,-2.05E0,2.5E-2));
#1893=LINE('',#1892,#1891);
#1894=DIRECTION('',(0.E0,1.E0,0.E0));
#1895=VECTOR('',#1894,2.5E0);
#1896=CARTESIAN_POINT('',(-3.6E0,-2.05E0,6.25E-1));
#1897=LINE('',#1896,#1895);
#1898=DIRECTION('',(1.E0,0.E0,0.E0));
#1899=VECTOR('',#1898,3.E-1);
#1900=CARTESIAN_POINT('',(-3.6E0,-2.05E0,6.25E-1));
#1901=LINE('',#1900,#1899);
#1902=DIRECTION('',(1.E0,0.E0,0.E0));
#1903=VECTOR('',#1902,3.E-1);
#1904=CARTESIAN_POINT('',(-3.6E0,4.5E-1,2.5E-2));
#1905=LINE('',#1904,#1903);
#1906=DIRECTION('',(0.E0,0.E0,-1.E0));
#1907=VECTOR('',#1906,6.E-1);
#1908=CARTESIAN_POINT('',(-3.6E0,4.5E-1,6.25E-1));
#1909=LINE('',#1908,#1907);
#1910=DIRECTION('',(-1.E0,0.E0,0.E0));
#1911=VECTOR('',#1910,3.E-1);
#1912=CARTESIAN_POINT('',(-3.3E0,4.5E-1,6.25E-1));
#1913=LINE('',#1912,#1911);
#1914=DIRECTION('',(-1.E0,0.E0,0.E0));
#1915=VECTOR('',#1914,3.E-1);
#1916=CARTESIAN_POINT('',(3.6E0,4.5E-1,6.25E-1));
#1917=LINE('',#1916,#1915);
#1918=DIRECTION('',(0.E0,0.E0,1.E0));
#1919=VECTOR('',#1918,6.E-1);
#1920=CARTESIAN_POINT('',(3.6E0,4.5E-1,2.499999999999E-2));
#1921=LINE('',#1920,#1919);
#1922=DIRECTION('',(1.E0,0.E0,0.E0));
#1923=VECTOR('',#1922,3.E-1);
#1924=CARTESIAN_POINT('',(3.3E0,4.5E-1,2.499999999999E-2));
#1925=LINE('',#1924,#1923);
#1926=DIRECTION('',(1.E0,0.E0,0.E0));
#1927=VECTOR('',#1926,3.E-1);
#1928=CARTESIAN_POINT('',(3.3E0,-2.05E0,6.25E-1));
#1929=LINE('',#1928,#1927);
#1930=DIRECTION('',(0.E0,1.E0,0.E0));
#1931=VECTOR('',#1930,2.5E0);
#1932=CARTESIAN_POINT('',(3.6E0,-2.05E0,6.25E-1));
#1933=LINE('',#1932,#1931);
#1934=DIRECTION('',(5.773502691896E-1,-5.773502691896E-1,5.773502691896E-1));
#1935=VECTOR('',#1934,1.732050807569E-1);
#1936=CARTESIAN_POINT('',(3.6E0,-2.05E0,6.25E-1));
#1937=LINE('',#1936,#1935);
#1938=DIRECTION('',(5.773502691896E-1,-5.773502691896E-1,5.773502691896E-1));
#1939=VECTOR('',#1938,1.732050807569E-1);
#1940=CARTESIAN_POINT('',(3.3E0,-2.05E0,6.25E-1));
#1941=LINE('',#1940,#1939);
#1942=DIRECTION('',(5.773502691896E-1,-5.773502691896E-1,-5.773502691896E-1));
#1943=VECTOR('',#1942,1.732050807569E-1);
#1944=CARTESIAN_POINT('',(3.6E0,-2.05E0,2.499999999999E-2));
#1945=LINE('',#1944,#1943);
#1946=DIRECTION('',(5.773502691896E-1,-5.773502691896E-1,-5.773502691896E-1));
#1947=VECTOR('',#1946,1.732050807569E-1);
#1948=CARTESIAN_POINT('',(3.3E0,-2.05E0,2.499999999999E-2));
#1949=LINE('',#1948,#1947);
#1950=DIRECTION('',(-1.E0,0.E0,0.E0));
#1951=VECTOR('',#1950,3.E-1);
#1952=CARTESIAN_POINT('',(3.6E0,-2.05E0,2.499999999999E-2));
#1953=LINE('',#1952,#1951);
#1954=DIRECTION('',(0.E0,0.E0,-1.E0));
#1955=VECTOR('',#1954,6.E-1);
#1956=CARTESIAN_POINT('',(3.6E0,-2.05E0,6.25E-1));
#1957=LINE('',#1956,#1955);
#1958=DIRECTION('',(0.E0,1.E0,0.E0));
#1959=VECTOR('',#1958,2.5E0);
#1960=CARTESIAN_POINT('',(3.6E0,-2.05E0,2.499999999999E-2));
#1961=LINE('',#1960,#1959);
#1962=DIRECTION('',(0.E0,1.E0,0.E0));
#1963=VECTOR('',#1962,1.1117E0);
#1964=CARTESIAN_POINT('',(3.76E0,-1.95E0,-1.175E0));
#1965=LINE('',#1964,#1963);
#1966=DIRECTION('',(1.E0,0.E0,0.E0));
#1967=VECTOR('',#1966,3.E-1);
#1968=CARTESIAN_POINT('',(3.46E0,-1.95E0,-1.175E0));
#1969=LINE('',#1968,#1967);
#1970=DIRECTION('',(-1.E0,0.E0,0.E0));
#1971=VECTOR('',#1970,3.9E-1);
#1972=CARTESIAN_POINT('',(4.15E0,1.55E0,-1.175E0));
#1973=LINE('',#1972,#1971);
#1974=DIRECTION('',(0.E0,-1.E0,0.E0));
#1975=VECTOR('',#1974,1.739340306730E0);
#1976=CARTESIAN_POINT('',(3.76E0,1.55E0,-1.175E0));
#1977=LINE('',#1976,#1975);
#1978=DIRECTION('',(1.E0,0.E0,0.E0));
#1979=VECTOR('',#1978,3.E-1);
#1980=CARTESIAN_POINT('',(3.46E0,-1.893403067304E-1,-1.175E0));
#1981=LINE('',#1980,#1979);
#1982=DIRECTION('',(1.E0,0.E0,0.E0));
#1983=VECTOR('',#1982,3.E-1);
#1984=CARTESIAN_POINT('',(3.46E0,-8.383E-1,-1.175E0));
#1985=LINE('',#1984,#1983);
#1986=DIRECTION('',(0.E0,0.E0,1.E0));
#1987=VECTOR('',#1986,1.1E0);
#1988=CARTESIAN_POINT('',(3.76E0,-1.95E0,-1.175E0));
#1989=LINE('',#1988,#1987);
#1990=DIRECTION('',(0.E0,0.E0,1.E0));
#1991=VECTOR('',#1990,1.1E0);
#1992=CARTESIAN_POINT('',(3.46E0,-1.95E0,-1.175E0));
#1993=LINE('',#1992,#1991);
#1994=DIRECTION('',(0.E0,1.E0,0.E0));
#1995=VECTOR('',#1994,1.1117E0);
#1996=CARTESIAN_POINT('',(3.76E0,-1.95E0,-7.5E-2));
#1997=LINE('',#1996,#1995);
#1998=DIRECTION('',(-1.E0,0.E0,0.E0));
#1999=VECTOR('',#1998,3.E-1);
#2000=CARTESIAN_POINT('',(3.76E0,-8.383E-1,-7.5E-2));
#2001=LINE('',#2000,#1999);
#2002=DIRECTION('',(0.E0,-1.E0,0.E0));
#2003=VECTOR('',#2002,1.1117E0);
#2004=CARTESIAN_POINT('',(3.46E0,-8.383E-1,-7.5E-2));
#2005=LINE('',#2004,#2003);
#2006=DIRECTION('',(1.E0,0.E0,0.E0));
#2007=VECTOR('',#2006,3.E-1);
#2008=CARTESIAN_POINT('',(3.46E0,-1.95E0,-7.5E-2));
#2009=LINE('',#2008,#2007);
#2010=DIRECTION('',(0.E0,-1.E0,0.E0));
#2011=VECTOR('',#2010,1.739340306730E0);
#2012=CARTESIAN_POINT('',(3.46E0,1.55E0,-7.5E-2));
#2013=LINE('',#2012,#2011);
#2014=DIRECTION('',(1.E0,0.E0,0.E0));
#2015=VECTOR('',#2014,3.E-1);
#2016=CARTESIAN_POINT('',(3.46E0,-1.893403067304E-1,-7.5E-2));
#2017=LINE('',#2016,#2015);
#2018=DIRECTION('',(0.E0,1.E0,0.E0));
#2019=VECTOR('',#2018,1.739340306730E0);
#2020=CARTESIAN_POINT('',(3.76E0,-1.893403067304E-1,-7.5E-2));
#2021=LINE('',#2020,#2019);
#2022=DIRECTION('',(0.E0,0.E0,1.E0));
#2023=VECTOR('',#2022,1.1E0);
#2024=CARTESIAN_POINT('',(3.76E0,-8.383E-1,-1.175E0));
#2025=LINE('',#2024,#2023);
#2026=DIRECTION('',(0.E0,-1.E0,0.E0));
#2027=VECTOR('',#2026,1.E0);
#2028=CARTESIAN_POINT('',(3.46E0,1.55E0,9.25E-1));
#2029=LINE('',#2028,#2027);
#2030=DIRECTION('',(0.E0,0.E0,-1.E0));
#2031=VECTOR('',#2030,2.3E0);
#2032=CARTESIAN_POINT('',(3.46E0,2.15E0,9.25E-1));
#2033=LINE('',#2032,#2031);
#2034=DIRECTION('',(0.E0,-1.E0,0.E0));
#2035=VECTOR('',#2034,6.E-1);
#2036=CARTESIAN_POINT('',(3.46E0,2.15E0,-1.375E0));
#2037=LINE('',#2036,#2035);
#2038=DIRECTION('',(0.E0,0.E0,1.E0));
#2039=VECTOR('',#2038,1.5E-1);
#2040=CARTESIAN_POINT('',(3.46E0,1.55E0,-1.525E0));
#2041=LINE('',#2040,#2039);
#2042=DIRECTION('',(-1.110223024625E-14,1.E0,0.E0));
#2043=VECTOR('',#2042,2.E-1);
#2044=CARTESIAN_POINT('',(3.46E0,-2.15E0,-1.175E0));
#2045=LINE('',#2044,#2043);
#2046=DIRECTION('',(0.E0,0.E0,1.E0));
#2047=VECTOR('',#2046,1.1E0);
#2048=CARTESIAN_POINT('',(3.46E0,-8.383E-1,-1.175E0));
#2049=LINE('',#2048,#2047);
#2050=DIRECTION('',(0.E0,1.E0,0.E0));
#2051=VECTOR('',#2050,6.489596932696E-1);
#2052=CARTESIAN_POINT('',(3.46E0,-8.383E-1,-1.175E0));
#2053=LINE('',#2052,#2051);
#2054=DIRECTION('',(0.E0,-1.E0,0.E0));
#2055=VECTOR('',#2054,1.E0);
#2056=CARTESIAN_POINT('',(3.46E0,1.55E0,3.25E-1));
#2057=LINE('',#2056,#2055);
#2058=DIRECTION('',(0.E0,-1.E0,0.E0));
#2059=VECTOR('',#2058,1.E0);
#2060=CARTESIAN_POINT('',(3.76E0,1.55E0,3.25E-1));
#2061=LINE('',#2060,#2059);
#2062=DIRECTION('',(0.E0,-1.E0,0.E0));
#2063=VECTOR('',#2062,1.E0);
#2064=CARTESIAN_POINT('',(3.76E0,1.55E0,9.25E-1));
#2065=LINE('',#2064,#2063);
#2066=DIRECTION('',(0.E0,0.E0,-1.E0));
#2067=VECTOR('',#2066,6.E-1);
#2068=CARTESIAN_POINT('',(3.46E0,5.5E-1,9.25E-1));
#2069=LINE('',#2068,#2067);
#2070=DIRECTION('',(1.E0,0.E0,0.E0));
#2071=VECTOR('',#2070,3.E-1);
#2072=CARTESIAN_POINT('',(3.46E0,5.5E-1,3.25E-1));
#2073=LINE('',#2072,#2071);
#2074=DIRECTION('',(0.E0,0.E0,1.E0));
#2075=VECTOR('',#2074,6.E-1);
#2076=CARTESIAN_POINT('',(3.76E0,5.5E-1,3.25E-1));
#2077=LINE('',#2076,#2075);
#2078=DIRECTION('',(-1.E0,0.E0,0.E0));
#2079=VECTOR('',#2078,3.E-1);
#2080=CARTESIAN_POINT('',(3.76E0,5.5E-1,9.25E-1));
#2081=LINE('',#2080,#2079);
#2082=DIRECTION('',(1.E0,0.E0,0.E0));
#2083=VECTOR('',#2082,6.92E0);
#2084=CARTESIAN_POINT('',(-3.46E0,1.55E0,-1.525E0));
#2085=LINE('',#2084,#2083);
#2086=DIRECTION('',(0.E0,1.E0,0.E0));
#2087=VECTOR('',#2086,3.7E0);
#2088=CARTESIAN_POINT('',(-3.46E0,-2.15E0,-1.525E0));
#2089=LINE('',#2088,#2087);
#2090=DIRECTION('',(1.E0,0.E0,0.E0));
#2091=VECTOR('',#2090,6.92E0);
#2092=CARTESIAN_POINT('',(-3.46E0,-2.15E0,-1.525E0));
#2093=LINE('',#2092,#2091);
#2094=DIRECTION('',(0.E0,1.E0,0.E0));
#2095=VECTOR('',#2094,3.7E0);
#2096=CARTESIAN_POINT('',(3.46E0,-2.15E0,-1.525E0));
#2097=LINE('',#2096,#2095);
#2098=DIRECTION('',(0.E0,0.E0,1.E0));
#2099=VECTOR('',#2098,1.1E0);
#2100=CARTESIAN_POINT('',(3.46E0,-1.893403067304E-1,-1.175E0));
#2101=LINE('',#2100,#2099);
#2102=DIRECTION('',(0.E0,0.E0,1.E0));
#2103=VECTOR('',#2102,1.1E0);
#2104=CARTESIAN_POINT('',(3.76E0,-1.893403067304E-1,-1.175E0));
#2105=LINE('',#2104,#2103);
#2106=DIRECTION('',(0.E0,0.E0,1.E0));
#2107=VECTOR('',#2106,1.1E0);
#2108=CARTESIAN_POINT('',(-3.46E0,-1.95E0,-1.175E0));
#2109=LINE('',#2108,#2107);
#2110=DIRECTION('',(0.E0,1.E0,0.E0));
#2111=VECTOR('',#2110,7.E-1);
#2112=CARTESIAN_POINT('',(-1.63E0,8.5E-1,-4.25E-1));
#2113=LINE('',#2112,#2111);
#2114=DIRECTION('',(0.E0,0.E0,-1.E0));
#2115=VECTOR('',#2114,2.3E0);
#2116=CARTESIAN_POINT('',(-1.63E0,1.95E0,9.25E-1));
#2117=LINE('',#2116,#2115);
#2118=DIRECTION('',(0.E0,1.E0,0.E0));
#2119=VECTOR('',#2118,7.E-1);
#2120=CARTESIAN_POINT('',(-1.37E0,8.5E-1,-4.25E-1));
#2121=LINE('',#2120,#2119);
#2122=DIRECTION('',(0.E0,0.E0,-1.E0));
#2123=VECTOR('',#2122,1.35E0);
#2124=CARTESIAN_POINT('',(-1.37E0,1.55E0,9.25E-1));
#2125=LINE('',#2124,#2123);
#2126=DIRECTION('',(0.E0,1.E0,0.E0));
#2127=VECTOR('',#2126,7.E-1);
#2128=CARTESIAN_POINT('',(-1.37E0,8.5E-1,-1.025E0));
#2129=LINE('',#2128,#2127);
#2130=DIRECTION('',(0.E0,0.E0,-1.E0));
#2131=VECTOR('',#2130,3.5E-1);
#2132=CARTESIAN_POINT('',(-1.37E0,1.55E0,-1.025E0));
#2133=LINE('',#2132,#2131);
#2134=DIRECTION('',(0.E0,0.E0,1.E0));
#2135=VECTOR('',#2134,2.3E0);
#2136=CARTESIAN_POINT('',(-1.37E0,1.95E0,-1.375E0));
#2137=LINE('',#2136,#2135);
#2138=DIRECTION('',(0.E0,0.E0,-1.E0));
#2139=VECTOR('',#2138,1.35E0);
#2140=CARTESIAN_POINT('',(-2.37E0,1.55E0,9.25E-1));
#2141=LINE('',#2140,#2139);
#2142=DIRECTION('',(0.E0,1.E0,0.E0));
#2143=VECTOR('',#2142,7.E-1);
#2144=CARTESIAN_POINT('',(-2.37E0,8.5E-1,-1.025E0));
#2145=LINE('',#2144,#2143);
#2146=DIRECTION('',(0.E0,0.E0,-1.E0));
#2147=VECTOR('',#2146,3.5E-1);
#2148=CARTESIAN_POINT('',(-2.37E0,1.55E0,-1.025E0));
#2149=LINE('',#2148,#2147);
#2150=DIRECTION('',(0.E0,0.E0,1.E0));
#2151=VECTOR('',#2150,2.3E0);
#2152=CARTESIAN_POINT('',(-2.37E0,1.95E0,-1.375E0));
#2153=LINE('',#2152,#2151);
#2154=DIRECTION('',(0.E0,1.E0,0.E0));
#2155=VECTOR('',#2154,7.E-1);
#2156=CARTESIAN_POINT('',(-2.37E0,8.5E-1,-4.25E-1));
#2157=LINE('',#2156,#2155);
#2158=DIRECTION('',(0.E0,1.E0,0.E0));
#2159=VECTOR('',#2158,7.E-1);
#2160=CARTESIAN_POINT('',(-2.63E0,8.5E-1,-4.25E-1));
#2161=LINE('',#2160,#2159);
#2162=DIRECTION('',(0.E0,0.E0,-1.E0));
#2163=VECTOR('',#2162,2.3E0);
#2164=CARTESIAN_POINT('',(-2.63E0,1.95E0,9.25E-1));
#2165=LINE('',#2164,#2163);
#2166=DIRECTION('',(0.E0,1.E0,0.E0));
#2167=VECTOR('',#2166,7.E-1);
#2168=CARTESIAN_POINT('',(-6.3E-1,8.5E-1,-4.25E-1));
#2169=LINE('',#2168,#2167);
#2170=DIRECTION('',(0.E0,0.E0,-1.E0));
#2171=VECTOR('',#2170,2.3E0);
#2172=CARTESIAN_POINT('',(-6.3E-1,1.95E0,9.25E-1));
#2173=LINE('',#2172,#2171);
#2174=DIRECTION('',(0.E0,1.E0,0.E0));
#2175=VECTOR('',#2174,7.E-1);
#2176=CARTESIAN_POINT('',(-3.7E-1,8.5E-1,-4.25E-1));
#2177=LINE('',#2176,#2175);
#2178=DIRECTION('',(0.E0,0.E0,-1.E0));
#2179=VECTOR('',#2178,1.35E0);
#2180=CARTESIAN_POINT('',(-3.7E-1,1.55E0,9.25E-1));
#2181=LINE('',#2180,#2179);
#2182=DIRECTION('',(0.E0,1.E0,0.E0));
#2183=VECTOR('',#2182,7.E-1);
#2184=CARTESIAN_POINT('',(-3.7E-1,8.5E-1,-1.025E0));
#2185=LINE('',#2184,#2183);
#2186=DIRECTION('',(0.E0,0.E0,-1.E0));
#2187=VECTOR('',#2186,3.5E-1);
#2188=CARTESIAN_POINT('',(-3.7E-1,1.55E0,-1.025E0));
#2189=LINE('',#2188,#2187);
#2190=DIRECTION('',(0.E0,0.E0,1.E0));
#2191=VECTOR('',#2190,2.3E0);
#2192=CARTESIAN_POINT('',(-3.7E-1,1.95E0,-1.375E0));
#2193=LINE('',#2192,#2191);
#2194=DIRECTION('',(0.E0,1.E0,0.E0));
#2195=VECTOR('',#2194,7.E-1);
#2196=CARTESIAN_POINT('',(3.7E-1,8.5E-1,-4.25E-1));
#2197=LINE('',#2196,#2195);
#2198=DIRECTION('',(0.E0,0.E0,-1.E0));
#2199=VECTOR('',#2198,2.3E0);
#2200=CARTESIAN_POINT('',(3.7E-1,1.95E0,9.25E-1));
#2201=LINE('',#2200,#2199);
#2202=DIRECTION('',(0.E0,1.E0,0.E0));
#2203=VECTOR('',#2202,7.E-1);
#2204=CARTESIAN_POINT('',(6.3E-1,8.5E-1,-4.25E-1));
#2205=LINE('',#2204,#2203);
#2206=DIRECTION('',(0.E0,0.E0,-1.E0));
#2207=VECTOR('',#2206,1.35E0);
#2208=CARTESIAN_POINT('',(6.3E-1,1.55E0,9.25E-1));
#2209=LINE('',#2208,#2207);
#2210=DIRECTION('',(0.E0,1.E0,0.E0));
#2211=VECTOR('',#2210,7.E-1);
#2212=CARTESIAN_POINT('',(6.3E-1,8.5E-1,-1.025E0));
#2213=LINE('',#2212,#2211);
#2214=DIRECTION('',(0.E0,0.E0,-1.E0));
#2215=VECTOR('',#2214,3.5E-1);
#2216=CARTESIAN_POINT('',(6.3E-1,1.55E0,-1.025E0));
#2217=LINE('',#2216,#2215);
#2218=DIRECTION('',(0.E0,0.E0,1.E0));
#2219=VECTOR('',#2218,2.3E0);
#2220=CARTESIAN_POINT('',(6.3E-1,1.95E0,-1.375E0));
#2221=LINE('',#2220,#2219);
#2222=DIRECTION('',(0.E0,1.E0,0.E0));
#2223=VECTOR('',#2222,7.E-1);
#2224=CARTESIAN_POINT('',(1.37E0,8.5E-1,-4.25E-1));
#2225=LINE('',#2224,#2223);
#2226=DIRECTION('',(0.E0,0.E0,-1.E0));
#2227=VECTOR('',#2226,2.3E0);
#2228=CARTESIAN_POINT('',(1.37E0,1.95E0,9.25E-1));
#2229=LINE('',#2228,#2227);
#2230=DIRECTION('',(0.E0,1.E0,0.E0));
#2231=VECTOR('',#2230,7.E-1);
#2232=CARTESIAN_POINT('',(1.63E0,8.5E-1,-4.25E-1));
#2233=LINE('',#2232,#2231);
#2234=DIRECTION('',(0.E0,0.E0,-1.E0));
#2235=VECTOR('',#2234,1.35E0);
#2236=CARTESIAN_POINT('',(1.63E0,1.55E0,9.25E-1));
#2237=LINE('',#2236,#2235);
#2238=DIRECTION('',(0.E0,1.E0,0.E0));
#2239=VECTOR('',#2238,7.E-1);
#2240=CARTESIAN_POINT('',(1.63E0,8.5E-1,-1.025E0));
#2241=LINE('',#2240,#2239);
#2242=DIRECTION('',(0.E0,0.E0,-1.E0));
#2243=VECTOR('',#2242,3.5E-1);
#2244=CARTESIAN_POINT('',(1.63E0,1.55E0,-1.025E0));
#2245=LINE('',#2244,#2243);
#2246=DIRECTION('',(0.E0,0.E0,1.E0));
#2247=VECTOR('',#2246,2.3E0);
#2248=CARTESIAN_POINT('',(1.63E0,1.95E0,-1.375E0));
#2249=LINE('',#2248,#2247);
#2250=DIRECTION('',(0.E0,-9.989287459547E-1,4.627483663151E-2));
#2251=VECTOR('',#2250,1.824054025253E0);
#2252=CARTESIAN_POINT('',(-2.4E0,8.5E-1,2.062419058448E-1));
#2253=LINE('',#2252,#2251);
#2254=DIRECTION('',(0.E0,0.E0,1.E0));
#2255=VECTOR('',#2254,1.313502921296E-1);
#2256=CARTESIAN_POINT('',(-2.4E0,-9.721E-1,2.906497078704E-1));
#2257=LINE('',#2256,#2255);
#2258=CARTESIAN_POINT('',(-2.4E0,-7.722E-1,4.22E-1));
#2259=DIRECTION('',(-1.E0,0.E0,0.E0));
#2260=DIRECTION('',(0.E0,-1.E0,0.E0));
#2261=AXIS2_PLACEMENT_3D('',#2258,#2259,#2260);
#2263=DIRECTION('',(0.E0,1.E0,0.E0));
#2264=VECTOR('',#2263,1.6222E0);
#2265=CARTESIAN_POINT('',(-2.4E0,-7.722E-1,6.219E-1));
#2266=LINE('',#2265,#2264);
#2267=DIRECTION('',(0.E0,1.E0,0.E0));
#2268=VECTOR('',#2267,7.87E-2);
#2269=CARTESIAN_POINT('',(-2.4E0,1.55E0,6.219E-1));
#2270=LINE('',#2269,#2268);
#2271=DIRECTION('',(0.E0,0.E0,1.E0));
#2272=VECTOR('',#2271,3.031E-1);
#2273=CARTESIAN_POINT('',(-2.4E0,1.6287E0,6.219E-1));
#2274=LINE('',#2273,#2272);
#2275=DIRECTION('',(0.E0,1.E0,0.E0));
#2276=VECTOR('',#2275,2.907E-1);
#2277=CARTESIAN_POINT('',(-2.4E0,1.6287E0,9.25E-1));
#2278=LINE('',#2277,#2276);
#2279=CARTESIAN_POINT('',(-2.4E0,1.9194E0,7.524E-1));
#2280=DIRECTION('',(-1.E0,0.E0,0.E0));
#2281=DIRECTION('',(0.E0,0.E0,1.E0));
#2282=AXIS2_PLACEMENT_3D('',#2279,#2280,#2281);
#2284=DIRECTION('',(0.E0,0.E0,-1.E0));
#2285=VECTOR('',#2284,1.6508E0);
#2286=CARTESIAN_POINT('',(-2.4E0,2.092E0,7.524E-1));
#2287=LINE('',#2286,#2285);
#2288=DIRECTION('',(0.E0,5.394401105747E-1,-8.420239706227E-1));
#2289=VECTOR('',#2288,5.066364080877E-1);
#2290=CARTESIAN_POINT('',(-2.4E0,2.092E0,-8.984E-1));
#2291=LINE('',#2290,#2289);
#2292=DIRECTION('',(0.E0,1.E0,0.E0));
#2293=VECTOR('',#2292,3.741305030049E-1);
#2294=CARTESIAN_POINT('',(-2.4E0,2.3653E0,-1.325E0));
#2295=LINE('',#2294,#2293);
#2296=CARTESIAN_POINT('',(-2.4E0,2.739430503005E0,-1.475569496995E0));
#2297=DIRECTION('',(-1.E0,0.E0,0.E0));
#2298=DIRECTION('',(0.E0,0.E0,1.E0));
#2299=AXIS2_PLACEMENT_3D('',#2296,#2297,#2298);
#2301=DIRECTION('',(0.E0,0.E0,-1.E0));
#2302=VECTOR('',#2301,1.494305030049E-1);
#2303=CARTESIAN_POINT('',(-2.4E0,2.89E0,-1.475569496995E0));
#2304=LINE('',#2303,#2302);
#2305=DIRECTION('',(0.E0,-1.E0,0.E0));
#2306=VECTOR('',#2305,7.4E-1);
#2307=CARTESIAN_POINT('',(-2.4E0,2.89E0,-1.625E0));
#2308=LINE('',#2307,#2306);
#2309=DIRECTION('',(0.E0,-7.114817154672E-1,7.027046097443E-1));
#2310=VECTOR('',#2309,7.326962712706E-1);
#2311=CARTESIAN_POINT('',(-2.4E0,2.15E0,-1.625E0));
#2312=LINE('',#2311,#2310);
#2313=DIRECTION('',(0.E0,0.E0,1.E0));
#2314=VECTOR('',#2313,1.2803E0);
#2315=CARTESIAN_POINT('',(-2.4E0,1.6287E0,-1.110130952636E0));
#2316=LINE('',#2315,#2314);
#2317=DIRECTION('',(0.E0,-9.989287459547E-1,4.627483663151E-2));
#2318=VECTOR('',#2317,7.878439810517E-2);
#2319=CARTESIAN_POINT('',(-2.4E0,1.6287E0,1.701690473643E-1));
#2320=LINE('',#2319,#2318);
#2321=DIRECTION('',(-1.E0,0.E0,0.E0));
#2322=VECTOR('',#2321,2.E-1);
#2323=CARTESIAN_POINT('',(-2.4E0,1.6287E0,1.701690473643E-1));
#2324=LINE('',#2323,#2322);
#2325=DIRECTION('',(0.E0,1.E0,0.E0));
#2326=VECTOR('',#2325,1.6222E0);
#2327=CARTESIAN_POINT('',(-2.6E0,-7.722E-1,6.219E-1));
#2328=LINE('',#2327,#2326);
#2329=CARTESIAN_POINT('',(-2.6E0,-7.722E-1,4.22E-1));
#2330=DIRECTION('',(-1.E0,0.E0,0.E0));
#2331=DIRECTION('',(0.E0,-1.E0,0.E0));
#2332=AXIS2_PLACEMENT_3D('',#2329,#2330,#2331);
#2334=DIRECTION('',(0.E0,0.E0,1.E0));
#2335=VECTOR('',#2334,1.313502921296E-1);
#2336=CARTESIAN_POINT('',(-2.6E0,-9.721E-1,2.906497078704E-1));
#2337=LINE('',#2336,#2335);
#2338=DIRECTION('',(0.E0,-9.989287459547E-1,4.627483663151E-2));
#2339=VECTOR('',#2338,1.824054025253E0);
#2340=CARTESIAN_POINT('',(-2.6E0,8.5E-1,2.062419058448E-1));
#2341=LINE('',#2340,#2339);
#2342=DIRECTION('',(1.127353182942E-14,-9.989287459547E-1,4.627483663151E-2));
#2343=VECTOR('',#2342,7.878439810517E-2);
#2344=CARTESIAN_POINT('',(-2.6E0,1.6287E0,1.701690473643E-1));
#2345=LINE('',#2344,#2343);
#2346=DIRECTION('',(0.E0,0.E0,1.E0));
#2347=VECTOR('',#2346,1.2803E0);
#2348=CARTESIAN_POINT('',(-2.6E0,1.6287E0,-1.110130952636E0));
#2349=LINE('',#2348,#2347);
#2350=DIRECTION('',(0.E0,-7.114817154672E-1,7.027046097443E-1));
#2351=VECTOR('',#2350,7.326962712706E-1);
#2352=CARTESIAN_POINT('',(-2.6E0,2.15E0,-1.625E0));
#2353=LINE('',#2352,#2351);
#2354=DIRECTION('',(0.E0,-1.E0,0.E0));
#2355=VECTOR('',#2354,7.4E-1);
#2356=CARTESIAN_POINT('',(-2.6E0,2.89E0,-1.625E0));
#2357=LINE('',#2356,#2355);
#2358=DIRECTION('',(0.E0,0.E0,-1.E0));
#2359=VECTOR('',#2358,1.494305030049E-1);
#2360=CARTESIAN_POINT('',(-2.6E0,2.89E0,-1.475569496995E0));
#2361=LINE('',#2360,#2359);
#2362=CARTESIAN_POINT('',(-2.6E0,2.739430503005E0,-1.475569496995E0));
#2363=DIRECTION('',(-1.E0,0.E0,0.E0));
#2364=DIRECTION('',(0.E0,0.E0,1.E0));
#2365=AXIS2_PLACEMENT_3D('',#2362,#2363,#2364);
#2367=DIRECTION('',(0.E0,1.E0,0.E0));
#2368=VECTOR('',#2367,3.741305030049E-1);
#2369=CARTESIAN_POINT('',(-2.6E0,2.3653E0,-1.325E0));
#2370=LINE('',#2369,#2368);
#2371=DIRECTION('',(0.E0,5.394401105747E-1,-8.420239706227E-1));
#2372=VECTOR('',#2371,5.066364080877E-1);
#2373=CARTESIAN_POINT('',(-2.6E0,2.092E0,-8.984E-1));
#2374=LINE('',#2373,#2372);
#2375=DIRECTION('',(0.E0,0.E0,-1.E0));
#2376=VECTOR('',#2375,1.6508E0);
#2377=CARTESIAN_POINT('',(-2.6E0,2.092E0,7.524E-1));
#2378=LINE('',#2377,#2376);
#2379=CARTESIAN_POINT('',(-2.6E0,1.9194E0,7.524E-1));
#2380=DIRECTION('',(-1.E0,0.E0,0.E0));
#2381=DIRECTION('',(0.E0,0.E0,1.E0));
#2382=AXIS2_PLACEMENT_3D('',#2379,#2380,#2381);
#2384=DIRECTION('',(0.E0,1.E0,0.E0));
#2385=VECTOR('',#2384,2.907E-1);
#2386=CARTESIAN_POINT('',(-2.6E0,1.6287E0,9.25E-1));
#2387=LINE('',#2386,#2385);
#2388=DIRECTION('',(0.E0,0.E0,1.E0));
#2389=VECTOR('',#2388,3.031E-1);
#2390=CARTESIAN_POINT('',(-2.6E0,1.6287E0,6.219E-1));
#2391=LINE('',#2390,#2389);
#2392=DIRECTION('',(-1.128562159721E-14,1.E0,0.E0));
#2393=VECTOR('',#2392,7.87E-2);
#2394=CARTESIAN_POINT('',(-2.6E0,1.55E0,6.219E-1));
#2395=LINE('',#2394,#2393);
#2396=DIRECTION('',(-1.E0,0.E0,0.E0));
#2397=VECTOR('',#2396,2.E-1);
#2398=CARTESIAN_POINT('',(-2.4E0,-7.722E-1,6.219E-1));
#2399=LINE('',#2398,#2397);
#2400=DIRECTION('',(-1.E0,0.E0,0.E0));
#2401=VECTOR('',#2400,2.E-1);
#2402=CARTESIAN_POINT('',(-2.4E0,-9.721E-1,4.22E-1));
#2403=LINE('',#2402,#2401);
#2404=DIRECTION('',(-1.E0,0.E0,0.E0));
#2405=VECTOR('',#2404,2.E-1);
#2406=CARTESIAN_POINT('',(-2.4E0,-9.721E-1,2.906497078704E-1));
#2407=LINE('',#2406,#2405);
#2408=DIRECTION('',(-1.E0,0.E0,0.E0));
#2409=VECTOR('',#2408,2.E-1);
#2410=CARTESIAN_POINT('',(-2.4E0,1.6287E0,6.219E-1));
#2411=LINE('',#2410,#2409);
#2412=DIRECTION('',(-1.E0,0.E0,0.E0));
#2413=VECTOR('',#2412,2.E-1);
#2414=CARTESIAN_POINT('',(-2.4E0,1.6287E0,9.25E-1));
#2415=LINE('',#2414,#2413);
#2416=DIRECTION('',(-1.E0,0.E0,0.E0));
#2417=VECTOR('',#2416,2.E-1);
#2418=CARTESIAN_POINT('',(-2.4E0,1.9194E0,9.25E-1));
#2419=LINE('',#2418,#2417);
#2420=DIRECTION('',(-1.E0,0.E0,0.E0));
#2421=VECTOR('',#2420,2.E-1);
#2422=CARTESIAN_POINT('',(-2.4E0,2.092E0,7.524E-1));
#2423=LINE('',#2422,#2421);
#2424=DIRECTION('',(-1.E0,0.E0,0.E0));
#2425=VECTOR('',#2424,2.E-1);
#2426=CARTESIAN_POINT('',(-2.4E0,2.092E0,-8.984E-1));
#2427=LINE('',#2426,#2425);
#2428=DIRECTION('',(-1.E0,0.E0,0.E0));
#2429=VECTOR('',#2428,2.E-1);
#2430=CARTESIAN_POINT('',(-2.4E0,2.3653E0,-1.325E0));
#2431=LINE('',#2430,#2429);
#2432=DIRECTION('',(-1.E0,0.E0,0.E0));
#2433=VECTOR('',#2432,2.E-1);
#2434=CARTESIAN_POINT('',(-2.4E0,2.739430503005E0,-1.325E0));
#2435=LINE('',#2434,#2433);
#2436=DIRECTION('',(-1.E0,0.E0,0.E0));
#2437=VECTOR('',#2436,2.E-1);
#2438=CARTESIAN_POINT('',(-2.4E0,2.89E0,-1.475569496995E0));
#2439=LINE('',#2438,#2437);
#2440=DIRECTION('',(-1.E0,0.E0,0.E0));
#2441=VECTOR('',#2440,2.E-1);
#2442=CARTESIAN_POINT('',(-2.4E0,2.89E0,-1.625E0));
#2443=LINE('',#2442,#2441);
#2444=DIRECTION('',(-1.E0,0.E0,0.E0));
#2445=VECTOR('',#2444,2.E-1);
#2446=CARTESIAN_POINT('',(-2.4E0,2.15E0,-1.625E0));
#2447=LINE('',#2446,#2445);
#2448=DIRECTION('',(-1.E0,0.E0,0.E0));
#2449=VECTOR('',#2448,2.E-1);
#2450=CARTESIAN_POINT('',(-2.4E0,1.6287E0,-1.110130952636E0));
#2451=LINE('',#2450,#2449);
#2452=DIRECTION('',(0.E0,-9.989287459547E-1,4.627483663151E-2));
#2453=VECTOR('',#2452,1.824054025253E0);
#2454=CARTESIAN_POINT('',(-1.4E0,8.5E-1,2.062419058448E-1));
#2455=LINE('',#2454,#2453);
#2456=DIRECTION('',(0.E0,0.E0,1.E0));
#2457=VECTOR('',#2456,1.313502921296E-1);
#2458=CARTESIAN_POINT('',(-1.4E0,-9.721E-1,2.906497078704E-1));
#2459=LINE('',#2458,#2457);
#2460=CARTESIAN_POINT('',(-1.4E0,-7.722E-1,4.22E-1));
#2461=DIRECTION('',(-1.E0,0.E0,0.E0));
#2462=DIRECTION('',(0.E0,-1.E0,0.E0));
#2463=AXIS2_PLACEMENT_3D('',#2460,#2461,#2462);
#2465=DIRECTION('',(0.E0,1.E0,0.E0));
#2466=VECTOR('',#2465,1.6222E0);
#2467=CARTESIAN_POINT('',(-1.4E0,-7.722E-1,6.219E-1));
#2468=LINE('',#2467,#2466);
#2469=DIRECTION('',(0.E0,1.E0,0.E0));
#2470=VECTOR('',#2469,7.87E-2);
#2471=CARTESIAN_POINT('',(-1.4E0,1.55E0,6.219E-1));
#2472=LINE('',#2471,#2470);
#2473=DIRECTION('',(0.E0,0.E0,1.E0));
#2474=VECTOR('',#2473,3.031E-1);
#2475=CARTESIAN_POINT('',(-1.4E0,1.6287E0,6.219E-1));
#2476=LINE('',#2475,#2474);
#2477=DIRECTION('',(0.E0,1.E0,0.E0));
#2478=VECTOR('',#2477,2.907E-1);
#2479=CARTESIAN_POINT('',(-1.4E0,1.6287E0,9.25E-1));
#2480=LINE('',#2479,#2478);
#2481=CARTESIAN_POINT('',(-1.4E0,1.9194E0,7.524E-1));
#2482=DIRECTION('',(-1.E0,0.E0,0.E0));
#2483=DIRECTION('',(0.E0,0.E0,1.E0));
#2484=AXIS2_PLACEMENT_3D('',#2481,#2482,#2483);
#2486=DIRECTION('',(0.E0,0.E0,-1.E0));
#2487=VECTOR('',#2486,1.6508E0);
#2488=CARTESIAN_POINT('',(-1.4E0,2.092E0,7.524E-1));
#2489=LINE('',#2488,#2487);
#2490=DIRECTION('',(0.E0,5.394401105747E-1,-8.420239706227E-1));
#2491=VECTOR('',#2490,5.066364080877E-1);
#2492=CARTESIAN_POINT('',(-1.4E0,2.092E0,-8.984E-1));
#2493=LINE('',#2492,#2491);
#2494=DIRECTION('',(0.E0,1.E0,0.E0));
#2495=VECTOR('',#2494,3.741305030049E-1);
#2496=CARTESIAN_POINT('',(-1.4E0,2.3653E0,-1.325E0));
#2497=LINE('',#2496,#2495);
#2498=CARTESIAN_POINT('',(-1.4E0,2.739430503005E0,-1.475569496995E0));
#2499=DIRECTION('',(-1.E0,0.E0,0.E0));
#2500=DIRECTION('',(0.E0,0.E0,1.E0));
#2501=AXIS2_PLACEMENT_3D('',#2498,#2499,#2500);
#2503=DIRECTION('',(0.E0,0.E0,-1.E0));
#2504=VECTOR('',#2503,1.494305030049E-1);
#2505=CARTESIAN_POINT('',(-1.4E0,2.89E0,-1.475569496995E0));
#2506=LINE('',#2505,#2504);
#2507=DIRECTION('',(0.E0,-1.E0,0.E0));
#2508=VECTOR('',#2507,7.4E-1);
#2509=CARTESIAN_POINT('',(-1.4E0,2.89E0,-1.625E0));
#2510=LINE('',#2509,#2508);
#2511=DIRECTION('',(0.E0,-7.114817154672E-1,7.027046097443E-1));
#2512=VECTOR('',#2511,7.326962712706E-1);
#2513=CARTESIAN_POINT('',(-1.4E0,2.15E0,-1.625E0));
#2514=LINE('',#2513,#2512);
#2515=DIRECTION('',(0.E0,0.E0,1.E0));
#2516=VECTOR('',#2515,1.2803E0);
#2517=CARTESIAN_POINT('',(-1.4E0,1.6287E0,-1.110130952636E0));
#2518=LINE('',#2517,#2516);
#2519=DIRECTION('',(0.E0,-9.989287459547E-1,4.627483663151E-2));
#2520=VECTOR('',#2519,7.878439810517E-2);
#2521=CARTESIAN_POINT('',(-1.4E0,1.6287E0,1.701690473643E-1));
#2522=LINE('',#2521,#2520);
#2523=DIRECTION('',(-1.E0,0.E0,0.E0));
#2524=VECTOR('',#2523,2.E-1);
#2525=CARTESIAN_POINT('',(-1.4E0,1.6287E0,1.701690473643E-1));
#2526=LINE('',#2525,#2524);
#2527=DIRECTION('',(0.E0,1.E0,0.E0));
#2528=VECTOR('',#2527,1.6222E0);
#2529=CARTESIAN_POINT('',(-1.6E0,-7.722E-1,6.219E-1));
#2530=LINE('',#2529,#2528);
#2531=CARTESIAN_POINT('',(-1.6E0,-7.722E-1,4.22E-1));
#2532=DIRECTION('',(-1.E0,0.E0,0.E0));
#2533=DIRECTION('',(0.E0,-1.E0,0.E0));
#2534=AXIS2_PLACEMENT_3D('',#2531,#2532,#2533);
#2536=DIRECTION('',(0.E0,0.E0,1.E0));
#2537=VECTOR('',#2536,1.313502921296E-1);
#2538=CARTESIAN_POINT('',(-1.6E0,-9.721E-1,2.906497078704E-1));
#2539=LINE('',#2538,#2537);
#2540=DIRECTION('',(0.E0,-9.989287459547E-1,4.627483663151E-2));
#2541=VECTOR('',#2540,1.824054025253E0);
#2542=CARTESIAN_POINT('',(-1.6E0,8.5E-1,2.062419058448E-1));
#2543=LINE('',#2542,#2541);
#2544=DIRECTION('',(0.E0,-9.989287459547E-1,4.627483663151E-2));
#2545=VECTOR('',#2544,7.878439810517E-2);
#2546=CARTESIAN_POINT('',(-1.6E0,1.6287E0,1.701690473643E-1));
#2547=LINE('',#2546,#2545);
#2548=DIRECTION('',(0.E0,0.E0,1.E0));
#2549=VECTOR('',#2548,1.2803E0);
#2550=CARTESIAN_POINT('',(-1.6E0,1.6287E0,-1.110130952636E0));
#2551=LINE('',#2550,#2549);
#2552=DIRECTION('',(0.E0,-7.114817154672E-1,7.027046097443E-1));
#2553=VECTOR('',#2552,7.326962712706E-1);
#2554=CARTESIAN_POINT('',(-1.6E0,2.15E0,-1.625E0));
#2555=LINE('',#2554,#2553);
#2556=DIRECTION('',(0.E0,-1.E0,0.E0));
#2557=VECTOR('',#2556,7.4E-1);
#2558=CARTESIAN_POINT('',(-1.6E0,2.89E0,-1.625E0));
#2559=LINE('',#2558,#2557);
#2560=DIRECTION('',(0.E0,0.E0,-1.E0));
#2561=VECTOR('',#2560,1.494305030049E-1);
#2562=CARTESIAN_POINT('',(-1.6E0,2.89E0,-1.475569496995E0));
#2563=LINE('',#2562,#2561);
#2564=CARTESIAN_POINT('',(-1.6E0,2.739430503005E0,-1.475569496995E0));
#2565=DIRECTION('',(-1.E0,0.E0,0.E0));
#2566=DIRECTION('',(0.E0,0.E0,1.E0));
#2567=AXIS2_PLACEMENT_3D('',#2564,#2565,#2566);
#2569=DIRECTION('',(0.E0,1.E0,0.E0));
#2570=VECTOR('',#2569,3.741305030049E-1);
#2571=CARTESIAN_POINT('',(-1.6E0,2.3653E0,-1.325E0));
#2572=LINE('',#2571,#2570);
#2573=DIRECTION('',(0.E0,5.394401105747E-1,-8.420239706227E-1));
#2574=VECTOR('',#2573,5.066364080877E-1);
#2575=CARTESIAN_POINT('',(-1.6E0,2.092E0,-8.984E-1));
#2576=LINE('',#2575,#2574);
#2577=DIRECTION('',(0.E0,0.E0,-1.E0));
#2578=VECTOR('',#2577,1.6508E0);
#2579=CARTESIAN_POINT('',(-1.6E0,2.092E0,7.524E-1));
#2580=LINE('',#2579,#2578);
#2581=CARTESIAN_POINT('',(-1.6E0,1.9194E0,7.524E-1));
#2582=DIRECTION('',(-1.E0,0.E0,0.E0));
#2583=DIRECTION('',(0.E0,0.E0,1.E0));
#2584=AXIS2_PLACEMENT_3D('',#2581,#2582,#2583);
#2586=DIRECTION('',(0.E0,1.E0,0.E0));
#2587=VECTOR('',#2586,2.907E-1);
#2588=CARTESIAN_POINT('',(-1.6E0,1.6287E0,9.25E-1));
#2589=LINE('',#2588,#2587);
#2590=DIRECTION('',(0.E0,0.E0,1.E0));
#2591=VECTOR('',#2590,3.031E-1);
#2592=CARTESIAN_POINT('',(-1.6E0,1.6287E0,6.219E-1));
#2593=LINE('',#2592,#2591);
#2594=DIRECTION('',(0.E0,1.E0,0.E0));
#2595=VECTOR('',#2594,7.87E-2);
#2596=CARTESIAN_POINT('',(-1.6E0,1.55E0,6.219E-1));
#2597=LINE('',#2596,#2595);
#2598=DIRECTION('',(-1.E0,0.E0,0.E0));
#2599=VECTOR('',#2598,2.E-1);
#2600=CARTESIAN_POINT('',(-1.4E0,-7.722E-1,6.219E-1));
#2601=LINE('',#2600,#2599);
#2602=DIRECTION('',(-1.E0,0.E0,0.E0));
#2603=VECTOR('',#2602,2.E-1);
#2604=CARTESIAN_POINT('',(-1.4E0,-9.721E-1,4.22E-1));
#2605=LINE('',#2604,#2603);
#2606=DIRECTION('',(-1.E0,0.E0,0.E0));
#2607=VECTOR('',#2606,2.E-1);
#2608=CARTESIAN_POINT('',(-1.4E0,-9.721E-1,2.906497078704E-1));
#2609=LINE('',#2608,#2607);
#2610=DIRECTION('',(-1.E0,0.E0,0.E0));
#2611=VECTOR('',#2610,2.E-1);
#2612=CARTESIAN_POINT('',(-1.4E0,1.6287E0,6.219E-1));
#2613=LINE('',#2612,#2611);
#2614=DIRECTION('',(-1.E0,0.E0,0.E0));
#2615=VECTOR('',#2614,2.E-1);
#2616=CARTESIAN_POINT('',(-1.4E0,1.6287E0,9.25E-1));
#2617=LINE('',#2616,#2615);
#2618=DIRECTION('',(-1.E0,0.E0,0.E0));
#2619=VECTOR('',#2618,2.E-1);
#2620=CARTESIAN_POINT('',(-1.4E0,1.9194E0,9.25E-1));
#2621=LINE('',#2620,#2619);
#2622=DIRECTION('',(-1.E0,0.E0,0.E0));
#2623=VECTOR('',#2622,2.E-1);
#2624=CARTESIAN_POINT('',(-1.4E0,2.092E0,7.524E-1));
#2625=LINE('',#2624,#2623);
#2626=DIRECTION('',(-1.E0,0.E0,0.E0));
#2627=VECTOR('',#2626,2.E-1);
#2628=CARTESIAN_POINT('',(-1.4E0,2.092E0,-8.984E-1));
#2629=LINE('',#2628,#2627);
#2630=DIRECTION('',(-1.E0,0.E0,0.E0));
#2631=VECTOR('',#2630,2.E-1);
#2632=CARTESIAN_POINT('',(-1.4E0,2.3653E0,-1.325E0));
#2633=LINE('',#2632,#2631);
#2634=DIRECTION('',(-1.E0,0.E0,0.E0));
#2635=VECTOR('',#2634,2.E-1);
#2636=CARTESIAN_POINT('',(-1.4E0,2.739430503005E0,-1.325E0));
#2637=LINE('',#2636,#2635);
#2638=DIRECTION('',(-1.E0,0.E0,0.E0));
#2639=VECTOR('',#2638,2.E-1);
#2640=CARTESIAN_POINT('',(-1.4E0,2.89E0,-1.475569496995E0));
#2641=LINE('',#2640,#2639);
#2642=DIRECTION('',(-1.E0,0.E0,0.E0));
#2643=VECTOR('',#2642,2.E-1);
#2644=CARTESIAN_POINT('',(-1.4E0,2.89E0,-1.625E0));
#2645=LINE('',#2644,#2643);
#2646=DIRECTION('',(-1.E0,0.E0,0.E0));
#2647=VECTOR('',#2646,2.E-1);
#2648=CARTESIAN_POINT('',(-1.4E0,2.15E0,-1.625E0));
#2649=LINE('',#2648,#2647);
#2650=DIRECTION('',(-1.E0,0.E0,0.E0));
#2651=VECTOR('',#2650,2.E-1);
#2652=CARTESIAN_POINT('',(-1.4E0,1.6287E0,-1.110130952636E0));
#2653=LINE('',#2652,#2651);
#2654=DIRECTION('',(0.E0,-9.989287459547E-1,4.627483663151E-2));
#2655=VECTOR('',#2654,1.824054025253E0);
#2656=CARTESIAN_POINT('',(-4.E-1,8.5E-1,2.062419058448E-1));
#2657=LINE('',#2656,#2655);
#2658=DIRECTION('',(0.E0,0.E0,1.E0));
#2659=VECTOR('',#2658,1.313502921296E-1);
#2660=CARTESIAN_POINT('',(-4.E-1,-9.721E-1,2.906497078704E-1));
#2661=LINE('',#2660,#2659);
#2662=CARTESIAN_POINT('',(-4.E-1,-7.722E-1,4.22E-1));
#2663=DIRECTION('',(-1.E0,0.E0,0.E0));
#2664=DIRECTION('',(0.E0,-1.E0,0.E0));
#2665=AXIS2_PLACEMENT_3D('',#2662,#2663,#2664);
#2667=DIRECTION('',(0.E0,1.E0,0.E0));
#2668=VECTOR('',#2667,1.6222E0);
#2669=CARTESIAN_POINT('',(-4.E-1,-7.722E-1,6.219E-1));
#2670=LINE('',#2669,#2668);
#2671=DIRECTION('',(0.E0,1.E0,0.E0));
#2672=VECTOR('',#2671,7.87E-2);
#2673=CARTESIAN_POINT('',(-4.E-1,1.55E0,6.219E-1));
#2674=LINE('',#2673,#2672);
#2675=DIRECTION('',(0.E0,0.E0,1.E0));
#2676=VECTOR('',#2675,3.031E-1);
#2677=CARTESIAN_POINT('',(-4.E-1,1.6287E0,6.219E-1));
#2678=LINE('',#2677,#2676);
#2679=DIRECTION('',(0.E0,1.E0,0.E0));
#2680=VECTOR('',#2679,2.907E-1);
#2681=CARTESIAN_POINT('',(-4.E-1,1.6287E0,9.25E-1));
#2682=LINE('',#2681,#2680);
#2683=CARTESIAN_POINT('',(-4.E-1,1.9194E0,7.524E-1));
#2684=DIRECTION('',(-1.E0,0.E0,0.E0));
#2685=DIRECTION('',(0.E0,0.E0,1.E0));
#2686=AXIS2_PLACEMENT_3D('',#2683,#2684,#2685);
#2688=DIRECTION('',(0.E0,0.E0,-1.E0));
#2689=VECTOR('',#2688,1.6508E0);
#2690=CARTESIAN_POINT('',(-4.E-1,2.092E0,7.524E-1));
#2691=LINE('',#2690,#2689);
#2692=DIRECTION('',(0.E0,5.394401105747E-1,-8.420239706227E-1));
#2693=VECTOR('',#2692,5.066364080877E-1);
#2694=CARTESIAN_POINT('',(-4.E-1,2.092E0,-8.984E-1));
#2695=LINE('',#2694,#2693);
#2696=DIRECTION('',(0.E0,1.E0,0.E0));
#2697=VECTOR('',#2696,3.741305030049E-1);
#2698=CARTESIAN_POINT('',(-4.E-1,2.3653E0,-1.325E0));
#2699=LINE('',#2698,#2697);
#2700=CARTESIAN_POINT('',(-4.E-1,2.739430503005E0,-1.475569496995E0));
#2701=DIRECTION('',(-1.E0,0.E0,0.E0));
#2702=DIRECTION('',(0.E0,0.E0,1.E0));
#2703=AXIS2_PLACEMENT_3D('',#2700,#2701,#2702);
#2705=DIRECTION('',(0.E0,0.E0,-1.E0));
#2706=VECTOR('',#2705,1.494305030049E-1);
#2707=CARTESIAN_POINT('',(-4.E-1,2.89E0,-1.475569496995E0));
#2708=LINE('',#2707,#2706);
#2709=DIRECTION('',(0.E0,-1.E0,0.E0));
#2710=VECTOR('',#2709,7.4E-1);
#2711=CARTESIAN_POINT('',(-4.E-1,2.89E0,-1.625E0));
#2712=LINE('',#2711,#2710);
#2713=DIRECTION('',(0.E0,-7.114817154672E-1,7.027046097443E-1));
#2714=VECTOR('',#2713,7.326962712706E-1);
#2715=CARTESIAN_POINT('',(-4.E-1,2.15E0,-1.625E0));
#2716=LINE('',#2715,#2714);
#2717=DIRECTION('',(0.E0,0.E0,1.E0));
#2718=VECTOR('',#2717,1.2803E0);
#2719=CARTESIAN_POINT('',(-4.E-1,1.6287E0,-1.110130952636E0));
#2720=LINE('',#2719,#2718);
#2721=DIRECTION('',(0.E0,-9.989287459547E-1,4.627483663151E-2));
#2722=VECTOR('',#2721,7.878439810517E-2);
#2723=CARTESIAN_POINT('',(-4.E-1,1.6287E0,1.701690473643E-1));
#2724=LINE('',#2723,#2722);
#2725=DIRECTION('',(-1.E0,0.E0,0.E0));
#2726=VECTOR('',#2725,2.E-1);
#2727=CARTESIAN_POINT('',(-4.E-1,1.6287E0,1.701690473643E-1));
#2728=LINE('',#2727,#2726);
#2729=DIRECTION('',(0.E0,1.E0,0.E0));
#2730=VECTOR('',#2729,1.6222E0);
#2731=CARTESIAN_POINT('',(-6.E-1,-7.722E-1,6.219E-1));
#2732=LINE('',#2731,#2730);
#2733=CARTESIAN_POINT('',(-6.E-1,-7.722E-1,4.22E-1));
#2734=DIRECTION('',(-1.E0,0.E0,0.E0));
#2735=DIRECTION('',(0.E0,-1.E0,0.E0));
#2736=AXIS2_PLACEMENT_3D('',#2733,#2734,#2735);
#2738=DIRECTION('',(0.E0,0.E0,1.E0));
#2739=VECTOR('',#2738,1.313502921296E-1);
#2740=CARTESIAN_POINT('',(-6.E-1,-9.721E-1,2.906497078704E-1));
#2741=LINE('',#2740,#2739);
#2742=DIRECTION('',(0.E0,-9.989287459547E-1,4.627483663151E-2));
#2743=VECTOR('',#2742,1.824054025253E0);
#2744=CARTESIAN_POINT('',(-6.E-1,8.5E-1,2.062419058448E-1));
#2745=LINE('',#2744,#2743);
#2746=DIRECTION('',(0.E0,-9.989287459547E-1,4.627483663151E-2));
#2747=VECTOR('',#2746,7.878439810517E-2);
#2748=CARTESIAN_POINT('',(-6.E-1,1.6287E0,1.701690473643E-1));
#2749=LINE('',#2748,#2747);
#2750=DIRECTION('',(0.E0,0.E0,1.E0));
#2751=VECTOR('',#2750,1.2803E0);
#2752=CARTESIAN_POINT('',(-6.E-1,1.6287E0,-1.110130952636E0));
#2753=LINE('',#2752,#2751);
#2754=DIRECTION('',(0.E0,-7.114817154672E-1,7.027046097443E-1));
#2755=VECTOR('',#2754,7.326962712706E-1);
#2756=CARTESIAN_POINT('',(-6.E-1,2.15E0,-1.625E0));
#2757=LINE('',#2756,#2755);
#2758=DIRECTION('',(0.E0,-1.E0,0.E0));
#2759=VECTOR('',#2758,7.4E-1);
#2760=CARTESIAN_POINT('',(-6.E-1,2.89E0,-1.625E0));
#2761=LINE('',#2760,#2759);
#2762=DIRECTION('',(0.E0,0.E0,-1.E0));
#2763=VECTOR('',#2762,1.494305030049E-1);
#2764=CARTESIAN_POINT('',(-6.E-1,2.89E0,-1.475569496995E0));
#2765=LINE('',#2764,#2763);
#2766=CARTESIAN_POINT('',(-6.E-1,2.739430503005E0,-1.475569496995E0));
#2767=DIRECTION('',(-1.E0,0.E0,0.E0));
#2768=DIRECTION('',(0.E0,0.E0,1.E0));
#2769=AXIS2_PLACEMENT_3D('',#2766,#2767,#2768);
#2771=DIRECTION('',(0.E0,1.E0,0.E0));
#2772=VECTOR('',#2771,3.741305030049E-1);
#2773=CARTESIAN_POINT('',(-6.E-1,2.3653E0,-1.325E0));
#2774=LINE('',#2773,#2772);
#2775=DIRECTION('',(0.E0,5.394401105747E-1,-8.420239706227E-1));
#2776=VECTOR('',#2775,5.066364080877E-1);
#2777=CARTESIAN_POINT('',(-6.E-1,2.092E0,-8.984E-1));
#2778=LINE('',#2777,#2776);
#2779=DIRECTION('',(0.E0,0.E0,-1.E0));
#2780=VECTOR('',#2779,1.6508E0);
#2781=CARTESIAN_POINT('',(-6.E-1,2.092E0,7.524E-1));
#2782=LINE('',#2781,#2780);
#2783=CARTESIAN_POINT('',(-6.E-1,1.9194E0,7.524E-1));
#2784=DIRECTION('',(-1.E0,0.E0,0.E0));
#2785=DIRECTION('',(0.E0,0.E0,1.E0));
#2786=AXIS2_PLACEMENT_3D('',#2783,#2784,#2785);
#2788=DIRECTION('',(0.E0,1.E0,0.E0));
#2789=VECTOR('',#2788,2.907E-1);
#2790=CARTESIAN_POINT('',(-6.E-1,1.6287E0,9.25E-1));
#2791=LINE('',#2790,#2789);
#2792=DIRECTION('',(0.E0,0.E0,1.E0));
#2793=VECTOR('',#2792,3.031E-1);
#2794=CARTESIAN_POINT('',(-6.E-1,1.6287E0,6.219E-1));
#2795=LINE('',#2794,#2793);
#2796=DIRECTION('',(0.E0,1.E0,0.E0));
#2797=VECTOR('',#2796,7.87E-2);
#2798=CARTESIAN_POINT('',(-6.E-1,1.55E0,6.219E-1));
#2799=LINE('',#2798,#2797);
#2800=DIRECTION('',(-1.E0,0.E0,0.E0));
#2801=VECTOR('',#2800,2.E-1);
#2802=CARTESIAN_POINT('',(-4.E-1,-7.722E-1,6.219E-1));
#2803=LINE('',#2802,#2801);
#2804=DIRECTION('',(-1.E0,0.E0,0.E0));
#2805=VECTOR('',#2804,2.E-1);
#2806=CARTESIAN_POINT('',(-4.E-1,-9.721E-1,4.22E-1));
#2807=LINE('',#2806,#2805);
#2808=DIRECTION('',(-1.E0,0.E0,0.E0));
#2809=VECTOR('',#2808,2.E-1);
#2810=CARTESIAN_POINT('',(-4.E-1,-9.721E-1,2.906497078704E-1));
#2811=LINE('',#2810,#2809);
#2812=DIRECTION('',(-1.E0,0.E0,0.E0));
#2813=VECTOR('',#2812,2.E-1);
#2814=CARTESIAN_POINT('',(-4.E-1,1.6287E0,6.219E-1));
#2815=LINE('',#2814,#2813);
#2816=DIRECTION('',(-1.E0,0.E0,0.E0));
#2817=VECTOR('',#2816,2.E-1);
#2818=CARTESIAN_POINT('',(-4.E-1,1.6287E0,9.25E-1));
#2819=LINE('',#2818,#2817);
#2820=DIRECTION('',(-1.E0,0.E0,0.E0));
#2821=VECTOR('',#2820,2.E-1);
#2822=CARTESIAN_POINT('',(-4.E-1,1.9194E0,9.25E-1));
#2823=LINE('',#2822,#2821);
#2824=DIRECTION('',(-1.E0,0.E0,0.E0));
#2825=VECTOR('',#2824,2.E-1);
#2826=CARTESIAN_POINT('',(-4.E-1,2.092E0,7.524E-1));
#2827=LINE('',#2826,#2825);
#2828=DIRECTION('',(-1.E0,0.E0,0.E0));
#2829=VECTOR('',#2828,2.E-1);
#2830=CARTESIAN_POINT('',(-4.E-1,2.092E0,-8.984E-1));
#2831=LINE('',#2830,#2829);
#2832=DIRECTION('',(-1.E0,0.E0,0.E0));
#2833=VECTOR('',#2832,2.E-1);
#2834=CARTESIAN_POINT('',(-4.E-1,2.3653E0,-1.325E0));
#2835=LINE('',#2834,#2833);
#2836=DIRECTION('',(-1.E0,0.E0,0.E0));
#2837=VECTOR('',#2836,2.E-1);
#2838=CARTESIAN_POINT('',(-4.E-1,2.739430503005E0,-1.325E0));
#2839=LINE('',#2838,#2837);
#2840=DIRECTION('',(-1.E0,0.E0,0.E0));
#2841=VECTOR('',#2840,2.E-1);
#2842=CARTESIAN_POINT('',(-4.E-1,2.89E0,-1.475569496995E0));
#2843=LINE('',#2842,#2841);
#2844=DIRECTION('',(-1.E0,0.E0,0.E0));
#2845=VECTOR('',#2844,2.E-1);
#2846=CARTESIAN_POINT('',(-4.E-1,2.89E0,-1.625E0));
#2847=LINE('',#2846,#2845);
#2848=DIRECTION('',(-1.E0,0.E0,0.E0));
#2849=VECTOR('',#2848,2.E-1);
#2850=CARTESIAN_POINT('',(-4.E-1,2.15E0,-1.625E0));
#2851=LINE('',#2850,#2849);
#2852=DIRECTION('',(-1.E0,0.E0,0.E0));
#2853=VECTOR('',#2852,2.E-1);
#2854=CARTESIAN_POINT('',(-4.E-1,1.6287E0,-1.110130952636E0));
#2855=LINE('',#2854,#2853);
#2856=DIRECTION('',(0.E0,-9.989287459547E-1,4.627483663151E-2));
#2857=VECTOR('',#2856,1.824054025253E0);
#2858=CARTESIAN_POINT('',(6.E-1,8.5E-1,2.062419058448E-1));
#2859=LINE('',#2858,#2857);
#2860=DIRECTION('',(0.E0,0.E0,1.E0));
#2861=VECTOR('',#2860,1.313502921296E-1);
#2862=CARTESIAN_POINT('',(6.E-1,-9.721E-1,2.906497078704E-1));
#2863=LINE('',#2862,#2861);
#2864=CARTESIAN_POINT('',(6.E-1,-7.722E-1,4.22E-1));
#2865=DIRECTION('',(-1.E0,0.E0,0.E0));
#2866=DIRECTION('',(0.E0,-1.E0,0.E0));
#2867=AXIS2_PLACEMENT_3D('',#2864,#2865,#2866);
#2869=DIRECTION('',(0.E0,1.E0,0.E0));
#2870=VECTOR('',#2869,1.6222E0);
#2871=CARTESIAN_POINT('',(6.E-1,-7.722E-1,6.219E-1));
#2872=LINE('',#2871,#2870);
#2873=DIRECTION('',(0.E0,1.E0,0.E0));
#2874=VECTOR('',#2873,7.87E-2);
#2875=CARTESIAN_POINT('',(6.E-1,1.55E0,6.219E-1));
#2876=LINE('',#2875,#2874);
#2877=DIRECTION('',(0.E0,0.E0,1.E0));
#2878=VECTOR('',#2877,3.031E-1);
#2879=CARTESIAN_POINT('',(6.E-1,1.6287E0,6.219E-1));
#2880=LINE('',#2879,#2878);
#2881=DIRECTION('',(0.E0,1.E0,0.E0));
#2882=VECTOR('',#2881,2.907E-1);
#2883=CARTESIAN_POINT('',(6.E-1,1.6287E0,9.25E-1));
#2884=LINE('',#2883,#2882);
#2885=CARTESIAN_POINT('',(6.E-1,1.9194E0,7.524E-1));
#2886=DIRECTION('',(-1.E0,0.E0,0.E0));
#2887=DIRECTION('',(0.E0,0.E0,1.E0));
#2888=AXIS2_PLACEMENT_3D('',#2885,#2886,#2887);
#2890=DIRECTION('',(0.E0,0.E0,-1.E0));
#2891=VECTOR('',#2890,1.6508E0);
#2892=CARTESIAN_POINT('',(6.E-1,2.092E0,7.524E-1));
#2893=LINE('',#2892,#2891);
#2894=DIRECTION('',(0.E0,5.394401105747E-1,-8.420239706227E-1));
#2895=VECTOR('',#2894,5.066364080877E-1);
#2896=CARTESIAN_POINT('',(6.E-1,2.092E0,-8.984E-1));
#2897=LINE('',#2896,#2895);
#2898=DIRECTION('',(0.E0,1.E0,0.E0));
#2899=VECTOR('',#2898,3.741305030049E-1);
#2900=CARTESIAN_POINT('',(6.E-1,2.3653E0,-1.325E0));
#2901=LINE('',#2900,#2899);
#2902=CARTESIAN_POINT('',(6.E-1,2.739430503005E0,-1.475569496995E0));
#2903=DIRECTION('',(-1.E0,0.E0,0.E0));
#2904=DIRECTION('',(0.E0,0.E0,1.E0));
#2905=AXIS2_PLACEMENT_3D('',#2902,#2903,#2904);
#2907=DIRECTION('',(0.E0,0.E0,-1.E0));
#2908=VECTOR('',#2907,1.494305030049E-1);
#2909=CARTESIAN_POINT('',(6.E-1,2.89E0,-1.475569496995E0));
#2910=LINE('',#2909,#2908);
#2911=DIRECTION('',(0.E0,-1.E0,0.E0));
#2912=VECTOR('',#2911,7.4E-1);
#2913=CARTESIAN_POINT('',(6.E-1,2.89E0,-1.625E0));
#2914=LINE('',#2913,#2912);
#2915=DIRECTION('',(0.E0,-7.114817154672E-1,7.027046097443E-1));
#2916=VECTOR('',#2915,7.326962712706E-1);
#2917=CARTESIAN_POINT('',(6.E-1,2.15E0,-1.625E0));
#2918=LINE('',#2917,#2916);
#2919=DIRECTION('',(0.E0,0.E0,1.E0));
#2920=VECTOR('',#2919,1.2803E0);
#2921=CARTESIAN_POINT('',(6.E-1,1.6287E0,-1.110130952636E0));
#2922=LINE('',#2921,#2920);
#2923=DIRECTION('',(0.E0,-9.989287459547E-1,4.627483663151E-2));
#2924=VECTOR('',#2923,7.878439810517E-2);
#2925=CARTESIAN_POINT('',(6.E-1,1.6287E0,1.701690473643E-1));
#2926=LINE('',#2925,#2924);
#2927=DIRECTION('',(-1.E0,0.E0,0.E0));
#2928=VECTOR('',#2927,2.E-1);
#2929=CARTESIAN_POINT('',(6.E-1,1.6287E0,1.701690473643E-1));
#2930=LINE('',#2929,#2928);
#2931=DIRECTION('',(0.E0,1.E0,0.E0));
#2932=VECTOR('',#2931,1.6222E0);
#2933=CARTESIAN_POINT('',(4.E-1,-7.722E-1,6.219E-1));
#2934=LINE('',#2933,#2932);
#2935=CARTESIAN_POINT('',(4.E-1,-7.722E-1,4.22E-1));
#2936=DIRECTION('',(-1.E0,0.E0,0.E0));
#2937=DIRECTION('',(0.E0,-1.E0,0.E0));
#2938=AXIS2_PLACEMENT_3D('',#2935,#2936,#2937);
#2940=DIRECTION('',(0.E0,0.E0,1.E0));
#2941=VECTOR('',#2940,1.313502921296E-1);
#2942=CARTESIAN_POINT('',(4.E-1,-9.721E-1,2.906497078704E-1));
#2943=LINE('',#2942,#2941);
#2944=DIRECTION('',(0.E0,-9.989287459547E-1,4.627483663151E-2));
#2945=VECTOR('',#2944,1.824054025253E0);
#2946=CARTESIAN_POINT('',(4.E-1,8.5E-1,2.062419058448E-1));
#2947=LINE('',#2946,#2945);
#2948=DIRECTION('',(0.E0,-9.989287459547E-1,4.627483663151E-2));
#2949=VECTOR('',#2948,7.878439810517E-2);
#2950=CARTESIAN_POINT('',(4.E-1,1.6287E0,1.701690473643E-1));
#2951=LINE('',#2950,#2949);
#2952=DIRECTION('',(0.E0,0.E0,1.E0));
#2953=VECTOR('',#2952,1.2803E0);
#2954=CARTESIAN_POINT('',(4.E-1,1.6287E0,-1.110130952636E0));
#2955=LINE('',#2954,#2953);
#2956=DIRECTION('',(0.E0,-7.114817154672E-1,7.027046097443E-1));
#2957=VECTOR('',#2956,7.326962712706E-1);
#2958=CARTESIAN_POINT('',(4.E-1,2.15E0,-1.625E0));
#2959=LINE('',#2958,#2957);
#2960=DIRECTION('',(0.E0,-1.E0,0.E0));
#2961=VECTOR('',#2960,7.4E-1);
#2962=CARTESIAN_POINT('',(4.E-1,2.89E0,-1.625E0));
#2963=LINE('',#2962,#2961);
#2964=DIRECTION('',(0.E0,0.E0,-1.E0));
#2965=VECTOR('',#2964,1.494305030049E-1);
#2966=CARTESIAN_POINT('',(4.E-1,2.89E0,-1.475569496995E0));
#2967=LINE('',#2966,#2965);
#2968=CARTESIAN_POINT('',(4.E-1,2.739430503005E0,-1.475569496995E0));
#2969=DIRECTION('',(-1.E0,0.E0,0.E0));
#2970=DIRECTION('',(0.E0,0.E0,1.E0));
#2971=AXIS2_PLACEMENT_3D('',#2968,#2969,#2970);
#2973=DIRECTION('',(0.E0,1.E0,0.E0));
#2974=VECTOR('',#2973,3.741305030049E-1);
#2975=CARTESIAN_POINT('',(4.E-1,2.3653E0,-1.325E0));
#2976=LINE('',#2975,#2974);
#2977=DIRECTION('',(0.E0,5.394401105747E-1,-8.420239706227E-1));
#2978=VECTOR('',#2977,5.066364080877E-1);
#2979=CARTESIAN_POINT('',(4.E-1,2.092E0,-8.984E-1));
#2980=LINE('',#2979,#2978);
#2981=DIRECTION('',(0.E0,0.E0,-1.E0));
#2982=VECTOR('',#2981,1.6508E0);
#2983=CARTESIAN_POINT('',(4.E-1,2.092E0,7.524E-1));
#2984=LINE('',#2983,#2982);
#2985=CARTESIAN_POINT('',(4.E-1,1.9194E0,7.524E-1));
#2986=DIRECTION('',(-1.E0,0.E0,0.E0));
#2987=DIRECTION('',(0.E0,0.E0,1.E0));
#2988=AXIS2_PLACEMENT_3D('',#2985,#2986,#2987);
#2990=DIRECTION('',(0.E0,1.E0,0.E0));
#2991=VECTOR('',#2990,2.907E-1);
#2992=CARTESIAN_POINT('',(4.E-1,1.6287E0,9.25E-1));
#2993=LINE('',#2992,#2991);
#2994=DIRECTION('',(0.E0,0.E0,1.E0));
#2995=VECTOR('',#2994,3.031E-1);
#2996=CARTESIAN_POINT('',(4.E-1,1.6287E0,6.219E-1));
#2997=LINE('',#2996,#2995);
#2998=DIRECTION('',(0.E0,1.E0,0.E0));
#2999=VECTOR('',#2998,7.87E-2);
#3000=CARTESIAN_POINT('',(4.E-1,1.55E0,6.219E-1));
#3001=LINE('',#3000,#2999);
#3002=DIRECTION('',(-1.E0,0.E0,0.E0));
#3003=VECTOR('',#3002,2.E-1);
#3004=CARTESIAN_POINT('',(6.E-1,-7.722E-1,6.219E-1));
#3005=LINE('',#3004,#3003);
#3006=DIRECTION('',(-1.E0,0.E0,0.E0));
#3007=VECTOR('',#3006,2.E-1);
#3008=CARTESIAN_POINT('',(6.E-1,-9.721E-1,4.22E-1));
#3009=LINE('',#3008,#3007);
#3010=DIRECTION('',(-1.E0,0.E0,0.E0));
#3011=VECTOR('',#3010,2.E-1);
#3012=CARTESIAN_POINT('',(6.E-1,-9.721E-1,2.906497078704E-1));
#3013=LINE('',#3012,#3011);
#3014=DIRECTION('',(-1.E0,0.E0,0.E0));
#3015=VECTOR('',#3014,2.E-1);
#3016=CARTESIAN_POINT('',(6.E-1,1.6287E0,6.219E-1));
#3017=LINE('',#3016,#3015);
#3018=DIRECTION('',(-1.E0,0.E0,0.E0));
#3019=VECTOR('',#3018,2.E-1);
#3020=CARTESIAN_POINT('',(6.E-1,1.6287E0,9.25E-1));
#3021=LINE('',#3020,#3019);
#3022=DIRECTION('',(-1.E0,0.E0,0.E0));
#3023=VECTOR('',#3022,2.E-1);
#3024=CARTESIAN_POINT('',(6.E-1,1.9194E0,9.25E-1));
#3025=LINE('',#3024,#3023);
#3026=DIRECTION('',(-1.E0,0.E0,0.E0));
#3027=VECTOR('',#3026,2.E-1);
#3028=CARTESIAN_POINT('',(6.E-1,2.092E0,7.524E-1));
#3029=LINE('',#3028,#3027);
#3030=DIRECTION('',(-1.E0,0.E0,0.E0));
#3031=VECTOR('',#3030,2.E-1);
#3032=CARTESIAN_POINT('',(6.E-1,2.092E0,-8.984E-1));
#3033=LINE('',#3032,#3031);
#3034=DIRECTION('',(-1.E0,0.E0,0.E0));
#3035=VECTOR('',#3034,2.E-1);
#3036=CARTESIAN_POINT('',(6.E-1,2.3653E0,-1.325E0));
#3037=LINE('',#3036,#3035);
#3038=DIRECTION('',(-1.E0,0.E0,0.E0));
#3039=VECTOR('',#3038,2.E-1);
#3040=CARTESIAN_POINT('',(6.E-1,2.739430503005E0,-1.325E0));
#3041=LINE('',#3040,#3039);
#3042=DIRECTION('',(-1.E0,0.E0,0.E0));
#3043=VECTOR('',#3042,2.E-1);
#3044=CARTESIAN_POINT('',(6.E-1,2.89E0,-1.475569496995E0));
#3045=LINE('',#3044,#3043);
#3046=DIRECTION('',(-1.E0,0.E0,0.E0));
#3047=VECTOR('',#3046,2.E-1);
#3048=CARTESIAN_POINT('',(6.E-1,2.89E0,-1.625E0));
#3049=LINE('',#3048,#3047);
#3050=DIRECTION('',(-1.E0,0.E0,0.E0));
#3051=VECTOR('',#3050,2.E-1);
#3052=CARTESIAN_POINT('',(6.E-1,2.15E0,-1.625E0));
#3053=LINE('',#3052,#3051);
#3054=DIRECTION('',(-1.E0,0.E0,0.E0));
#3055=VECTOR('',#3054,2.E-1);
#3056=CARTESIAN_POINT('',(6.E-1,1.6287E0,-1.110130952636E0));
#3057=LINE('',#3056,#3055);
#3058=DIRECTION('',(0.E0,-9.989287459547E-1,4.627483663151E-2));
#3059=VECTOR('',#3058,1.824054025253E0);
#3060=CARTESIAN_POINT('',(1.6E0,8.5E-1,2.062419058448E-1));
#3061=LINE('',#3060,#3059);
#3062=DIRECTION('',(0.E0,0.E0,1.E0));
#3063=VECTOR('',#3062,1.313502921296E-1);
#3064=CARTESIAN_POINT('',(1.6E0,-9.721E-1,2.906497078704E-1));
#3065=LINE('',#3064,#3063);
#3066=CARTESIAN_POINT('',(1.6E0,-7.722E-1,4.22E-1));
#3067=DIRECTION('',(-1.E0,0.E0,0.E0));
#3068=DIRECTION('',(0.E0,-1.E0,0.E0));
#3069=AXIS2_PLACEMENT_3D('',#3066,#3067,#3068);
#3071=DIRECTION('',(0.E0,1.E0,0.E0));
#3072=VECTOR('',#3071,1.6222E0);
#3073=CARTESIAN_POINT('',(1.6E0,-7.722E-1,6.219E-1));
#3074=LINE('',#3073,#3072);
#3075=DIRECTION('',(0.E0,1.E0,0.E0));
#3076=VECTOR('',#3075,7.87E-2);
#3077=CARTESIAN_POINT('',(1.6E0,1.55E0,6.219E-1));
#3078=LINE('',#3077,#3076);
#3079=DIRECTION('',(0.E0,0.E0,1.E0));
#3080=VECTOR('',#3079,3.031E-1);
#3081=CARTESIAN_POINT('',(1.6E0,1.6287E0,6.219E-1));
#3082=LINE('',#3081,#3080);
#3083=DIRECTION('',(0.E0,1.E0,0.E0));
#3084=VECTOR('',#3083,2.907E-1);
#3085=CARTESIAN_POINT('',(1.6E0,1.6287E0,9.25E-1));
#3086=LINE('',#3085,#3084);
#3087=CARTESIAN_POINT('',(1.6E0,1.9194E0,7.524E-1));
#3088=DIRECTION('',(-1.E0,0.E0,0.E0));
#3089=DIRECTION('',(0.E0,0.E0,1.E0));
#3090=AXIS2_PLACEMENT_3D('',#3087,#3088,#3089);
#3092=DIRECTION('',(0.E0,0.E0,-1.E0));
#3093=VECTOR('',#3092,1.6508E0);
#3094=CARTESIAN_POINT('',(1.6E0,2.092E0,7.524E-1));
#3095=LINE('',#3094,#3093);
#3096=DIRECTION('',(0.E0,5.394401105747E-1,-8.420239706227E-1));
#3097=VECTOR('',#3096,5.066364080877E-1);
#3098=CARTESIAN_POINT('',(1.6E0,2.092E0,-8.984E-1));
#3099=LINE('',#3098,#3097);
#3100=DIRECTION('',(0.E0,1.E0,0.E0));
#3101=VECTOR('',#3100,3.741305030049E-1);
#3102=CARTESIAN_POINT('',(1.6E0,2.3653E0,-1.325E0));
#3103=LINE('',#3102,#3101);
#3104=CARTESIAN_POINT('',(1.6E0,2.739430503005E0,-1.475569496995E0));
#3105=DIRECTION('',(-1.E0,0.E0,0.E0));
#3106=DIRECTION('',(0.E0,0.E0,1.E0));
#3107=AXIS2_PLACEMENT_3D('',#3104,#3105,#3106);
#3109=DIRECTION('',(0.E0,0.E0,-1.E0));
#3110=VECTOR('',#3109,1.494305030049E-1);
#3111=CARTESIAN_POINT('',(1.6E0,2.89E0,-1.475569496995E0));
#3112=LINE('',#3111,#3110);
#3113=DIRECTION('',(0.E0,-1.E0,0.E0));
#3114=VECTOR('',#3113,7.4E-1);
#3115=CARTESIAN_POINT('',(1.6E0,2.89E0,-1.625E0));
#3116=LINE('',#3115,#3114);
#3117=DIRECTION('',(0.E0,-7.114817154672E-1,7.027046097443E-1));
#3118=VECTOR('',#3117,7.326962712706E-1);
#3119=CARTESIAN_POINT('',(1.6E0,2.15E0,-1.625E0));
#3120=LINE('',#3119,#3118);
#3121=DIRECTION('',(0.E0,0.E0,1.E0));
#3122=VECTOR('',#3121,1.2803E0);
#3123=CARTESIAN_POINT('',(1.6E0,1.6287E0,-1.110130952636E0));
#3124=LINE('',#3123,#3122);
#3125=DIRECTION('',(0.E0,-9.989287459547E-1,4.627483663151E-2));
#3126=VECTOR('',#3125,7.878439810517E-2);
#3127=CARTESIAN_POINT('',(1.6E0,1.6287E0,1.701690473643E-1));
#3128=LINE('',#3127,#3126);
#3129=DIRECTION('',(-1.E0,0.E0,0.E0));
#3130=VECTOR('',#3129,2.E-1);
#3131=CARTESIAN_POINT('',(1.6E0,1.6287E0,1.701690473643E-1));
#3132=LINE('',#3131,#3130);
#3133=DIRECTION('',(0.E0,1.E0,0.E0));
#3134=VECTOR('',#3133,1.6222E0);
#3135=CARTESIAN_POINT('',(1.4E0,-7.722E-1,6.219E-1));
#3136=LINE('',#3135,#3134);
#3137=CARTESIAN_POINT('',(1.4E0,-7.722E-1,4.22E-1));
#3138=DIRECTION('',(-1.E0,0.E0,0.E0));
#3139=DIRECTION('',(0.E0,-1.E0,0.E0));
#3140=AXIS2_PLACEMENT_3D('',#3137,#3138,#3139);
#3142=DIRECTION('',(0.E0,0.E0,1.E0));
#3143=VECTOR('',#3142,1.313502921296E-1);
#3144=CARTESIAN_POINT('',(1.4E0,-9.721E-1,2.906497078704E-1));
#3145=LINE('',#3144,#3143);
#3146=DIRECTION('',(0.E0,-9.989287459547E-1,4.627483663151E-2));
#3147=VECTOR('',#3146,1.824054025253E0);
#3148=CARTESIAN_POINT('',(1.4E0,8.5E-1,2.062419058448E-1));
#3149=LINE('',#3148,#3147);
#3150=DIRECTION('',(0.E0,-9.989287459547E-1,4.627483663151E-2));
#3151=VECTOR('',#3150,7.878439810517E-2);
#3152=CARTESIAN_POINT('',(1.4E0,1.6287E0,1.701690473643E-1));
#3153=LINE('',#3152,#3151);
#3154=DIRECTION('',(0.E0,0.E0,1.E0));
#3155=VECTOR('',#3154,1.2803E0);
#3156=CARTESIAN_POINT('',(1.4E0,1.6287E0,-1.110130952636E0));
#3157=LINE('',#3156,#3155);
#3158=DIRECTION('',(0.E0,-7.114817154672E-1,7.027046097443E-1));
#3159=VECTOR('',#3158,7.326962712706E-1);
#3160=CARTESIAN_POINT('',(1.4E0,2.15E0,-1.625E0));
#3161=LINE('',#3160,#3159);
#3162=DIRECTION('',(0.E0,-1.E0,0.E0));
#3163=VECTOR('',#3162,7.4E-1);
#3164=CARTESIAN_POINT('',(1.4E0,2.89E0,-1.625E0));
#3165=LINE('',#3164,#3163);
#3166=DIRECTION('',(0.E0,0.E0,-1.E0));
#3167=VECTOR('',#3166,1.494305030049E-1);
#3168=CARTESIAN_POINT('',(1.4E0,2.89E0,-1.475569496995E0));
#3169=LINE('',#3168,#3167);
#3170=CARTESIAN_POINT('',(1.4E0,2.739430503005E0,-1.475569496995E0));
#3171=DIRECTION('',(-1.E0,0.E0,0.E0));
#3172=DIRECTION('',(0.E0,0.E0,1.E0));
#3173=AXIS2_PLACEMENT_3D('',#3170,#3171,#3172);
#3175=DIRECTION('',(0.E0,1.E0,0.E0));
#3176=VECTOR('',#3175,3.741305030049E-1);
#3177=CARTESIAN_POINT('',(1.4E0,2.3653E0,-1.325E0));
#3178=LINE('',#3177,#3176);
#3179=DIRECTION('',(0.E0,5.394401105747E-1,-8.420239706227E-1));
#3180=VECTOR('',#3179,5.066364080877E-1);
#3181=CARTESIAN_POINT('',(1.4E0,2.092E0,-8.984E-1));
#3182=LINE('',#3181,#3180);
#3183=DIRECTION('',(0.E0,0.E0,-1.E0));
#3184=VECTOR('',#3183,1.6508E0);
#3185=CARTESIAN_POINT('',(1.4E0,2.092E0,7.524E-1));
#3186=LINE('',#3185,#3184);
#3187=CARTESIAN_POINT('',(1.4E0,1.9194E0,7.524E-1));
#3188=DIRECTION('',(-1.E0,0.E0,0.E0));
#3189=DIRECTION('',(0.E0,0.E0,1.E0));
#3190=AXIS2_PLACEMENT_3D('',#3187,#3188,#3189);
#3192=DIRECTION('',(0.E0,1.E0,0.E0));
#3193=VECTOR('',#3192,2.907E-1);
#3194=CARTESIAN_POINT('',(1.4E0,1.6287E0,9.25E-1));
#3195=LINE('',#3194,#3193);
#3196=DIRECTION('',(0.E0,0.E0,1.E0));
#3197=VECTOR('',#3196,3.031E-1);
#3198=CARTESIAN_POINT('',(1.4E0,1.6287E0,6.219E-1));
#3199=LINE('',#3198,#3197);
#3200=DIRECTION('',(0.E0,1.E0,0.E0));
#3201=VECTOR('',#3200,7.87E-2);
#3202=CARTESIAN_POINT('',(1.4E0,1.55E0,6.219E-1));
#3203=LINE('',#3202,#3201);
#3204=DIRECTION('',(-1.E0,0.E0,0.E0));
#3205=VECTOR('',#3204,2.E-1);
#3206=CARTESIAN_POINT('',(1.6E0,-7.722E-1,6.219E-1));
#3207=LINE('',#3206,#3205);
#3208=DIRECTION('',(-1.E0,0.E0,0.E0));
#3209=VECTOR('',#3208,2.E-1);
#3210=CARTESIAN_POINT('',(1.6E0,-9.721E-1,4.22E-1));
#3211=LINE('',#3210,#3209);
#3212=DIRECTION('',(-1.E0,0.E0,0.E0));
#3213=VECTOR('',#3212,2.E-1);
#3214=CARTESIAN_POINT('',(1.6E0,-9.721E-1,2.906497078704E-1));
#3215=LINE('',#3214,#3213);
#3216=DIRECTION('',(-1.E0,0.E0,0.E0));
#3217=VECTOR('',#3216,2.E-1);
#3218=CARTESIAN_POINT('',(1.6E0,1.6287E0,6.219E-1));
#3219=LINE('',#3218,#3217);
#3220=DIRECTION('',(-1.E0,0.E0,0.E0));
#3221=VECTOR('',#3220,2.E-1);
#3222=CARTESIAN_POINT('',(1.6E0,1.6287E0,9.25E-1));
#3223=LINE('',#3222,#3221);
#3224=DIRECTION('',(-1.E0,0.E0,0.E0));
#3225=VECTOR('',#3224,2.E-1);
#3226=CARTESIAN_POINT('',(1.6E0,1.9194E0,9.25E-1));
#3227=LINE('',#3226,#3225);
#3228=DIRECTION('',(-1.E0,0.E0,0.E0));
#3229=VECTOR('',#3228,2.E-1);
#3230=CARTESIAN_POINT('',(1.6E0,2.092E0,7.524E-1));
#3231=LINE('',#3230,#3229);
#3232=DIRECTION('',(-1.E0,0.E0,0.E0));
#3233=VECTOR('',#3232,2.E-1);
#3234=CARTESIAN_POINT('',(1.6E0,2.092E0,-8.984E-1));
#3235=LINE('',#3234,#3233);
#3236=DIRECTION('',(-1.E0,0.E0,0.E0));
#3237=VECTOR('',#3236,2.E-1);
#3238=CARTESIAN_POINT('',(1.6E0,2.3653E0,-1.325E0));
#3239=LINE('',#3238,#3237);
#3240=DIRECTION('',(-1.E0,0.E0,0.E0));
#3241=VECTOR('',#3240,2.E-1);
#3242=CARTESIAN_POINT('',(1.6E0,2.739430503005E0,-1.325E0));
#3243=LINE('',#3242,#3241);
#3244=DIRECTION('',(-1.E0,0.E0,0.E0));
#3245=VECTOR('',#3244,2.E-1);
#3246=CARTESIAN_POINT('',(1.6E0,2.89E0,-1.475569496995E0));
#3247=LINE('',#3246,#3245);
#3248=DIRECTION('',(-1.E0,0.E0,0.E0));
#3249=VECTOR('',#3248,2.E-1);
#3250=CARTESIAN_POINT('',(1.6E0,2.89E0,-1.625E0));
#3251=LINE('',#3250,#3249);
#3252=DIRECTION('',(-1.E0,0.E0,0.E0));
#3253=VECTOR('',#3252,2.E-1);
#3254=CARTESIAN_POINT('',(1.6E0,2.15E0,-1.625E0));
#3255=LINE('',#3254,#3253);
#3256=DIRECTION('',(-1.E0,0.E0,0.E0));
#3257=VECTOR('',#3256,2.E-1);
#3258=CARTESIAN_POINT('',(1.6E0,1.6287E0,-1.110130952636E0));
#3259=LINE('',#3258,#3257);
#3260=DIRECTION('',(0.E0,-9.989287459547E-1,4.627483663151E-2));
#3261=VECTOR('',#3260,1.824054025253E0);
#3262=CARTESIAN_POINT('',(2.6E0,8.5E-1,2.062419058448E-1));
#3263=LINE('',#3262,#3261);
#3264=DIRECTION('',(0.E0,0.E0,1.E0));
#3265=VECTOR('',#3264,1.313502921296E-1);
#3266=CARTESIAN_POINT('',(2.6E0,-9.721E-1,2.906497078704E-1));
#3267=LINE('',#3266,#3265);
#3268=CARTESIAN_POINT('',(2.6E0,-7.722E-1,4.22E-1));
#3269=DIRECTION('',(-1.E0,0.E0,0.E0));
#3270=DIRECTION('',(0.E0,-1.E0,0.E0));
#3271=AXIS2_PLACEMENT_3D('',#3268,#3269,#3270);
#3273=DIRECTION('',(0.E0,1.E0,0.E0));
#3274=VECTOR('',#3273,1.6222E0);
#3275=CARTESIAN_POINT('',(2.6E0,-7.722E-1,6.219E-1));
#3276=LINE('',#3275,#3274);
#3277=DIRECTION('',(0.E0,1.E0,0.E0));
#3278=VECTOR('',#3277,7.87E-2);
#3279=CARTESIAN_POINT('',(2.6E0,1.55E0,6.219E-1));
#3280=LINE('',#3279,#3278);
#3281=DIRECTION('',(0.E0,0.E0,1.E0));
#3282=VECTOR('',#3281,3.031E-1);
#3283=CARTESIAN_POINT('',(2.6E0,1.6287E0,6.219E-1));
#3284=LINE('',#3283,#3282);
#3285=DIRECTION('',(0.E0,1.E0,0.E0));
#3286=VECTOR('',#3285,2.907E-1);
#3287=CARTESIAN_POINT('',(2.6E0,1.6287E0,9.25E-1));
#3288=LINE('',#3287,#3286);
#3289=CARTESIAN_POINT('',(2.6E0,1.9194E0,7.524E-1));
#3290=DIRECTION('',(-1.E0,0.E0,0.E0));
#3291=DIRECTION('',(0.E0,0.E0,1.E0));
#3292=AXIS2_PLACEMENT_3D('',#3289,#3290,#3291);
#3294=DIRECTION('',(0.E0,0.E0,-1.E0));
#3295=VECTOR('',#3294,1.6508E0);
#3296=CARTESIAN_POINT('',(2.6E0,2.092E0,7.524E-1));
#3297=LINE('',#3296,#3295);
#3298=DIRECTION('',(0.E0,5.394401105747E-1,-8.420239706227E-1));
#3299=VECTOR('',#3298,5.066364080877E-1);
#3300=CARTESIAN_POINT('',(2.6E0,2.092E0,-8.984E-1));
#3301=LINE('',#3300,#3299);
#3302=DIRECTION('',(0.E0,1.E0,0.E0));
#3303=VECTOR('',#3302,3.741305030049E-1);
#3304=CARTESIAN_POINT('',(2.6E0,2.3653E0,-1.325E0));
#3305=LINE('',#3304,#3303);
#3306=CARTESIAN_POINT('',(2.6E0,2.739430503005E0,-1.475569496995E0));
#3307=DIRECTION('',(-1.E0,0.E0,0.E0));
#3308=DIRECTION('',(0.E0,0.E0,1.E0));
#3309=AXIS2_PLACEMENT_3D('',#3306,#3307,#3308);
#3311=DIRECTION('',(0.E0,0.E0,-1.E0));
#3312=VECTOR('',#3311,1.494305030049E-1);
#3313=CARTESIAN_POINT('',(2.6E0,2.89E0,-1.475569496995E0));
#3314=LINE('',#3313,#3312);
#3315=DIRECTION('',(0.E0,-1.E0,0.E0));
#3316=VECTOR('',#3315,7.4E-1);
#3317=CARTESIAN_POINT('',(2.6E0,2.89E0,-1.625E0));
#3318=LINE('',#3317,#3316);
#3319=DIRECTION('',(0.E0,-7.114817154672E-1,7.027046097443E-1));
#3320=VECTOR('',#3319,7.326962712706E-1);
#3321=CARTESIAN_POINT('',(2.6E0,2.15E0,-1.625E0));
#3322=LINE('',#3321,#3320);
#3323=DIRECTION('',(0.E0,0.E0,1.E0));
#3324=VECTOR('',#3323,1.2803E0);
#3325=CARTESIAN_POINT('',(2.6E0,1.6287E0,-1.110130952636E0));
#3326=LINE('',#3325,#3324);
#3327=DIRECTION('',(0.E0,-9.989287459547E-1,4.627483663151E-2));
#3328=VECTOR('',#3327,7.878439810517E-2);
#3329=CARTESIAN_POINT('',(2.6E0,1.6287E0,1.701690473643E-1));
#3330=LINE('',#3329,#3328);
#3331=DIRECTION('',(-1.E0,0.E0,0.E0));
#3332=VECTOR('',#3331,2.E-1);
#3333=CARTESIAN_POINT('',(2.6E0,1.6287E0,1.701690473643E-1));
#3334=LINE('',#3333,#3332);
#3335=DIRECTION('',(0.E0,1.E0,0.E0));
#3336=VECTOR('',#3335,1.6222E0);
#3337=CARTESIAN_POINT('',(2.4E0,-7.722E-1,6.219E-1));
#3338=LINE('',#3337,#3336);
#3339=CARTESIAN_POINT('',(2.4E0,-7.722E-1,4.22E-1));
#3340=DIRECTION('',(-1.E0,0.E0,0.E0));
#3341=DIRECTION('',(0.E0,-1.E0,0.E0));
#3342=AXIS2_PLACEMENT_3D('',#3339,#3340,#3341);
#3344=DIRECTION('',(0.E0,0.E0,1.E0));
#3345=VECTOR('',#3344,1.313502921296E-1);
#3346=CARTESIAN_POINT('',(2.4E0,-9.721E-1,2.906497078704E-1));
#3347=LINE('',#3346,#3345);
#3348=DIRECTION('',(0.E0,-9.989287459547E-1,4.627483663151E-2));
#3349=VECTOR('',#3348,1.824054025253E0);
#3350=CARTESIAN_POINT('',(2.4E0,8.5E-1,2.062419058448E-1));
#3351=LINE('',#3350,#3349);
#3352=DIRECTION('',(0.E0,-9.989287459547E-1,4.627483663151E-2));
#3353=VECTOR('',#3352,7.878439810517E-2);
#3354=CARTESIAN_POINT('',(2.4E0,1.6287E0,1.701690473643E-1));
#3355=LINE('',#3354,#3353);
#3356=DIRECTION('',(0.E0,0.E0,1.E0));
#3357=VECTOR('',#3356,1.2803E0);
#3358=CARTESIAN_POINT('',(2.4E0,1.6287E0,-1.110130952636E0));
#3359=LINE('',#3358,#3357);
#3360=DIRECTION('',(0.E0,-7.114817154672E-1,7.027046097443E-1));
#3361=VECTOR('',#3360,7.326962712706E-1);
#3362=CARTESIAN_POINT('',(2.4E0,2.15E0,-1.625E0));
#3363=LINE('',#3362,#3361);
#3364=DIRECTION('',(0.E0,-1.E0,0.E0));
#3365=VECTOR('',#3364,7.4E-1);
#3366=CARTESIAN_POINT('',(2.4E0,2.89E0,-1.625E0));
#3367=LINE('',#3366,#3365);
#3368=DIRECTION('',(0.E0,0.E0,-1.E0));
#3369=VECTOR('',#3368,1.494305030049E-1);
#3370=CARTESIAN_POINT('',(2.4E0,2.89E0,-1.475569496995E0));
#3371=LINE('',#3370,#3369);
#3372=CARTESIAN_POINT('',(2.4E0,2.739430503005E0,-1.475569496995E0));
#3373=DIRECTION('',(-1.E0,0.E0,0.E0));
#3374=DIRECTION('',(0.E0,0.E0,1.E0));
#3375=AXIS2_PLACEMENT_3D('',#3372,#3373,#3374);
#3377=DIRECTION('',(0.E0,1.E0,0.E0));
#3378=VECTOR('',#3377,3.741305030049E-1);
#3379=CARTESIAN_POINT('',(2.4E0,2.3653E0,-1.325E0));
#3380=LINE('',#3379,#3378);
#3381=DIRECTION('',(0.E0,5.394401105747E-1,-8.420239706227E-1));
#3382=VECTOR('',#3381,5.066364080877E-1);
#3383=CARTESIAN_POINT('',(2.4E0,2.092E0,-8.984E-1));
#3384=LINE('',#3383,#3382);
#3385=DIRECTION('',(0.E0,0.E0,-1.E0));
#3386=VECTOR('',#3385,1.6508E0);
#3387=CARTESIAN_POINT('',(2.4E0,2.092E0,7.524E-1));
#3388=LINE('',#3387,#3386);
#3389=CARTESIAN_POINT('',(2.4E0,1.9194E0,7.524E-1));
#3390=DIRECTION('',(-1.E0,0.E0,0.E0));
#3391=DIRECTION('',(0.E0,0.E0,1.E0));
#3392=AXIS2_PLACEMENT_3D('',#3389,#3390,#3391);
#3394=DIRECTION('',(0.E0,1.E0,0.E0));
#3395=VECTOR('',#3394,2.907E-1);
#3396=CARTESIAN_POINT('',(2.4E0,1.6287E0,9.25E-1));
#3397=LINE('',#3396,#3395);
#3398=DIRECTION('',(0.E0,0.E0,1.E0));
#3399=VECTOR('',#3398,3.031E-1);
#3400=CARTESIAN_POINT('',(2.4E0,1.6287E0,6.219E-1));
#3401=LINE('',#3400,#3399);
#3402=DIRECTION('',(0.E0,1.E0,0.E0));
#3403=VECTOR('',#3402,7.87E-2);
#3404=CARTESIAN_POINT('',(2.4E0,1.55E0,6.219E-1));
#3405=LINE('',#3404,#3403);
#3406=DIRECTION('',(-1.E0,0.E0,0.E0));
#3407=VECTOR('',#3406,2.E-1);
#3408=CARTESIAN_POINT('',(2.6E0,-7.722E-1,6.219E-1));
#3409=LINE('',#3408,#3407);
#3410=DIRECTION('',(-1.E0,0.E0,0.E0));
#3411=VECTOR('',#3410,2.E-1);
#3412=CARTESIAN_POINT('',(2.6E0,-9.721E-1,4.22E-1));
#3413=LINE('',#3412,#3411);
#3414=DIRECTION('',(-1.E0,0.E0,0.E0));
#3415=VECTOR('',#3414,2.E-1);
#3416=CARTESIAN_POINT('',(2.6E0,-9.721E-1,2.906497078704E-1));
#3417=LINE('',#3416,#3415);
#3418=DIRECTION('',(-1.E0,0.E0,0.E0));
#3419=VECTOR('',#3418,2.E-1);
#3420=CARTESIAN_POINT('',(2.6E0,1.6287E0,6.219E-1));
#3421=LINE('',#3420,#3419);
#3422=DIRECTION('',(-1.E0,0.E0,0.E0));
#3423=VECTOR('',#3422,2.E-1);
#3424=CARTESIAN_POINT('',(2.6E0,1.6287E0,9.25E-1));
#3425=LINE('',#3424,#3423);
#3426=DIRECTION('',(-1.E0,0.E0,0.E0));
#3427=VECTOR('',#3426,2.E-1);
#3428=CARTESIAN_POINT('',(2.6E0,1.9194E0,9.25E-1));
#3429=LINE('',#3428,#3427);
#3430=DIRECTION('',(-1.E0,0.E0,0.E0));
#3431=VECTOR('',#3430,2.E-1);
#3432=CARTESIAN_POINT('',(2.6E0,2.092E0,7.524E-1));
#3433=LINE('',#3432,#3431);
#3434=DIRECTION('',(-1.E0,0.E0,0.E0));
#3435=VECTOR('',#3434,2.E-1);
#3436=CARTESIAN_POINT('',(2.6E0,2.092E0,-8.984E-1));
#3437=LINE('',#3436,#3435);
#3438=DIRECTION('',(-1.E0,0.E0,0.E0));
#3439=VECTOR('',#3438,2.E-1);
#3440=CARTESIAN_POINT('',(2.6E0,2.3653E0,-1.325E0));
#3441=LINE('',#3440,#3439);
#3442=DIRECTION('',(-1.E0,0.E0,0.E0));
#3443=VECTOR('',#3442,2.E-1);
#3444=CARTESIAN_POINT('',(2.6E0,2.739430503005E0,-1.325E0));
#3445=LINE('',#3444,#3443);
#3446=DIRECTION('',(-1.E0,0.E0,0.E0));
#3447=VECTOR('',#3446,2.E-1);
#3448=CARTESIAN_POINT('',(2.6E0,2.89E0,-1.475569496995E0));
#3449=LINE('',#3448,#3447);
#3450=DIRECTION('',(-1.E0,0.E0,0.E0));
#3451=VECTOR('',#3450,2.E-1);
#3452=CARTESIAN_POINT('',(2.6E0,2.89E0,-1.625E0));
#3453=LINE('',#3452,#3451);
#3454=DIRECTION('',(-1.E0,0.E0,0.E0));
#3455=VECTOR('',#3454,2.E-1);
#3456=CARTESIAN_POINT('',(2.6E0,2.15E0,-1.625E0));
#3457=LINE('',#3456,#3455);
#3458=DIRECTION('',(-1.E0,0.E0,0.E0));
#3459=VECTOR('',#3458,2.E-1);
#3460=CARTESIAN_POINT('',(2.6E0,1.6287E0,-1.110130952636E0));
#3461=LINE('',#3460,#3459);
#3462=DIRECTION('',(1.E0,0.E0,0.E0));
#3463=VECTOR('',#3462,5.000000000001E-3);
#3464=CARTESIAN_POINT('',(4.15E0,-7.662873155021E-1,-7.729554890697E-1));
#3465=LINE('',#3464,#3463);
#3466=DIRECTION('',(1.E0,0.E0,0.E0));
#3467=VECTOR('',#3466,5.000000000001E-3);
#3468=CARTESIAN_POINT('',(4.15E0,-8.402933514127E-1,-7.729554890697E-1));
#3469=LINE('',#3468,#3467);
#3470=CARTESIAN_POINT('',(4.155E0,-8.032903334574E-1,-7.729554890697E-1));
#3471=DIRECTION('',(-1.E0,0.E0,0.E0));
#3472=DIRECTION('',(0.E0,1.E0,0.E0));
#3473=AXIS2_PLACEMENT_3D('',#3470,#3471,#3472);
#3475=CARTESIAN_POINT('',(4.155E0,-8.032903334574E-1,-7.729554890697E-1));
#3476=DIRECTION('',(-1.E0,0.E0,0.E0));
#3477=DIRECTION('',(0.E0,-1.E0,0.E0));
#3478=AXIS2_PLACEMENT_3D('',#3475,#3476,#3477);
#3480=DIRECTION('',(0.E0,0.E0,1.E0));
#3481=VECTOR('',#3480,1.521406034954E-2);
#3482=CARTESIAN_POINT('',(4.155E0,-2.232346338069E-1,-5.921022910268E-1));
#3483=LINE('',#3482,#3481);
#3484=DIRECTION('',(0.E0,1.E0,0.E0));
#3485=VECTOR('',#3484,7.037355717512E-2);
#3486=CARTESIAN_POINT('',(4.155E0,-2.936081909820E-1,-5.921022910268E-1));
#3487=LINE('',#3486,#3485);
#3488=DIRECTION('',(0.E0,0.E0,-1.E0));
#3489=VECTOR('',#3488,1.334470943621E-1);
#3490=CARTESIAN_POINT('',(4.155E0,-2.936081909820E-1,-4.586551966647E-1));
#3491=LINE('',#3490,#3489);
#3492=DIRECTION('',(0.E0,-1.E0,0.E0));
#3493=VECTOR('',#3492,1.722668268212E-2);
#3494=CARTESIAN_POINT('',(4.155E0,-2.763815082998E-1,-4.586551966647E-1));
#3495=LINE('',#3494,#3493);
#3496=DIRECTION('',(0.E0,0.E0,1.E0));
#3497=VECTOR('',#3496,1.182330340125E-1);
#3498=CARTESIAN_POINT('',(4.155E0,-2.763815082998E-1,-5.768882306772E-1));
#3499=LINE('',#3498,#3497);
#3500=DIRECTION('',(0.E0,-1.E0,0.E0));
#3501=VECTOR('',#3500,5.314687449300E-2);
#3502=CARTESIAN_POINT('',(4.155E0,-2.232346338069E-1,-5.768882306772E-1));
#3503=LINE('',#3502,#3501);
#3504=CARTESIAN_POINT('',(4.155E0,-1.178619153802E-1,-5.865761076709E-1));
#3505=CARTESIAN_POINT('',(4.155E0,-1.178619153802E-1,-5.810726658108E-1));
#3506=CARTESIAN_POINT('',(4.155E0,-1.178619153802E-1,-5.755692239506E-1));
#3507=CARTESIAN_POINT('',(4.155E0,-1.178619153802E-1,-5.700657820905E-1));
#3509=CARTESIAN_POINT('',(4.155E0,-1.178619153802E-1,-4.618617475005E-1));
#3510=CARTESIAN_POINT('',(4.155E0,-1.276726680424E-1,-4.575996992119E-1));
#3511=CARTESIAN_POINT('',(4.155E0,-1.563064794241E-1,-4.532086538354E-1));
#3512=CARTESIAN_POINT('',(4.155E0,-2.055150076787E-1,-4.705049150842E-1));
#3513=CARTESIAN_POINT('',(4.155E0,-2.235492470273E-1,-5.263302174183E-1));
#3514=CARTESIAN_POINT('',(4.155E0,-2.073433523093E-1,-5.816134388701E-1));
#3515=CARTESIAN_POINT('',(4.155E0,-1.584883377366E-1,-5.981325791014E-1));
#3516=CARTESIAN_POINT('',(4.155E0,-1.289914190883E-1,-5.924500124067E-1));
#3517=CARTESIAN_POINT('',(4.155E0,-1.178619153802E-1,-5.865761076709E-1));
#3519=CARTESIAN_POINT('',(4.155E0,-1.178619153802E-1,-4.798730117697E-1));
#3520=CARTESIAN_POINT('',(4.155E0,-1.178619153802E-1,-4.738692570133E-1));
#3521=CARTESIAN_POINT('',(4.155E0,-1.178619153802E-1,-4.678655022569E-1));
#3522=CARTESIAN_POINT('',(4.155E0,-1.178619153802E-1,-4.618617475005E-1));
#3524=CARTESIAN_POINT('',(4.155E0,-1.178619153802E-1,-5.700657820905E-1));
#3525=CARTESIAN_POINT('',(4.155E0,-1.279979802309E-1,-5.762324788880E-1));
#3526=CARTESIAN_POINT('',(4.155E0,-1.525795188791E-1,-5.829851027910E-1));
#3527=CARTESIAN_POINT('',(4.155E0,-1.922674740069E-1,-5.685783091775E-1));
#3528=CARTESIAN_POINT('',(4.155E0,-2.037387627757E-1,-5.260417151111E-1));
#3529=CARTESIAN_POINT('',(4.155E0,-1.915770500814E-1,-4.829961477754E-1));
#3530=CARTESIAN_POINT('',(4.155E0,-1.513603484100E-1,-4.680865370820E-1));
#3531=CARTESIAN_POINT('',(4.155E0,-1.273057384360E-1,-4.746114532111E-1));
#3532=CARTESIAN_POINT('',(4.155E0,-1.178619153802E-1,-4.798730117697E-1));
#3534=DIRECTION('',(0.E0,0.E0,1.E0));
#3535=VECTOR('',#3534,1.521406034954E-2);
#3536=CARTESIAN_POINT('',(4.155E0,-1.937987002652E-2,-5.921022910268E-1));
#3537=LINE('',#3536,#3535);
#3538=DIRECTION('',(0.E0,1.E0,0.E0));
#3539=VECTOR('',#3538,7.177215913544E-2);
#3540=CARTESIAN_POINT('',(4.155E0,-9.115202916196E-2,-5.921022910268E-1));
#3541=LINE('',#3540,#3539);
#3542=DIRECTION('',(0.E0,0.E0,-1.E0));
#3543=VECTOR('',#3542,1.334470943621E-1);
#3544=CARTESIAN_POINT('',(4.155E0,-9.115202916196E-2,-4.586551966647E-1));
#3545=LINE('',#3544,#3543);
#3546=DIRECTION('',(0.E0,-1.E0,0.E0));
#3547=VECTOR('',#3546,6.873616951361E-2);
#3548=CARTESIAN_POINT('',(4.155E0,-2.241585964834E-2,-4.586551966647E-1));
#3549=LINE('',#3548,#3547);
#3550=DIRECTION('',(0.E0,0.E0,1.E0));
#3551=VECTOR('',#3550,1.535050932034E-2);
#3552=CARTESIAN_POINT('',(4.155E0,-2.241585964834E-2,-4.740057059850E-1));
#3553=LINE('',#3552,#3551);
#3554=DIRECTION('',(0.E0,1.E0,0.E0));
#3555=VECTOR('',#3554,5.150948683149E-2);
#3556=CARTESIAN_POINT('',(4.155E0,-7.392534647984E-2,-4.740057059850E-1));
#3557=LINE('',#3556,#3555);
#3558=DIRECTION('',(0.E0,0.E0,1.E0));
#3559=VECTOR('',#3558,4.270852815534E-2);
#3560=CARTESIAN_POINT('',(4.155E0,-7.392534647984E-2,-5.167142341404E-1));
#3561=LINE('',#3560,#3559);
#3562=DIRECTION('',(0.E0,-1.E0,0.E0));
#3563=VECTOR('',#3562,4.772302786569E-2);
#3564=CARTESIAN_POINT('',(4.155E0,-2.620231861415E-2,-5.167142341404E-1));
#3565=LINE('',#3564,#3563);
#3566=DIRECTION('',(0.E0,0.E0,1.E0));
#3567=VECTOR('',#3566,1.528228483494E-2);
#3568=CARTESIAN_POINT('',(4.155E0,-2.620231861415E-2,-5.319965189753E-1));
#3569=LINE('',#3568,#3567);
#3570=DIRECTION('',(0.E0,1.E0,0.E0));
#3571=VECTOR('',#3570,4.772302786569E-2);
#3572=CARTESIAN_POINT('',(4.155E0,-7.392534647984E-2,-5.319965189753E-1));
#3573=LINE('',#3572,#3571);
#3574=DIRECTION('',(0.E0,0.E0,1.E0));
#3575=VECTOR('',#3574,4.489171170189E-2);
#3576=CARTESIAN_POINT('',(4.155E0,-7.392534647984E-2,-5.768882306772E-1));
#3577=LINE('',#3576,#3575);
#3578=DIRECTION('',(0.E0,-1.E0,0.E0));
#3579=VECTOR('',#3578,5.454547645332E-2);
#3580=CARTESIAN_POINT('',(4.155E0,-1.937987002652E-2,-5.768882306772E-1));
#3581=LINE('',#3580,#3579);
#3582=CARTESIAN_POINT('',(4.155E0,2.305576018539E-2,-4.740057059850E-1));
#3583=CARTESIAN_POINT('',(4.155E0,2.977587204324E-2,-4.740057059850E-1));
#3584=CARTESIAN_POINT('',(4.155E0,3.649598390110E-2,-4.740057059850E-1));
#3585=CARTESIAN_POINT('',(4.155E0,4.321609575895E-2,-4.740057059850E-1));
#3587=CARTESIAN_POINT('',(4.155E0,2.305576018539E-2,-5.768882306772E-1));
#3588=CARTESIAN_POINT('',(4.155E0,2.305576018539E-2,-5.425940557798E-1));
#3589=CARTESIAN_POINT('',(4.155E0,2.305576018539E-2,-5.082998808824E-1));
#3590=CARTESIAN_POINT('',(4.155E0,2.305576018539E-2,-4.740057059850E-1));
#3592=CARTESIAN_POINT('',(4.155E0,4.243151417227E-2,-5.768882306772E-1));
#3593=CARTESIAN_POINT('',(4.155E0,3.597292950998E-2,-5.768882306772E-1));
#3594=CARTESIAN_POINT('',(4.155E0,2.951434484768E-2,-5.768882306772E-1));
#3595=CARTESIAN_POINT('',(4.155E0,2.305576018539E-2,-5.768882306772E-1));
#3597=CARTESIAN_POINT('',(4.155E0,4.321609575895E-2,-4.740057059850E-1));
#3598=CARTESIAN_POINT('',(4.155E0,5.671842170453E-2,-4.740057059850E-1));
#3599=CARTESIAN_POINT('',(4.155E0,8.691648727485E-2,-4.811232509172E-1));
#3600=CARTESIAN_POINT('',(4.155E0,1.009497308607E-1,-5.245227207099E-1));
#3601=CARTESIAN_POINT('',(4.155E0,8.739083464869E-2,-5.683979760993E-1));
#3602=CARTESIAN_POINT('',(4.155E0,5.644585339499E-2,-5.768882306772E-1));
#3603=CARTESIAN_POINT('',(4.155E0,4.243151417227E-2,-5.768882306772E-1));
#3605=CARTESIAN_POINT('',(4.155E0,5.829077502810E-3,-5.921022910268E-1));
#3606=CARTESIAN_POINT('',(4.155E0,1.806400196897E-2,-5.921022910268E-1));
#3607=CARTESIAN_POINT('',(4.155E0,3.029892643512E-2,-5.921022910268E-1));
#3608=CARTESIAN_POINT('',(4.155E0,4.253385090128E-2,-5.921022910268E-1));
#3610=CARTESIAN_POINT('',(4.155E0,5.829077502810E-3,-4.586551966647E-1));
#3611=CARTESIAN_POINT('',(4.155E0,5.829077502810E-3,-5.031375614520E-1));
#3612=CARTESIAN_POINT('',(4.155E0,5.829077502810E-3,-5.476199262394E-1));
#3613=CARTESIAN_POINT('',(4.155E0,5.829077502810E-3,-5.921022910268E-1));
#3615=CARTESIAN_POINT('',(4.155E0,4.389834061890E-2,-4.586551966647E-1));
#3616=CARTESIAN_POINT('',(4.155E0,3.120858624687E-2,-4.586551966647E-1));
#3617=CARTESIAN_POINT('',(4.155E0,1.851883187484E-2,-4.586551966647E-1));
#3618=CARTESIAN_POINT('',(4.155E0,5.829077502810E-3,-4.586551966647E-1));
#3620=CARTESIAN_POINT('',(4.155E0,4.253385090128E-2,-5.921022910268E-1));
#3621=CARTESIAN_POINT('',(4.155E0,6.089563684318E-2,-5.921022910268E-1));
#3622=CARTESIAN_POINT('',(4.155E0,1.001749860054E-1,-5.802675670766E-1));
#3623=CARTESIAN_POINT('',(4.155E0,1.216341194980E-1,-5.243561366923E-1));
#3624=CARTESIAN_POINT('',(4.155E0,9.972979394904E-2,-4.695159845614E-1));
#3625=CARTESIAN_POINT('',(4.155E0,6.171730353096E-2,-4.586551966647E-1));
#3626=CARTESIAN_POINT('',(4.155E0,4.389834061890E-2,-4.586551966647E-1));
#3628=CARTESIAN_POINT('',(4.155E0,1.815482964840E-1,-4.757113181319E-1));
#3629=CARTESIAN_POINT('',(4.155E0,1.820833809468E-1,-4.788731808677E-1));
#3630=CARTESIAN_POINT('',(4.155E0,1.827623978249E-1,-4.820330401219E-1));
#3631=CARTESIAN_POINT('',(4.155E0,1.838267611384E-1,-4.850580726968E-1));
#3633=CARTESIAN_POINT('',(4.155E0,1.791533838560E-1,-4.850580726968E-1));
#3634=CARTESIAN_POINT('',(4.155E0,1.802826788677E-1,-4.820466193308E-1));
#3635=CARTESIAN_POINT('',(4.155E0,1.810370138240E-1,-4.788866525459E-1));
#3636=CARTESIAN_POINT('',(4.155E0,1.815482964840E-1,-4.757113181319E-1));
#3638=CARTESIAN_POINT('',(4.155E0,1.591977217386E-1,-5.405245797089E-1));
#3639=CARTESIAN_POINT('',(4.155E0,1.658496091111E-1,-5.220357440382E-1));
#3640=CARTESIAN_POINT('',(4.155E0,1.725014964835E-1,-5.035469083675E-1));
#3641=CARTESIAN_POINT('',(4.155E0,1.791533838560E-1,-4.850580726968E-1));
#3643=CARTESIAN_POINT('',(4.155E0,2.039870967124E-1,-5.405245797089E-1));
#3644=CARTESIAN_POINT('',(4.155E0,1.890573050545E-1,-5.405245797089E-1));
#3645=CARTESIAN_POINT('',(4.155E0,1.741275133965E-1,-5.405245797089E-1));
#3646=CARTESIAN_POINT('',(4.155E0,1.591977217386E-1,-5.405245797089E-1));
#3648=CARTESIAN_POINT('',(4.155E0,1.838267611384E-1,-4.850580726968E-1));
#3649=CARTESIAN_POINT('',(4.155E0,1.905468729964E-1,-5.035469083675E-1));
#3650=CARTESIAN_POINT('',(4.155E0,1.972669848544E-1,-5.220357440382E-1));
#3651=CARTESIAN_POINT('',(4.155E0,2.039870967124E-1,-5.405245797089E-1));
#3653=DIRECTION('',(0.E0,-3.559357243710E-1,9.345104387413E-1));
#3654=VECTOR('',#3653,1.427989338908E-1);
#3655=CARTESIAN_POINT('',(4.155E0,2.419540231004E-1,-5.921022910268E-1));
#3656=LINE('',#3655,#3654);
#3657=DIRECTION('',(0.E0,1.E0,0.E0));
#3658=VECTOR('',#3657,1.903463155713E-2);
#3659=CARTESIAN_POINT('',(4.155E0,2.229193915432E-1,-5.921022910268E-1));
#3660=LINE('',#3659,#3658);
#3661=DIRECTION('',(0.E0,3.493954794714E-1,-9.369753459537E-1));
#3662=VECTOR('',#3661,3.895524049648E-2);
#3663=CARTESIAN_POINT('',(4.155E0,2.093086066121E-1,-5.556021910859E-1));
#3664=LINE('',#3663,#3662);
#3665=DIRECTION('',(0.E0,1.E0,0.E0));
#3666=VECTOR('',#3665,5.556884374118E-2);
#3667=CARTESIAN_POINT('',(4.155E0,1.537397628709E-1,-5.556021910859E-1));
#3668=LINE('',#3667,#3666);
#3669=DIRECTION('',(0.E0,3.315284183928E-1,9.434452330676E-1));
#3670=VECTOR('',#3669,3.868809620482E-2);
#3671=CARTESIAN_POINT('',(4.155E0,1.409135595255E-1,-5.921022910268E-1));
#3672=LINE('',#3671,#3670);
#3673=DIRECTION('',(0.E0,1.E0,0.E0));
#3674=VECTOR('',#3673,1.903463155713E-2);
#3675=CARTESIAN_POINT('',(4.155E0,1.218789279683E-1,-5.921022910268E-1));
#3676=LINE('',#3675,#3674);
#3677=DIRECTION('',(0.E0,-3.559357243682E-1,-9.345104387424E-1));
#3678=VECTOR('',#3677,1.427989338906E-1);
#3679=CARTESIAN_POINT('',(4.155E0,1.727061699417E-1,-4.586551966647E-1));
#3680=LINE('',#3679,#3678);
#3681=DIRECTION('',(0.E0,-1.E0,0.E0));
#3682=VECTOR('',#3681,1.842061118487E-2);
#3683=CARTESIAN_POINT('',(4.155E0,1.911267811266E-1,-4.586551966647E-1));
#3684=LINE('',#3683,#3682);
#3685=DIRECTION('',(0.E0,0.E0,1.E0));
#3686=VECTOR('',#3685,1.521406034953E-2);
#3687=CARTESIAN_POINT('',(4.155E0,-2.218360318465E-1,-8.038028706821E-1));
#3688=LINE('',#3687,#3686);
#3689=DIRECTION('',(0.E0,1.E0,0.E0));
#3690=VECTOR('',#3689,7.177215913543E-2);
#3691=CARTESIAN_POINT('',(4.155E0,-2.936081909820E-1,-8.038028706821E-1));
#3692=LINE('',#3691,#3690);
#3693=DIRECTION('',(0.E0,0.E0,-1.E0));
#3694=VECTOR('',#3693,1.334470943621E-1);
#3695=CARTESIAN_POINT('',(4.155E0,-2.936081909820E-1,-6.703557763201E-1));
#3696=LINE('',#3695,#3694);
#3697=DIRECTION('',(0.E0,-1.E0,0.E0));
#3698=VECTOR('',#3697,6.873616951361E-2);
#3699=CARTESIAN_POINT('',(4.155E0,-2.248720214684E-1,-6.703557763201E-1));
#3700=LINE('',#3699,#3698);
#3701=DIRECTION('',(0.E0,0.E0,1.E0));
#3702=VECTOR('',#3701,1.535050932034E-2);
#3703=CARTESIAN_POINT('',(4.155E0,-2.248720214684E-1,-6.857062856404E-1));
#3704=LINE('',#3703,#3702);
#3705=DIRECTION('',(0.E0,1.E0,0.E0));
#3706=VECTOR('',#3705,5.150948683149E-2);
#3707=CARTESIAN_POINT('',(4.155E0,-2.763815082998E-1,-6.857062856404E-1));
#3708=LINE('',#3707,#3706);
#3709=DIRECTION('',(0.E0,0.E0,1.E0));
#3710=VECTOR('',#3709,4.270852815534E-2);
#3711=CARTESIAN_POINT('',(4.155E0,-2.763815082998E-1,-7.284148137958E-1));
#3712=LINE('',#3711,#3710);
#3713=DIRECTION('',(0.E0,-1.E0,0.E0));
#3714=VECTOR('',#3713,4.772302786569E-2);
#3715=CARTESIAN_POINT('',(4.155E0,-2.286584804342E-1,-7.284148137958E-1));
#3716=LINE('',#3715,#3714);
#3717=DIRECTION('',(0.E0,0.E0,1.E0));
#3718=VECTOR('',#3717,1.528228483494E-2);
#3719=CARTESIAN_POINT('',(4.155E0,-2.286584804342E-1,-7.436970986307E-1));
#3720=LINE('',#3719,#3718);
#3721=DIRECTION('',(0.E0,1.E0,0.E0));
#3722=VECTOR('',#3721,4.772302786569E-2);
#3723=CARTESIAN_POINT('',(4.155E0,-2.763815082998E-1,-7.436970986307E-1));
#3724=LINE('',#3723,#3722);
#3725=DIRECTION('',(0.E0,0.E0,1.E0));
#3726=VECTOR('',#3725,4.489171170189E-2);
#3727=CARTESIAN_POINT('',(4.155E0,-2.763815082998E-1,-7.885888103326E-1));
#3728=LINE('',#3727,#3726);
#3729=DIRECTION('',(0.E0,-1.E0,0.E0));
#3730=VECTOR('',#3729,5.454547645331E-2);
#3731=CARTESIAN_POINT('',(4.155E0,-2.218360318465E-1,-7.885888103326E-1));
#3732=LINE('',#3731,#3730);
#3733=CARTESIAN_POINT('',(4.155E0,-1.682798104384E-1,-7.589793834656E-1));
#3734=CARTESIAN_POINT('',(4.155E0,-1.608433414786E-1,-7.579787576727E-1));
#3735=CARTESIAN_POINT('',(4.155E0,-1.534068725189E-1,-7.569781318799E-1));
#3736=CARTESIAN_POINT('',(4.155E0,-1.459704035592E-1,-7.559775060870E-1));
#3738=CARTESIAN_POINT('',(4.155E0,-1.459704035592E-1,-7.651195871938E-1));
#3739=CARTESIAN_POINT('',(4.155E0,-1.459704035592E-1,-7.720267899444E-1));
#3740=CARTESIAN_POINT('',(4.155E0,-1.506393147869E-1,-7.864717043278E-1));
#3741=CARTESIAN_POINT('',(4.155E0,-1.689668539845E-1,-7.942512869947E-1));
#3742=CARTESIAN_POINT('',(4.155E0,-1.850697313891E-1,-7.899152700779E-1));
#3743=CARTESIAN_POINT('',(4.155E0,-1.905647639691E-1,-7.767624854738E-1));
#3744=CARTESIAN_POINT('',(4.155E0,-1.852958862448E-1,-7.616769523833E-1));
#3745=CARTESIAN_POINT('',(4.155E0,-1.739582464898E-1,-7.597728767129E-1));
#3746=CARTESIAN_POINT('',(4.155E0,-1.682798104384E-1,-7.589793834656E-1));
#3748=CARTESIAN_POINT('',(4.155E0,-1.459704035592E-1,-7.559775060870E-1));
#3749=CARTESIAN_POINT('',(4.155E0,-1.459704035592E-1,-7.590248664559E-1));
#3750=CARTESIAN_POINT('',(4.155E0,-1.459704035592E-1,-7.620722268248E-1));
#3751=CARTESIAN_POINT('',(4.155E0,-1.459704035592E-1,-7.651195871938E-1));
#3753=CARTESIAN_POINT('',(4.155E0,-1.459704035592E-1,-7.890663817340E-1));
#3754=CARTESIAN_POINT('',(4.155E0,-1.459704035592E-1,-7.939785447167E-1));
#3755=CARTESIAN_POINT('',(4.155E0,-1.459704035592E-1,-7.988907076994E-1));
#3756=CARTESIAN_POINT('',(4.155E0,-1.459704035592E-1,-8.038028706821E-1));
#3758=CARTESIAN_POINT('',(4.155E0,-1.742153407099E-1,-7.471765474090E-1));
#3759=CARTESIAN_POINT('',(4.155E0,-1.888608782617E-1,-7.492145995610E-1));
#3760=CARTESIAN_POINT('',(4.155E0,-2.128671028693E-1,-7.700545243990E-1));
#3761=CARTESIAN_POINT('',(4.155E0,-1.995732456919E-1,-8.016812697414E-1));
#3762=CARTESIAN_POINT('',(4.155E0,-1.717979947768E-1,-8.100117222204E-1));
#3763=CARTESIAN_POINT('',(4.155E0,-1.516940955938E-1,-7.989123182918E-1));
#3764=CARTESIAN_POINT('',(4.155E0,-1.459704035592E-1,-7.890663817340E-1));
#3766=CARTESIAN_POINT('',(4.155E0,-1.459704035596E-1,-7.432195272292E-1));
#3767=CARTESIAN_POINT('',(4.155E0,-1.553853826097E-1,-7.445385339558E-1));
#3768=CARTESIAN_POINT('',(4.155E0,-1.648003616598E-1,-7.458575406824E-1));
#3769=CARTESIAN_POINT('',(4.155E0,-1.742153407099E-1,-7.471765474090E-1));
#3771=CARTESIAN_POINT('',(4.155E0,-1.965247475895E-1,-7.314166911744E-1));
#3772=CARTESIAN_POINT('',(4.155E0,-1.879044583236E-1,-7.244205143785E-1));
#3773=CARTESIAN_POINT('',(4.155E0,-1.656075051835E-1,-7.105464252032E-1));
#3774=CARTESIAN_POINT('',(4.155E0,-1.459704035596E-1,-7.331244291569E-1));
#3775=CARTESIAN_POINT('',(4.155E0,-1.459704035596E-1,-7.432195272292E-1));
#3777=CARTESIAN_POINT('',(4.155E0,-1.965247475895E-1,-7.151792635366E-1));
#3778=CARTESIAN_POINT('',(4.155E0,-1.965247475895E-1,-7.205917394158E-1));
#3779=CARTESIAN_POINT('',(4.155E0,-1.965247475895E-1,-7.260042152951E-1));
#3780=CARTESIAN_POINT('',(4.155E0,-1.965247475895E-1,-7.314166911744E-1));
#3782=CARTESIAN_POINT('',(4.155E0,-1.292554045212E-1,-7.424690578852E-1));
#3783=CARTESIAN_POINT('',(4.155E0,-1.292554045212E-1,-7.258207144921E-1));
#3784=CARTESIAN_POINT('',(4.155E0,-1.583748342291E-1,-6.975827021012E-1));
#3785=CARTESIAN_POINT('',(4.155E0,-1.869296145564E-1,-7.091519958550E-1));
#3786=CARTESIAN_POINT('',(4.155E0,-1.965247475895E-1,-7.151792635366E-1));
#3788=CARTESIAN_POINT('',(4.155E0,-1.292554045207E-1,-8.038028706821E-1));
#3789=CARTESIAN_POINT('',(4.155E0,-1.292554045209E-1,-7.833582664165E-1));
#3790=CARTESIAN_POINT('',(4.155E0,-1.292554045210E-1,-7.629136621509E-1));
#3791=CARTESIAN_POINT('',(4.155E0,-1.292554045212E-1,-7.424690578852E-1));
#3793=CARTESIAN_POINT('',(4.155E0,-1.459704035592E-1,-8.038028706821E-1));
#3794=CARTESIAN_POINT('',(4.155E0,-1.403987372130E-1,-8.038028706821E-1));
#3795=CARTESIAN_POINT('',(4.155E0,-1.348270708669E-1,-8.038028706821E-1));
#3796=CARTESIAN_POINT('',(4.155E0,-1.292554045207E-1,-8.038028706821E-1));
#3798=CARTESIAN_POINT('',(4.155E0,-1.066048752113E-1,-7.831990759493E-1));
#3799=CARTESIAN_POINT('',(4.155E0,-1.066048752113E-1,-7.889526742578E-1));
#3800=CARTESIAN_POINT('',(4.155E0,-1.066048752113E-1,-7.947062725662E-1));
#3801=CARTESIAN_POINT('',(4.155E0,-1.066048752113E-1,-8.004598708746E-1));
#3803=CARTESIAN_POINT('',(4.155E0,-4.680611334602E-2,-7.105399984982E-1));
#3804=CARTESIAN_POINT('',(4.155E0,-5.388762035856E-2,-7.076240838456E-1));
#3805=CARTESIAN_POINT('',(4.155E0,-7.065611854367E-2,-7.047826343403E-1));
#3806=CARTESIAN_POINT('',(4.155E0,-9.664738676798E-2,-7.095882830830E-1));
#3807=CARTESIAN_POINT('',(4.155E0,-1.092707397667E-1,-7.316492227060E-1));
#3808=CARTESIAN_POINT('',(4.155E0,-1.021495768924E-1,-7.534122133001E-1));
#3809=CARTESIAN_POINT('',(4.155E0,-8.278343238604E-2,-7.621810328679E-1));
#3810=CARTESIAN_POINT('',(4.155E0,-6.501172085413E-2,-7.662567988908E-1));
#3811=CARTESIAN_POINT('',(4.155E0,-5.488052380085E-2,-7.846185567741E-1));
#3812=CARTESIAN_POINT('',(4.155E0,-8.323917338930E-2,-7.973904623203E-1));
#3813=CARTESIAN_POINT('',(4.155E0,-9.876109043085E-2,-7.888466009912E-1));
#3814=CARTESIAN_POINT('',(4.155E0,-1.066048752113E-1,-7.831990759493E-1));
#3816=CARTESIAN_POINT('',(4.155E0,-4.680611334602E-2,-7.267774261352E-1));
#3817=CARTESIAN_POINT('',(4.155E0,-4.680611334602E-2,-7.213649502562E-1));
#3818=CARTESIAN_POINT('',(4.155E0,-4.680611334602E-2,-7.159524743772E-1));
#3819=CARTESIAN_POINT('',(4.155E0,-4.680611334602E-2,-7.105399984982E-1));
#3821=CARTESIAN_POINT('',(4.155E0,-1.066048752113E-1,-8.004598708746E-1));
#3822=CARTESIAN_POINT('',(4.155E0,-9.871741121842E-2,-8.044036028713E-1));
#3823=CARTESIAN_POINT('',(4.155E0,-8.022755221799E-2,-8.076451357003E-1));
#3824=CARTESIAN_POINT('',(4.155E0,-5.235880982376E-2,-8.032429745503E-1));
#3825=CARTESIAN_POINT('',(4.155E0,-3.912877630938E-2,-7.801745089022E-1));
#3826=CARTESIAN_POINT('',(4.155E0,-4.756648618895E-2,-7.578949339796E-1));
#3827=CARTESIAN_POINT('',(4.155E0,-6.707352339334E-2,-7.500582415622E-1));
#3828=CARTESIAN_POINT('',(4.155E0,-8.476752863328E-2,-7.453004945066E-1));
#3829=CARTESIAN_POINT('',(4.155E0,-9.112028499099E-2,-7.323566751929E-1));
#3830=CARTESIAN_POINT('',(4.155E0,-8.426050820085E-2,-7.211155605278E-1));
#3831=CARTESIAN_POINT('',(4.155E0,-6.688694050951E-2,-7.186087977805E-1));
#3832=CARTESIAN_POINT('',(4.155E0,-5.387212841046E-2,-7.222470624090E-1));
#3833=CARTESIAN_POINT('',(4.155E0,-4.680611334602E-2,-7.267774261352E-1));
#3835=CARTESIAN_POINT('',(4.155E0,1.231922545371E-2,-7.879747899603E-1));
#3836=CARTESIAN_POINT('',(4.155E0,1.156581551130E-2,-7.853595180020E-1));
#3837=CARTESIAN_POINT('',(4.155E0,1.081240556888E-2,-7.827442460436E-1));
#3838=CARTESIAN_POINT('',(4.155E0,1.005899562647E-2,-7.801289740853E-1));
#3840=CARTESIAN_POINT('',(4.155E0,1.459592393717E-2,-7.802654230570E-1));
#3841=CARTESIAN_POINT('',(4.155E0,1.381159475987E-2,-7.828275650365E-1));
#3842=CARTESIAN_POINT('',(4.155E0,1.282524287333E-2,-7.853434993734E-1));
#3843=CARTESIAN_POINT('',(4.155E0,1.231922545371E-2,-7.879747899603E-1));
#3845=CARTESIAN_POINT('',(4.155E0,4.062356529725E-2,-7.084932639216E-1));
#3846=CARTESIAN_POINT('',(4.155E0,3.194768484389E-2,-7.324173169667E-1));
#3847=CARTESIAN_POINT('',(4.155E0,2.327180439053E-2,-7.563413700118E-1));
#3848=CARTESIAN_POINT('',(4.155E0,1.459592393717E-2,-7.802654230570E-1));
#3850=CARTESIAN_POINT('',(4.155E0,5.795258470748E-2,-7.084932639216E-1));
#3851=CARTESIAN_POINT('',(4.155E0,5.217624490407E-2,-7.084932639216E-1));
#3852=CARTESIAN_POINT('',(4.155E0,4.639990510066E-2,-7.084932639216E-1));
#3853=CARTESIAN_POINT('',(4.155E0,4.062356529725E-2,-7.084932639216E-1));
#3855=CARTESIAN_POINT('',(4.155E0,1.469826066618E-2,-8.181982372005E-1));
#3856=CARTESIAN_POINT('',(4.155E0,2.911636867995E-2,-7.816299127742E-1));
#3857=CARTESIAN_POINT('',(4.155E0,4.353447669371E-2,-7.450615883479E-1));
#3858=CARTESIAN_POINT('',(4.155E0,5.795258470748E-2,-7.084932639216E-1));
#3860=CARTESIAN_POINT('',(4.155E0,-3.009111430761E-2,-8.473300926678E-1));
#3861=CARTESIAN_POINT('',(4.155E0,-2.662093583133E-2,-8.483671574991E-1));
#3862=CARTESIAN_POINT('',(4.155E0,-7.324940525048E-3,-8.513260495183E-1));
#3863=CARTESIAN_POINT('',(4.155E0,9.092346726578E-3,-8.323555452853E-1));
#3864=CARTESIAN_POINT('',(4.155E0,1.469826066618E-2,-8.181982372005E-1));
#3866=CARTESIAN_POINT('',(4.155E0,-3.009111430761E-2,-8.324571547471E-1));
#3867=CARTESIAN_POINT('',(4.155E0,-3.009111430761E-2,-8.374148007206E-1));
#3868=CARTESIAN_POINT('',(4.155E0,-3.009111430761E-2,-8.423724466942E-1));
#3869=CARTESIAN_POINT('',(4.155E0,-3.009111430761E-2,-8.473300926678E-1));
#3871=CARTESIAN_POINT('',(4.155E0,-3.483564818860E-3,-8.209272166357E-1));
#3872=CARTESIAN_POINT('',(4.155E0,-6.296017824907E-3,-8.276162940564E-1));
#3873=CARTESIAN_POINT('',(4.155E0,-1.649126309747E-2,-8.366815251203E-1));
#3874=CARTESIAN_POINT('',(4.155E0,-2.709289300009E-2,-8.336439506815E-1));
#3875=CARTESIAN_POINT('',(4.155E0,-3.009111430761E-2,-8.324571547471E-1));
#3877=CARTESIAN_POINT('',(4.155E0,3.850567412470E-3,-8.035981972241E-1));
#3878=CARTESIAN_POINT('',(4.155E0,1.405856668693E-3,-8.093745370280E-1));
#3879=CARTESIAN_POINT('',(4.155E0,-1.038854075083E-3,-8.151508768318E-1));
#3880=CARTESIAN_POINT('',(4.155E0,-3.483564818860E-3,-8.209272166357E-1));
#3882=CARTESIAN_POINT('',(4.155E0,-3.353645084412E-2,-7.084932639216E-1));
#3883=CARTESIAN_POINT('',(4.155E0,-2.107411142526E-2,-7.401949083557E-1));
#3884=CARTESIAN_POINT('',(4.155E0,-8.611772006393E-3,-7.718965527899E-1));
#3885=CARTESIAN_POINT('',(4.155E0,3.850567412470E-3,-8.035981972241E-1));
#3887=CARTESIAN_POINT('',(4.155E0,-1.484294171582E-2,-7.084932639216E-1));
#3888=CARTESIAN_POINT('',(4.155E0,-2.107411142525E-2,-7.084932639216E-1));
#3889=CARTESIAN_POINT('',(4.155E0,-2.730528113469E-2,-7.084932639216E-1));
#3890=CARTESIAN_POINT('',(4.155E0,-3.353645084412E-2,-7.084932639216E-1));
#3892=CARTESIAN_POINT('',(4.155E0,1.005899562647E-2,-7.801289740853E-1));
#3893=CARTESIAN_POINT('',(4.155E0,1.758349845707E-3,-7.562504040307E-1));
#3894=CARTESIAN_POINT('',(4.155E0,-6.542295935057E-3,-7.323718339761E-1));
#3895=CARTESIAN_POINT('',(4.155E0,-1.484294171582E-2,-7.084932639216E-1));
#3897=DIRECTION('',(0.E0,0.E0,1.E0));
#3898=VECTOR('',#3897,1.521406034953E-2);
#3899=CARTESIAN_POINT('',(4.155E0,1.477360081131E-1,-8.038028706821E-1));
#3900=LINE('',#3899,#3898);
#3901=DIRECTION('',(0.E0,1.E0,0.E0));
#3902=VECTOR('',#3901,7.177215913544E-2);
#3903=CARTESIAN_POINT('',(4.155E0,7.596384897765E-2,-8.038028706821E-1));
#3904=LINE('',#3903,#3902);
#3905=DIRECTION('',(0.E0,0.E0,-1.E0));
#3906=VECTOR('',#3905,1.334470943621E-1);
#3907=CARTESIAN_POINT('',(4.155E0,7.596384897765E-2,-6.703557763201E-1));
#3908=LINE('',#3907,#3906);
#3909=DIRECTION('',(0.E0,-1.E0,0.E0));
#3910=VECTOR('',#3909,6.873616951362E-2);
#3911=CARTESIAN_POINT('',(4.155E0,1.447000184913E-1,-6.703557763201E-1));
#3912=LINE('',#3911,#3910);
#3913=DIRECTION('',(0.E0,0.E0,1.E0));
#3914=VECTOR('',#3913,1.535050932034E-2);
#3915=CARTESIAN_POINT('',(4.155E0,1.447000184913E-1,-6.857062856404E-1));
#3916=LINE('',#3915,#3914);
#3917=DIRECTION('',(0.E0,1.E0,0.E0));
#3918=VECTOR('',#3917,5.150948683149E-2);
#3919=CARTESIAN_POINT('',(4.155E0,9.319053165978E-2,-6.857062856404E-1));
#3920=LINE('',#3919,#3918);
#3921=DIRECTION('',(0.E0,0.E0,1.E0));
#3922=VECTOR('',#3921,4.270852815534E-2);
#3923=CARTESIAN_POINT('',(4.155E0,9.319053165978E-2,-7.284148137958E-1));
#3924=LINE('',#3923,#3922);
#3925=DIRECTION('',(0.E0,-1.E0,0.E0));
#3926=VECTOR('',#3925,4.772302786569E-2);
#3927=CARTESIAN_POINT('',(4.155E0,1.409135595255E-1,-7.284148137958E-1));
#3928=LINE('',#3927,#3926);
#3929=DIRECTION('',(0.E0,0.E0,1.E0));
#3930=VECTOR('',#3929,1.528228483494E-2);
#3931=CARTESIAN_POINT('',(4.155E0,1.409135595255E-1,-7.436970986307E-1));
#3932=LINE('',#3931,#3930);
#3933=DIRECTION('',(0.E0,1.E0,0.E0));
#3934=VECTOR('',#3933,4.772302786569E-2);
#3935=CARTESIAN_POINT('',(4.155E0,9.319053165978E-2,-7.436970986307E-1));
#3936=LINE('',#3935,#3934);
#3937=DIRECTION('',(0.E0,0.E0,1.E0));
#3938=VECTOR('',#3937,4.489171170189E-2);
#3939=CARTESIAN_POINT('',(4.155E0,9.319053165978E-2,-7.885888103326E-1));
#3940=LINE('',#3939,#3938);
#3941=DIRECTION('',(0.E0,-1.E0,0.E0));
#3942=VECTOR('',#3941,5.454547645331E-2);
#3943=CARTESIAN_POINT('',(4.155E0,1.477360081131E-1,-7.885888103326E-1));
#3944=LINE('',#3943,#3942);
#3945=CARTESIAN_POINT('',(4.155E0,1.901716383236E-1,-6.857062856404E-1));
#3946=CARTESIAN_POINT('',(4.155E0,1.968917501818E-1,-6.857062856404E-1));
#3947=CARTESIAN_POINT('',(4.155E0,2.036118620400E-1,-6.857062856404E-1));
#3948=CARTESIAN_POINT('',(4.155E0,2.103319738981E-1,-6.857062856404E-1));
#3950=CARTESIAN_POINT('',(4.155E0,1.901716383241E-1,-7.885888103326E-1));
#3951=CARTESIAN_POINT('',(4.155E0,1.901716383239E-1,-7.542946354352E-1));
#3952=CARTESIAN_POINT('',(4.155E0,1.901716383238E-1,-7.200004605378E-1));
#3953=CARTESIAN_POINT('',(4.155E0,1.901716383236E-1,-6.857062856404E-1));
#3955=CARTESIAN_POINT('',(4.155E0,2.095473923110E-1,-7.885888103326E-1));
#3956=CARTESIAN_POINT('',(4.155E0,2.030888076487E-1,-7.885888103326E-1));
#3957=CARTESIAN_POINT('',(4.155E0,1.966302229864E-1,-7.885888103326E-1));
#3958=CARTESIAN_POINT('',(4.155E0,1.901716383241E-1,-7.885888103326E-1));
#3960=CARTESIAN_POINT('',(4.155E0,2.103319738981E-1,-6.857062856404E-1));
#3961=CARTESIAN_POINT('',(4.155E0,2.238342998434E-1,-6.857062856404E-1));
#3962=CARTESIAN_POINT('',(4.155E0,2.540323654132E-1,-6.928238305725E-1));
#3963=CARTESIAN_POINT('',(4.155E0,2.680656089976E-1,-7.362233003646E-1));
#3964=CARTESIAN_POINT('',(4.155E0,2.545067127880E-1,-7.800985557546E-1));
#3965=CARTESIAN_POINT('',(4.155E0,2.235617315337E-1,-7.885888103325E-1));
#3966=CARTESIAN_POINT('',(4.155E0,2.095473923110E-1,-7.885888103326E-1));
#3968=CARTESIAN_POINT('',(4.155E0,1.729449556424E-1,-8.038028706821E-1));
#3969=CARTESIAN_POINT('',(4.155E0,1.851798801086E-1,-8.038028706821E-1));
#3970=CARTESIAN_POINT('',(4.155E0,1.974148045747E-1,-8.038028706821E-1));
#3971=CARTESIAN_POINT('',(4.155E0,2.096497290409E-1,-8.038028706821E-1));
#3973=CARTESIAN_POINT('',(4.155E0,1.729449556420E-1,-6.703557763201E-1));
#3974=CARTESIAN_POINT('',(4.155E0,1.729449556421E-1,-7.148381411074E-1));
#3975=CARTESIAN_POINT('',(4.155E0,1.729449556423E-1,-7.593205058948E-1));
#3976=CARTESIAN_POINT('',(4.155E0,1.729449556424E-1,-8.038028706821E-1));
#3978=CARTESIAN_POINT('',(4.155E0,2.110142187571E-1,-6.703557763201E-1));
#3979=CARTESIAN_POINT('',(4.155E0,1.983244643854E-1,-6.703557763201E-1));
#3980=CARTESIAN_POINT('',(4.155E0,1.856347100137E-1,-6.703557763201E-1));
#3981=CARTESIAN_POINT('',(4.155E0,1.729449556420E-1,-6.703557763201E-1));
#3983=CARTESIAN_POINT('',(4.155E0,2.096497290409E-1,-8.038028706821E-1));
#3984=CARTESIAN_POINT('',(4.155E0,2.280115149826E-1,-8.038028706821E-1));
#3985=CARTESIAN_POINT('',(4.155E0,2.672908641434E-1,-7.919681467301E-1));
#3986=CARTESIAN_POINT('',(4.155E0,2.887499976380E-1,-7.360567163471E-1));
#3987=CARTESIAN_POINT('',(4.155E0,2.668456720875E-1,-6.812165642156E-1));
#3988=CARTESIAN_POINT('',(4.155E0,2.288331816691E-1,-6.703557763200E-1));
#3989=CARTESIAN_POINT('',(4.155E0,2.110142187571E-1,-6.703557763201E-1));
#3991=CARTESIAN_POINT('',(4.155E0,3.486557457150E-1,-6.874118977882E-1));
#3992=CARTESIAN_POINT('',(4.155E0,3.491909414021E-1,-6.905744177611E-1));
#3993=CARTESIAN_POINT('',(4.155E0,3.498780547213E-1,-6.937329909810E-1));
#3994=CARTESIAN_POINT('',(4.155E0,3.509426392766E-1,-6.967586523512E-1));
#3996=CARTESIAN_POINT('',(4.155E0,3.462692619942E-1,-6.967586523512E-1));
#3997=CARTESIAN_POINT('',(4.155E0,3.473983125455E-1,-6.937478508875E-1));
#3998=CARTESIAN_POINT('',(4.155E0,3.481445737344E-1,-6.905865448249E-1));
#3999=CARTESIAN_POINT('',(4.155E0,3.486557457150E-1,-6.874118977882E-1));
#4001=CARTESIAN_POINT('',(4.155E0,3.263135998787E-1,-7.522251593634E-1));
#4002=CARTESIAN_POINT('',(4.155E0,3.329654872505E-1,-7.337363236927E-1));
#4003=CARTESIAN_POINT('',(4.155E0,3.396173746224E-1,-7.152474880220E-1));
#4004=CARTESIAN_POINT('',(4.155E0,3.462692619942E-1,-6.967586523512E-1));
#4006=CARTESIAN_POINT('',(4.155E0,3.711029748525E-1,-7.522251593634E-1));
#4007=CARTESIAN_POINT('',(4.155E0,3.561731831945E-1,-7.522251593634E-1));
#4008=CARTESIAN_POINT('',(4.155E0,3.412433915366E-1,-7.522251593634E-1));
#4009=CARTESIAN_POINT('',(4.155E0,3.263135998787E-1,-7.522251593634E-1));
#4011=CARTESIAN_POINT('',(4.155E0,3.509426392766E-1,-6.967586523512E-1));
#4012=CARTESIAN_POINT('',(4.155E0,3.576627511352E-1,-7.152474880220E-1));
#4013=CARTESIAN_POINT('',(4.155E0,3.643828629939E-1,-7.337363236927E-1));
#4014=CARTESIAN_POINT('',(4.155E0,3.711029748525E-1,-7.522251593634E-1));
#4016=DIRECTION('',(0.E0,-3.559357243710E-1,9.345104387413E-1));
#4017=VECTOR('',#4016,1.427989338908E-1);
#4018=CARTESIAN_POINT('',(4.155E0,4.090699012400E-1,-8.038028706821E-1));
#4019=LINE('',#4018,#4017);
#4020=DIRECTION('',(0.E0,1.E0,0.E0));
#4021=VECTOR('',#4020,1.903463155713E-2);
#4022=CARTESIAN_POINT('',(4.155E0,3.900352696829E-1,-8.038028706821E-1));
#4023=LINE('',#4022,#4021);
#4024=DIRECTION('',(0.E0,3.493954794714E-1,-9.369753459537E-1));
#4025=VECTOR('',#4024,3.895524049647E-2);
#4026=CARTESIAN_POINT('',(4.155E0,3.764244847517E-1,-7.673027707412E-1));
#4027=LINE('',#4026,#4025);
#4028=DIRECTION('',(0.E0,1.E0,0.E0));
#4029=VECTOR('',#4028,5.556884374118E-2);
#4030=CARTESIAN_POINT('',(4.155E0,3.208556410105E-1,-7.673027707412E-1));
#4031=LINE('',#4030,#4029);
#4032=DIRECTION('',(0.E0,3.315284183928E-1,9.434452330676E-1));
#4033=VECTOR('',#4032,3.868809620481E-2);
#4034=CARTESIAN_POINT('',(4.155E0,3.080294376651E-1,-8.038028706821E-1));
#4035=LINE('',#4034,#4033);
#4036=DIRECTION('',(0.E0,1.E0,0.E0));
#4037=VECTOR('',#4036,1.903463155713E-2);
#4038=CARTESIAN_POINT('',(4.155E0,2.889948061079E-1,-8.038028706821E-1));
#4039=LINE('',#4038,#4037);
#4040=DIRECTION('',(0.E0,-3.559357243682E-1,-9.345104387424E-1));
#4041=VECTOR('',#4040,1.427989338906E-1);
#4042=CARTESIAN_POINT('',(4.155E0,3.398220480813E-1,-6.703557763201E-1));
#4043=LINE('',#4042,#4041);
#4044=DIRECTION('',(0.E0,-1.E0,0.E0));
#4045=VECTOR('',#4044,1.842061118487E-2);
#4046=CARTESIAN_POINT('',(4.155E0,3.582426592662E-1,-6.703557763201E-1));
#4047=LINE('',#4046,#4045);
#4048=CARTESIAN_POINT('',(4.155E0,-4.968294752638E-1,-5.471422222797E-1));
#4049=CARTESIAN_POINT('',(4.155E0,-5.072480222291E-1,-5.187279638691E-1));
#4050=CARTESIAN_POINT('',(4.155E0,-5.521717856593E-1,-4.529370200232E-1));
#4051=CARTESIAN_POINT('',(4.155E0,-6.707926426045E-1,-4.073752354704E-1));
#4052=CARTESIAN_POINT('',(4.155E0,-7.787726499874E-1,-4.425366310269E-1));
#4053=CARTESIAN_POINT('',(4.155E0,-8.207485264447E-1,-4.859673099557E-1));
#4054=CARTESIAN_POINT('',(4.155E0,-8.327029699621E-1,-5.016000512066E-1));
#4056=CARTESIAN_POINT('',(4.155E0,-5.243445503379E-1,-8.042656870063E-1));
#4057=CARTESIAN_POINT('',(4.155E0,-4.923551054324E-1,-8.015237415591E-1));
#4058=CARTESIAN_POINT('',(4.155E0,-4.289311822096E-1,-7.698317177484E-1));
#4059=CARTESIAN_POINT('',(4.155E0,-3.792048384987E-1,-6.521037446305E-1));
#4060=CARTESIAN_POINT('',(4.155E0,-4.473089198061E-1,-5.627802941693E-1));
#4061=CARTESIAN_POINT('',(4.155E0,-4.968294752638E-1,-5.471422222797E-1));
#4063=CARTESIAN_POINT('',(4.155E0,-5.271909286784E-1,-8.042656870063E-1));
#4064=CARTESIAN_POINT('',(4.155E0,-5.262421358982E-1,-8.042656870063E-1));
#4065=CARTESIAN_POINT('',(4.155E0,-5.252933431180E-1,-8.042656870063E-1));
#4066=CARTESIAN_POINT('',(4.155E0,-5.243445503379E-1,-8.042656870063E-1));
#4068=CARTESIAN_POINT('',(4.155E0,-5.300373070185E-1,-8.042656870063E-1));
#4069=CARTESIAN_POINT('',(4.155E0,-5.290885142385E-1,-8.042656870063E-1));
#4070=CARTESIAN_POINT('',(4.155E0,-5.281397214585E-1,-8.042656870063E-1));
#4071=CARTESIAN_POINT('',(4.155E0,-5.271909286784E-1,-8.042656870063E-1));
#4073=CARTESIAN_POINT('',(4.155E0,-5.803234450081E-1,-8.042656870063E-1));
#4074=CARTESIAN_POINT('',(4.155E0,-5.635613990116E-1,-8.042656870063E-1));
#4075=CARTESIAN_POINT('',(4.155E0,-5.467993530151E-1,-8.042656870063E-1));
#4076=CARTESIAN_POINT('',(4.155E0,-5.300373070185E-1,-8.042656870063E-1));
#4078=CARTESIAN_POINT('',(4.155E0,-5.727331268963E-1,-7.463891947106E-1));
#4079=CARTESIAN_POINT('',(4.155E0,-5.746568866258E-1,-7.463891947106E-1));
#4080=CARTESIAN_POINT('',(4.155E0,-5.899787536429E-1,-7.410393377051E-1));
#4081=CARTESIAN_POINT('',(4.155E0,-6.227301186418E-1,-7.753733874795E-1));
#4082=CARTESIAN_POINT('',(4.155E0,-5.937227433235E-1,-8.034282448381E-1));
#4083=CARTESIAN_POINT('',(4.155E0,-5.803234450081E-1,-8.042656870063E-1));
#4085=CARTESIAN_POINT('',(4.155E0,-5.300373432119E-1,-7.463891947106E-1));
#4086=CARTESIAN_POINT('',(4.155E0,-5.442692711067E-1,-7.463891947106E-1));
#4087=CARTESIAN_POINT('',(4.155E0,-5.585011990015E-1,-7.463891947106E-1));
#4088=CARTESIAN_POINT('',(4.155E0,-5.727331268963E-1,-7.463891947106E-1));
#4090=CARTESIAN_POINT('',(4.155E0,-5.433204541977E-1,-5.983771590824E-1));
#4091=CARTESIAN_POINT('',(4.155E0,-5.407903360960E-1,-5.983771590824E-1));
#4092=CARTESIAN_POINT('',(4.155E0,-5.035147024361E-1,-5.970274322204E-1));
#4093=CARTESIAN_POINT('',(4.155E0,-4.248674492542E-1,-6.702064990585E-1));
#4094=CARTESIAN_POINT('',(4.155E0,-4.965550534953E-1,-7.439392786711E-1));
#4095=CARTESIAN_POINT('',(4.155E0,-5.300373432119E-1,-7.463891947106E-1));
#4097=CARTESIAN_POINT('',(4.155E0,-8.032903153607E-1,-5.708620478151E-1));
#4098=CARTESIAN_POINT('',(4.155E0,-7.865402085777E-1,-5.214932996442E-1));
#4099=CARTESIAN_POINT('',(4.155E0,-6.686806561196E-1,-4.298453197537E-1));
#4100=CARTESIAN_POINT('',(4.155E0,-5.500603070300E-1,-5.394033905595E-1));
#4101=CARTESIAN_POINT('',(4.155E0,-5.433204541977E-1,-5.983771590824E-1));
#4103=CARTESIAN_POINT('',(4.155E0,-8.915282610696E-1,-7.387988042117E-1));
#4104=CARTESIAN_POINT('',(4.155E0,-9.231210093866E-1,-7.243564015381E-1));
#4105=CARTESIAN_POINT('',(4.155E0,-9.838496347813E-1,-6.407261937046E-1));
#4106=CARTESIAN_POINT('',(4.155E0,-8.807812420734E-1,-5.404877532403E-1));
#4107=CARTESIAN_POINT('',(4.155E0,-8.182282152944E-1,-5.618993116526E-1));
#4108=CARTESIAN_POINT('',(4.155E0,-8.032903153607E-1,-5.708620478151E-1));
#4110=CARTESIAN_POINT('',(4.155E0,-7.311818770735E-1,-7.084373507975E-1));
#4111=CARTESIAN_POINT('',(4.155E0,-7.481307069621E-1,-6.886637039548E-1));
#4112=CARTESIAN_POINT('',(4.155E0,-8.126780898599E-1,-6.572418969979E-1));
#4113=CARTESIAN_POINT('',(4.155E0,-8.789704937715E-1,-7.047134162799E-1));
#4114=CARTESIAN_POINT('',(4.155E0,-8.915282610696E-1,-7.387988042117E-1));
#4116=CARTESIAN_POINT('',(4.155E0,-6.040433248331E-1,-6.420216872891E-1));
#4117=CARTESIAN_POINT('',(4.155E0,-6.464228422466E-1,-6.641602417919E-1));
#4118=CARTESIAN_POINT('',(4.155E0,-6.888023596601E-1,-6.862987962947E-1));
#4119=CARTESIAN_POINT('',(4.155E0,-7.311818770735E-1,-7.084373507975E-1));
#4121=CARTESIAN_POINT('',(4.155E0,-5.746306883274E-1,-6.923078433753E-1));
#4122=CARTESIAN_POINT('',(4.155E0,-5.844349004960E-1,-6.755457913466E-1));
#4123=CARTESIAN_POINT('',(4.155E0,-5.942391126645E-1,-6.587837393178E-1));
#4124=CARTESIAN_POINT('',(4.155E0,-6.040433248331E-1,-6.420216872891E-1));
#4126=CARTESIAN_POINT('',(4.155E0,-7.074620153457E-1,-7.625186840366E-1));
#4127=CARTESIAN_POINT('',(4.155E0,-6.631849063396E-1,-7.391150704829E-1));
#4128=CARTESIAN_POINT('',(4.155E0,-6.189077973335E-1,-7.157114569291E-1));
#4129=CARTESIAN_POINT('',(4.155E0,-5.746306883274E-1,-6.923078433753E-1));
#4131=CARTESIAN_POINT('',(4.155E0,-8.924770870276E-1,-8.023680893809E-1));
#4132=CARTESIAN_POINT('',(4.155E0,-8.810566915424E-1,-8.375077626412E-1));
#4133=CARTESIAN_POINT('',(4.155E0,-7.932390653184E-1,-9.053307176338E-1));
#4134=CARTESIAN_POINT('',(4.155E0,-7.057760962895E-1,-8.134345720085E-1));
#4135=CARTESIAN_POINT('',(4.155E0,-7.074620153457E-1,-7.656813346800E-1));
#4136=CARTESIAN_POINT('',(4.155E0,-7.074620153457E-1,-7.625186840366E-1));
#4138=CARTESIAN_POINT('',(4.155E0,-8.327029699621E-1,-5.016000512066E-1));
#4139=CARTESIAN_POINT('',(4.155E0,-8.399481295531E-1,-5.006944019399E-1));
#4140=CARTESIAN_POINT('',(4.155E0,-8.864121742650E-1,-4.954856718783E-1));
#4141=CARTESIAN_POINT('',(4.155E0,-9.755624640668E-1,-5.337209786603E-1));
#4142=CARTESIAN_POINT('',(4.155E0,-1.023595945282E0,-6.512090099278E-1));
#4143=CARTESIAN_POINT('',(4.155E0,-9.820930062926E-1,-7.591639352036E-1));
#4144=CARTESIAN_POINT('',(4.155E0,-9.210470992302E-1,-7.949951886768E-1));
#4145=CARTESIAN_POINT('',(4.155E0,-8.924770870276E-1,-8.023680893809E-1));
#4147=DIRECTION('',(1.E0,0.E0,0.E0));
#4148=VECTOR('',#4147,5.000000000001E-3);
#4149=CARTESIAN_POINT('',(4.15E0,-2.232346338069E-1,-5.921022910268E-1));
#4150=LINE('',#4149,#4148);
#4151=DIRECTION('',(1.E0,0.E0,0.E0));
#4152=VECTOR('',#4151,5.000000000001E-3);
#4153=CARTESIAN_POINT('',(4.15E0,-2.936081909820E-1,-5.921022910268E-1));
#4154=LINE('',#4153,#4152);
#4155=DIRECTION('',(1.E0,0.E0,0.E0));
#4156=VECTOR('',#4155,5.000000000001E-3);
#4157=CARTESIAN_POINT('',(4.15E0,-2.936081909820E-1,-4.586551966647E-1));
#4158=LINE('',#4157,#4156);
#4159=DIRECTION('',(1.E0,0.E0,0.E0));
#4160=VECTOR('',#4159,5.000000000001E-3);
#4161=CARTESIAN_POINT('',(4.15E0,-2.763815082998E-1,-4.586551966647E-1));
#4162=LINE('',#4161,#4160);
#4163=DIRECTION('',(1.E0,0.E0,0.E0));
#4164=VECTOR('',#4163,5.000000000001E-3);
#4165=CARTESIAN_POINT('',(4.15E0,-2.763815082998E-1,-5.768882306772E-1));
#4166=LINE('',#4165,#4164);
#4167=DIRECTION('',(1.E0,0.E0,0.E0));
#4168=VECTOR('',#4167,5.000000000001E-3);
#4169=CARTESIAN_POINT('',(4.15E0,-2.232346338069E-1,-5.768882306772E-1));
#4170=LINE('',#4169,#4168);
#4171=DIRECTION('',(1.E0,1.942890293094E-14,0.E0));
#4172=VECTOR('',#4171,5.000000000001E-3);
#4173=CARTESIAN_POINT('',(4.15E0,-1.178619153802E-1,-5.865761076709E-1));
#4174=LINE('',#4173,#4172);
#4175=DIRECTION('',(1.E0,0.E0,-1.110223024625E-14));
#4176=VECTOR('',#4175,5.000000000001E-3);
#4177=CARTESIAN_POINT('',(4.15E0,-1.178619153802E-1,-4.618617475005E-1));
#4178=LINE('',#4177,#4176);
#4179=DIRECTION('',(1.E0,2.220446049250E-14,-3.330669073875E-14));
#4180=VECTOR('',#4179,5.000000000001E-3);
#4181=CARTESIAN_POINT('',(4.15E0,-1.178619153802E-1,-4.798730117697E-1));
#4182=LINE('',#4181,#4180);
#4183=DIRECTION('',(1.E0,1.387778780781E-14,0.E0));
#4184=VECTOR('',#4183,5.000000000001E-3);
#4185=CARTESIAN_POINT('',(4.15E0,-1.178619153802E-1,-5.700657820905E-1));
#4186=LINE('',#4185,#4184);
#4187=DIRECTION('',(1.E0,0.E0,0.E0));
#4188=VECTOR('',#4187,5.000000000001E-3);
#4189=CARTESIAN_POINT('',(4.15E0,-1.937987002652E-2,-5.921022910268E-1));
#4190=LINE('',#4189,#4188);
#4191=DIRECTION('',(1.E0,0.E0,0.E0));
#4192=VECTOR('',#4191,5.000000000001E-3);
#4193=CARTESIAN_POINT('',(4.15E0,-9.115202916196E-2,-5.921022910268E-1));
#4194=LINE('',#4193,#4192);
#4195=DIRECTION('',(1.E0,0.E0,0.E0));
#4196=VECTOR('',#4195,5.000000000001E-3);
#4197=CARTESIAN_POINT('',(4.15E0,-1.937987002652E-2,-5.768882306772E-1));
#4198=LINE('',#4197,#4196);
#4199=DIRECTION('',(1.E0,1.110223024625E-14,0.E0));
#4200=VECTOR('',#4199,5.000000000001E-3);
#4201=CARTESIAN_POINT('',(4.15E0,-7.392534647984E-2,-5.768882306772E-1));
#4202=LINE('',#4201,#4200);
#4203=DIRECTION('',(1.E0,1.110223024625E-14,0.E0));
#4204=VECTOR('',#4203,5.000000000001E-3);
#4205=CARTESIAN_POINT('',(4.15E0,-7.392534647984E-2,-5.319965189753E-1));
#4206=LINE('',#4205,#4204);
#4207=DIRECTION('',(1.E0,0.E0,0.E0));
#4208=VECTOR('',#4207,5.000000000001E-3);
#4209=CARTESIAN_POINT('',(4.15E0,-2.620231861415E-2,-5.319965189753E-1));
#4210=LINE('',#4209,#4208);
#4211=DIRECTION('',(1.E0,0.E0,0.E0));
#4212=VECTOR('',#4211,5.000000000001E-3);
#4213=CARTESIAN_POINT('',(4.15E0,-2.620231861415E-2,-5.167142341404E-1));
#4214=LINE('',#4213,#4212);
#4215=DIRECTION('',(1.E0,1.110223024625E-14,0.E0));
#4216=VECTOR('',#4215,5.000000000001E-3);
#4217=CARTESIAN_POINT('',(4.15E0,-7.392534647984E-2,-5.167142341404E-1));
#4218=LINE('',#4217,#4216);
#4219=DIRECTION('',(1.E0,1.110223024625E-14,0.E0));
#4220=VECTOR('',#4219,5.000000000001E-3);
#4221=CARTESIAN_POINT('',(4.15E0,-7.392534647984E-2,-4.740057059850E-1));
#4222=LINE('',#4221,#4220);
#4223=DIRECTION('',(1.E0,-1.110223024625E-14,0.E0));
#4224=VECTOR('',#4223,5.000000000001E-3);
#4225=CARTESIAN_POINT('',(4.15E0,-2.241585964834E-2,-4.740057059850E-1));
#4226=LINE('',#4225,#4224);
#4227=DIRECTION('',(1.E0,-1.110223024625E-14,0.E0));
#4228=VECTOR('',#4227,5.000000000001E-3);
#4229=CARTESIAN_POINT('',(4.15E0,-2.241585964834E-2,-4.586551966647E-1));
#4230=LINE('',#4229,#4228);
#4231=DIRECTION('',(1.E0,0.E0,-2.220446049250E-14));
#4232=VECTOR('',#4231,5.000000000001E-3);
#4233=CARTESIAN_POINT('',(4.15E0,2.305576018539E-2,-4.740057059850E-1));
#4234=LINE('',#4233,#4232);
#4235=DIRECTION('',(1.E0,0.E0,0.E0));
#4236=VECTOR('',#4235,5.000000000001E-3);
#4237=CARTESIAN_POINT('',(4.15E0,2.305576018539E-2,-5.768882306772E-1));
#4238=LINE('',#4237,#4236);
#4239=DIRECTION('',(1.E0,-1.526556658859E-14,0.E0));
#4240=VECTOR('',#4239,5.000000000001E-3);
#4241=CARTESIAN_POINT('',(4.15E0,4.243151417227E-2,-5.768882306772E-1));
#4242=LINE('',#4241,#4240);
#4243=DIRECTION('',(1.E0,1.526556658859E-14,0.E0));
#4244=VECTOR('',#4243,5.000000000001E-3);
#4245=CARTESIAN_POINT('',(4.15E0,4.321609575895E-2,-4.740057059850E-1));
#4246=LINE('',#4245,#4244);
#4247=DIRECTION('',(1.E0,0.E0,0.E0));
#4248=VECTOR('',#4247,5.000000000001E-3);
#4249=CARTESIAN_POINT('',(4.15E0,5.829077502810E-3,-5.921022910268E-1));
#4250=LINE('',#4249,#4248);
#4251=DIRECTION('',(1.E0,0.E0,0.E0));
#4252=VECTOR('',#4251,5.000000000001E-3);
#4253=CARTESIAN_POINT('',(4.15E0,5.829077502810E-3,-4.586551966647E-1));
#4254=LINE('',#4253,#4252);
#4255=DIRECTION('',(1.E0,-1.110223024625E-14,0.E0));
#4256=VECTOR('',#4255,5.000000000001E-3);
#4257=CARTESIAN_POINT('',(4.15E0,4.389834061890E-2,-4.586551966647E-1));
#4258=LINE('',#4257,#4256);
#4259=DIRECTION('',(1.E0,1.110223024625E-14,0.E0));
#4260=VECTOR('',#4259,5.000000000001E-3);
#4261=CARTESIAN_POINT('',(4.15E0,4.253385090128E-2,-5.921022910268E-1));
#4262=LINE('',#4261,#4260);
#4263=DIRECTION('',(1.E0,0.E0,0.E0));
#4264=VECTOR('',#4263,5.000000000001E-3);
#4265=CARTESIAN_POINT('',(4.15E0,1.815482964840E-1,-4.757113181319E-1));
#4266=LINE('',#4265,#4264);
#4267=DIRECTION('',(1.E0,-2.220446049250E-14,-5.551115123125E-14));
#4268=VECTOR('',#4267,5.000000000001E-3);
#4269=CARTESIAN_POINT('',(4.15E0,1.791533838560E-1,-4.850580726968E-1));
#4270=LINE('',#4269,#4268);
#4271=DIRECTION('',(1.E0,1.110223024625E-14,2.220446049250E-14));
#4272=VECTOR('',#4271,5.000000000001E-3);
#4273=CARTESIAN_POINT('',(4.15E0,1.591977217386E-1,-5.405245797089E-1));
#4274=LINE('',#4273,#4272);
#4275=DIRECTION('',(1.E0,-2.220446049250E-14,0.E0));
#4276=VECTOR('',#4275,5.000000000001E-3);
#4277=CARTESIAN_POINT('',(4.15E0,2.039870967124E-1,-5.405245797089E-1));
#4278=LINE('',#4277,#4276);
#4279=DIRECTION('',(1.E0,0.E0,-8.881784197E-14));
#4280=VECTOR('',#4279,5.000000000001E-3);
#4281=CARTESIAN_POINT('',(4.15E0,1.838267611384E-1,-4.850580726968E-1));
#4282=LINE('',#4281,#4280);
#4283=DIRECTION('',(1.E0,0.E0,0.E0));
#4284=VECTOR('',#4283,5.000000000001E-3);
#4285=CARTESIAN_POINT('',(4.15E0,2.419540231004E-1,-5.921022910268E-1));
#4286=LINE('',#4285,#4284);
#4287=DIRECTION('',(1.E0,1.665334536937E-14,0.E0));
#4288=VECTOR('',#4287,5.000000000001E-3);
#4289=CARTESIAN_POINT('',(4.15E0,2.229193915432E-1,-5.921022910268E-1));
#4290=LINE('',#4289,#4288);
#4291=DIRECTION('',(1.E0,0.E0,0.E0));
#4292=VECTOR('',#4291,5.000000000001E-3);
#4293=CARTESIAN_POINT('',(4.15E0,2.093086066121E-1,-5.556021910859E-1));
#4294=LINE('',#4293,#4292);
#4295=DIRECTION('',(1.E0,1.110223024625E-14,0.E0));
#4296=VECTOR('',#4295,5.000000000001E-3);
#4297=CARTESIAN_POINT('',(4.15E0,1.537397628709E-1,-5.556021910859E-1));
#4298=LINE('',#4297,#4296);
#4299=DIRECTION('',(1.E0,1.110223024625E-14,0.E0));
#4300=VECTOR('',#4299,5.000000000001E-3);
#4301=CARTESIAN_POINT('',(4.15E0,1.409135595255E-1,-5.921022910268E-1));
#4302=LINE('',#4301,#4300);
#4303=DIRECTION('',(1.E0,0.E0,0.E0));
#4304=VECTOR('',#4303,5.000000000001E-3);
#4305=CARTESIAN_POINT('',(4.15E0,1.218789279683E-1,-5.921022910268E-1));
#4306=LINE('',#4305,#4304);
#4307=DIRECTION('',(1.E0,-1.665334536937E-14,0.E0));
#4308=VECTOR('',#4307,5.000000000001E-3);
#4309=CARTESIAN_POINT('',(4.15E0,1.727061699417E-1,-4.586551966647E-1));
#4310=LINE('',#4309,#4308);
#4311=DIRECTION('',(1.E0,1.110223024625E-14,0.E0));
#4312=VECTOR('',#4311,5.000000000001E-3);
#4313=CARTESIAN_POINT('',(4.15E0,1.911267811266E-1,-4.586551966647E-1));
#4314=LINE('',#4313,#4312);
#4315=DIRECTION('',(1.E0,0.E0,0.E0));
#4316=VECTOR('',#4315,5.000000000001E-3);
#4317=CARTESIAN_POINT('',(4.15E0,-2.218360318465E-1,-8.038028706821E-1));
#4318=LINE('',#4317,#4316);
#4319=DIRECTION('',(1.E0,0.E0,0.E0));
#4320=VECTOR('',#4319,5.000000000001E-3);
#4321=CARTESIAN_POINT('',(4.15E0,-2.936081909820E-1,-8.038028706821E-1));
#4322=LINE('',#4321,#4320);
#4323=DIRECTION('',(1.E0,0.E0,0.E0));
#4324=VECTOR('',#4323,5.000000000001E-3);
#4325=CARTESIAN_POINT('',(4.15E0,-2.936081909820E-1,-6.703557763201E-1));
#4326=LINE('',#4325,#4324);
#4327=DIRECTION('',(1.E0,1.110223024625E-14,0.E0));
#4328=VECTOR('',#4327,5.000000000001E-3);
#4329=CARTESIAN_POINT('',(4.15E0,-2.248720214684E-1,-6.703557763201E-1));
#4330=LINE('',#4329,#4328);
#4331=DIRECTION('',(1.E0,1.110223024625E-14,0.E0));
#4332=VECTOR('',#4331,5.000000000001E-3);
#4333=CARTESIAN_POINT('',(4.15E0,-2.248720214684E-1,-6.857062856404E-1));
#4334=LINE('',#4333,#4332);
#4335=DIRECTION('',(1.E0,0.E0,0.E0));
#4336=VECTOR('',#4335,5.000000000001E-3);
#4337=CARTESIAN_POINT('',(4.15E0,-2.763815082998E-1,-6.857062856404E-1));
#4338=LINE('',#4337,#4336);
#4339=DIRECTION('',(1.E0,0.E0,0.E0));
#4340=VECTOR('',#4339,5.000000000001E-3);
#4341=CARTESIAN_POINT('',(4.15E0,-2.763815082998E-1,-7.284148137958E-1));
#4342=LINE('',#4341,#4340);
#4343=DIRECTION('',(1.E0,0.E0,0.E0));
#4344=VECTOR('',#4343,5.000000000001E-3);
#4345=CARTESIAN_POINT('',(4.15E0,-2.286584804342E-1,-7.284148137958E-1));
#4346=LINE('',#4345,#4344);
#4347=DIRECTION('',(1.E0,0.E0,0.E0));
#4348=VECTOR('',#4347,5.000000000001E-3);
#4349=CARTESIAN_POINT('',(4.15E0,-2.286584804342E-1,-7.436970986307E-1));
#4350=LINE('',#4349,#4348);
#4351=DIRECTION('',(1.E0,0.E0,0.E0));
#4352=VECTOR('',#4351,5.000000000001E-3);
#4353=CARTESIAN_POINT('',(4.15E0,-2.763815082998E-1,-7.436970986307E-1));
#4354=LINE('',#4353,#4352);
#4355=DIRECTION('',(1.E0,0.E0,0.E0));
#4356=VECTOR('',#4355,5.000000000001E-3);
#4357=CARTESIAN_POINT('',(4.15E0,-2.763815082998E-1,-7.885888103326E-1));
#4358=LINE('',#4357,#4356);
#4359=DIRECTION('',(1.E0,0.E0,0.E0));
#4360=VECTOR('',#4359,5.000000000001E-3);
#4361=CARTESIAN_POINT('',(4.15E0,-2.218360318465E-1,-7.885888103326E-1));
#4362=LINE('',#4361,#4360);
#4363=DIRECTION('',(1.E0,1.110223024625E-14,0.E0));
#4364=VECTOR('',#4363,5.000000000001E-3);
#4365=CARTESIAN_POINT('',(4.15E0,-1.682798104384E-1,-7.589793834656E-1));
#4366=LINE('',#4365,#4364);
#4367=DIRECTION('',(1.E0,0.E0,-2.220446049250E-14));
#4368=VECTOR('',#4367,5.000000000001E-3);
#4369=CARTESIAN_POINT('',(4.15E0,-1.459704035592E-1,-7.651195871938E-1));
#4370=LINE('',#4369,#4368);
#4371=DIRECTION('',(1.E0,0.E0,0.E0));
#4372=VECTOR('',#4371,5.000000000001E-3);
#4373=CARTESIAN_POINT('',(4.15E0,-1.459704035592E-1,-7.559775060870E-1));
#4374=LINE('',#4373,#4372);
#4375=DIRECTION('',(1.E0,0.E0,4.440892098500E-14));
#4376=VECTOR('',#4375,5.000000000001E-3);
#4377=CARTESIAN_POINT('',(4.15E0,-1.459704035592E-1,-7.890663817340E-1));
#4378=LINE('',#4377,#4376);
#4379=DIRECTION('',(1.E0,0.E0,0.E0));
#4380=VECTOR('',#4379,5.000000000001E-3);
#4381=CARTESIAN_POINT('',(4.15E0,-1.742153407099E-1,-7.471765474090E-1));
#4382=LINE('',#4381,#4380);
#4383=DIRECTION('',(1.E0,-1.665334536937E-14,0.E0));
#4384=VECTOR('',#4383,5.000000000001E-3);
#4385=CARTESIAN_POINT('',(4.15E0,-1.459704035596E-1,-7.432195272292E-1));
#4386=LINE('',#4385,#4384);
#4387=DIRECTION('',(1.E0,0.E0,0.E0));
#4388=VECTOR('',#4387,5.000000000001E-3);
#4389=CARTESIAN_POINT('',(4.15E0,-1.965247475895E-1,-7.314166911744E-1));
#4390=LINE('',#4389,#4388);
#4391=DIRECTION('',(1.E0,0.E0,2.220446049250E-14));
#4392=VECTOR('',#4391,5.000000000001E-3);
#4393=CARTESIAN_POINT('',(4.15E0,-1.965247475895E-1,-7.151792635366E-1));
#4394=LINE('',#4393,#4392);
#4395=DIRECTION('',(1.E0,-1.110223024625E-14,-2.220446049250E-14));
#4396=VECTOR('',#4395,5.000000000001E-3);
#4397=CARTESIAN_POINT('',(4.15E0,-1.292554045212E-1,-7.424690578852E-1));
#4398=LINE('',#4397,#4396);
#4399=DIRECTION('',(1.E0,-1.110223024625E-14,0.E0));
#4400=VECTOR('',#4399,5.000000000001E-3);
#4401=CARTESIAN_POINT('',(4.15E0,-1.292554045207E-1,-8.038028706821E-1));
#4402=LINE('',#4401,#4400);
#4403=DIRECTION('',(1.E0,0.E0,0.E0));
#4404=VECTOR('',#4403,5.000000000001E-3);
#4405=CARTESIAN_POINT('',(4.15E0,-1.459704035592E-1,-8.038028706821E-1));
#4406=LINE('',#4405,#4404);
#4407=DIRECTION('',(1.E0,0.E0,4.440892098500E-14));
#4408=VECTOR('',#4407,5.000000000001E-3);
#4409=CARTESIAN_POINT('',(4.15E0,-1.066048752113E-1,-7.831990759493E-1));
#4410=LINE('',#4409,#4408);
#4411=DIRECTION('',(1.E0,-1.249000902703E-14,2.220446049250E-14));
#4412=VECTOR('',#4411,5.000000000001E-3);
#4413=CARTESIAN_POINT('',(4.15E0,-4.680611334602E-2,-7.105399984982E-1));
#4414=LINE('',#4413,#4412);
#4415=DIRECTION('',(1.E0,0.E0,0.E0));
#4416=VECTOR('',#4415,5.000000000001E-3);
#4417=CARTESIAN_POINT('',(4.15E0,-4.680611334602E-2,-7.267774261352E-1));
#4418=LINE('',#4417,#4416);
#4419=DIRECTION('',(1.E0,0.E0,0.E0));
#4420=VECTOR('',#4419,5.000000000001E-3);
#4421=CARTESIAN_POINT('',(4.15E0,-1.066048752113E-1,-8.004598708746E-1));
#4422=LINE('',#4421,#4420);
#4423=DIRECTION('',(1.E0,0.E0,0.E0));
#4424=VECTOR('',#4423,5.000000000001E-3);
#4425=CARTESIAN_POINT('',(4.15E0,1.231922545371E-2,-7.879747899603E-1));
#4426=LINE('',#4425,#4424);
#4427=DIRECTION('',(1.E0,-1.870031907103E-13,-5.773159728050E-13));
#4428=VECTOR('',#4427,5.000000000001E-3);
#4429=CARTESIAN_POINT('',(4.15E0,1.459592393717E-2,-7.802654230570E-1));
#4430=LINE('',#4429,#4428);
#4431=DIRECTION('',(1.E0,-1.249000902703E-14,0.E0));
#4432=VECTOR('',#4431,5.000000000001E-3);
#4433=CARTESIAN_POINT('',(4.15E0,4.062356529725E-2,-7.084932639216E-1));
#4434=LINE('',#4433,#4432);
#4435=DIRECTION('',(1.E0,0.E0,0.E0));
#4436=VECTOR('',#4435,5.000000000001E-3);
#4437=CARTESIAN_POINT('',(4.15E0,5.795258470748E-2,-7.084932639216E-1));
#4438=LINE('',#4437,#4436);
#4439=DIRECTION('',(1.E0,6.765421556308E-14,1.110223024625E-13));
#4440=VECTOR('',#4439,5.000000000001E-3);
#4441=CARTESIAN_POINT('',(4.15E0,1.469826066618E-2,-8.181982372005E-1));
#4442=LINE('',#4441,#4440);
#4443=DIRECTION('',(1.E0,1.318389841742E-14,0.E0));
#4444=VECTOR('',#4443,5.000000000001E-3);
#4445=CARTESIAN_POINT('',(4.15E0,-3.009111430761E-2,-8.473300926678E-1));
#4446=LINE('',#4445,#4444);
#4447=DIRECTION('',(1.E0,0.E0,0.E0));
#4448=VECTOR('',#4447,5.000000000001E-3);
#4449=CARTESIAN_POINT('',(4.15E0,-3.009111430761E-2,-8.324571547471E-1));
#4450=LINE('',#4449,#4448);
#4451=DIRECTION('',(1.E0,-1.838806884535E-14,0.E0));
#4452=VECTOR('',#4451,5.000000000001E-3);
#4453=CARTESIAN_POINT('',(4.15E0,-3.483564818860E-3,-8.209272166357E-1));
#4454=LINE('',#4453,#4452);
#4455=DIRECTION('',(1.E0,0.E0,6.661338147750E-14));
#4456=VECTOR('',#4455,5.000000000001E-3);
#4457=CARTESIAN_POINT('',(4.15E0,3.850567412470E-3,-8.035981972241E-1));
#4458=LINE('',#4457,#4456);
#4459=DIRECTION('',(1.E0,0.E0,0.E0));
#4460=VECTOR('',#4459,5.000000000001E-3);
#4461=CARTESIAN_POINT('',(4.15E0,-3.353645084412E-2,-7.084932639216E-1));
#4462=LINE('',#4461,#4460);
#4463=DIRECTION('',(1.E0,0.E0,0.E0));
#4464=VECTOR('',#4463,5.000000000001E-3);
#4465=CARTESIAN_POINT('',(4.15E0,-1.484294171582E-2,-7.084932639216E-1));
#4466=LINE('',#4465,#4464);
#4467=DIRECTION('',(1.E0,-2.012279232133E-14,4.440892098500E-14));
#4468=VECTOR('',#4467,5.000000000001E-3);
#4469=CARTESIAN_POINT('',(4.15E0,1.005899562647E-2,-7.801289740853E-1));
#4470=LINE('',#4469,#4468);
#4471=DIRECTION('',(1.E0,0.E0,0.E0));
#4472=VECTOR('',#4471,5.000000000001E-3);
#4473=CARTESIAN_POINT('',(4.15E0,1.477360081131E-1,-8.038028706821E-1));
#4474=LINE('',#4473,#4472);
#4475=DIRECTION('',(1.E0,-1.110223024625E-14,0.E0));
#4476=VECTOR('',#4475,5.000000000001E-3);
#4477=CARTESIAN_POINT('',(4.15E0,7.596384897765E-2,-8.038028706821E-1));
#4478=LINE('',#4477,#4476);
#4479=DIRECTION('',(1.E0,-1.110223024625E-14,0.E0));
#4480=VECTOR('',#4479,5.000000000001E-3);
#4481=CARTESIAN_POINT('',(4.15E0,7.596384897765E-2,-6.703557763201E-1));
#4482=LINE('',#4481,#4480);
#4483=DIRECTION('',(1.E0,-1.110223024625E-14,0.E0));
#4484=VECTOR('',#4483,5.000000000001E-3);
#4485=CARTESIAN_POINT('',(4.15E0,1.447000184913E-1,-6.703557763201E-1));
#4486=LINE('',#4485,#4484);
#4487=DIRECTION('',(1.E0,-1.110223024625E-14,0.E0));
#4488=VECTOR('',#4487,5.000000000001E-3);
#4489=CARTESIAN_POINT('',(4.15E0,1.447000184913E-1,-6.857062856404E-1));
#4490=LINE('',#4489,#4488);
#4491=DIRECTION('',(1.E0,-1.387778780781E-14,0.E0));
#4492=VECTOR('',#4491,5.000000000001E-3);
#4493=CARTESIAN_POINT('',(4.15E0,9.319053165978E-2,-6.857062856404E-1));
#4494=LINE('',#4493,#4492);
#4495=DIRECTION('',(1.E0,-1.387778780781E-14,0.E0));
#4496=VECTOR('',#4495,5.000000000001E-3);
#4497=CARTESIAN_POINT('',(4.15E0,9.319053165978E-2,-7.284148137958E-1));
#4498=LINE('',#4497,#4496);
#4499=DIRECTION('',(1.E0,0.E0,0.E0));
#4500=VECTOR('',#4499,5.000000000001E-3);
#4501=CARTESIAN_POINT('',(4.15E0,1.409135595255E-1,-7.284148137958E-1));
#4502=LINE('',#4501,#4500);
#4503=DIRECTION('',(1.E0,0.E0,0.E0));
#4504=VECTOR('',#4503,5.000000000001E-3);
#4505=CARTESIAN_POINT('',(4.15E0,1.409135595255E-1,-7.436970986307E-1));
#4506=LINE('',#4505,#4504);
#4507=DIRECTION('',(1.E0,-1.387778780781E-14,0.E0));
#4508=VECTOR('',#4507,5.000000000001E-3);
#4509=CARTESIAN_POINT('',(4.15E0,9.319053165978E-2,-7.436970986307E-1));
#4510=LINE('',#4509,#4508);
#4511=DIRECTION('',(1.E0,-1.387778780781E-14,0.E0));
#4512=VECTOR('',#4511,5.000000000001E-3);
#4513=CARTESIAN_POINT('',(4.15E0,9.319053165978E-2,-7.885888103326E-1));
#4514=LINE('',#4513,#4512);
#4515=DIRECTION('',(1.E0,0.E0,0.E0));
#4516=VECTOR('',#4515,5.000000000001E-3);
#4517=CARTESIAN_POINT('',(4.15E0,1.477360081131E-1,-7.885888103326E-1));
#4518=LINE('',#4517,#4516);
#4519=DIRECTION('',(1.E0,0.E0,0.E0));
#4520=VECTOR('',#4519,5.000000000001E-3);
#4521=CARTESIAN_POINT('',(4.15E0,1.901716383236E-1,-6.857062856404E-1));
#4522=LINE('',#4521,#4520);
#4523=DIRECTION('',(1.E0,1.110223024625E-14,0.E0));
#4524=VECTOR('',#4523,5.000000000001E-3);
#4525=CARTESIAN_POINT('',(4.15E0,1.901716383241E-1,-7.885888103326E-1));
#4526=LINE('',#4525,#4524);
#4527=DIRECTION('',(1.E0,2.220446049250E-14,0.E0));
#4528=VECTOR('',#4527,5.000000000001E-3);
#4529=CARTESIAN_POINT('',(4.15E0,2.095473923110E-1,-7.885888103326E-1));
#4530=LINE('',#4529,#4528);
#4531=DIRECTION('',(1.E0,-1.665334536937E-14,0.E0));
#4532=VECTOR('',#4531,5.000000000001E-3);
#4533=CARTESIAN_POINT('',(4.15E0,2.103319738981E-1,-6.857062856404E-1));
#4534=LINE('',#4533,#4532);
#4535=DIRECTION('',(1.E0,-1.110223024625E-14,0.E0));
#4536=VECTOR('',#4535,5.000000000001E-3);
#4537=CARTESIAN_POINT('',(4.15E0,1.729449556424E-1,-8.038028706821E-1));
#4538=LINE('',#4537,#4536);
#4539=DIRECTION('',(1.E0,0.E0,0.E0));
#4540=VECTOR('',#4539,5.000000000001E-3);
#4541=CARTESIAN_POINT('',(4.15E0,1.729449556420E-1,-6.703557763201E-1));
#4542=LINE('',#4541,#4540);
#4543=DIRECTION('',(1.E0,1.665334536937E-14,0.E0));
#4544=VECTOR('',#4543,5.000000000001E-3);
#4545=CARTESIAN_POINT('',(4.15E0,2.110142187571E-1,-6.703557763201E-1));
#4546=LINE('',#4545,#4544);
#4547=DIRECTION('',(1.E0,1.110223024625E-14,0.E0));
#4548=VECTOR('',#4547,5.000000000001E-3);
#4549=CARTESIAN_POINT('',(4.15E0,2.096497290409E-1,-8.038028706821E-1));
#4550=LINE('',#4549,#4548);
#4551=DIRECTION('',(1.E0,0.E0,-2.220446049250E-14));
#4552=VECTOR('',#4551,5.000000000001E-3);
#4553=CARTESIAN_POINT('',(4.15E0,3.486557457150E-1,-6.874118977882E-1));
#4554=LINE('',#4553,#4552);
#4555=DIRECTION('',(1.E0,-4.440892098500E-14,-1.554312234475E-13));
#4556=VECTOR('',#4555,5.000000000001E-3);
#4557=CARTESIAN_POINT('',(4.15E0,3.462692619942E-1,-6.967586523512E-1));
#4558=LINE('',#4557,#4556);
#4559=DIRECTION('',(1.E0,2.220446049250E-14,4.440892098500E-14));
#4560=VECTOR('',#4559,5.000000000001E-3);
#4561=CARTESIAN_POINT('',(4.15E0,3.263135998787E-1,-7.522251593634E-1));
#4562=LINE('',#4561,#4560);
#4563=DIRECTION('',(1.E0,0.E0,0.E0));
#4564=VECTOR('',#4563,5.000000000001E-3);
#4565=CARTESIAN_POINT('',(4.15E0,3.711029748525E-1,-7.522251593634E-1));
#4566=LINE('',#4565,#4564);
#4567=DIRECTION('',(1.E0,0.E0,0.E0));
#4568=VECTOR('',#4567,5.000000000001E-3);
#4569=CARTESIAN_POINT('',(4.15E0,3.509426392766E-1,-6.967586523512E-1));
#4570=LINE('',#4569,#4568);
#4571=DIRECTION('',(1.E0,1.110223024625E-14,0.E0));
#4572=VECTOR('',#4571,5.000000000001E-3);
#4573=CARTESIAN_POINT('',(4.15E0,4.090699012400E-1,-8.038028706821E-1));
#4574=LINE('',#4573,#4572);
#4575=DIRECTION('',(1.E0,0.E0,0.E0));
#4576=VECTOR('',#4575,5.000000000001E-3);
#4577=CARTESIAN_POINT('',(4.15E0,3.900352696829E-1,-8.038028706821E-1));
#4578=LINE('',#4577,#4576);
#4579=DIRECTION('',(1.E0,0.E0,0.E0));
#4580=VECTOR('',#4579,5.000000000001E-3);
#4581=CARTESIAN_POINT('',(4.15E0,3.764244847517E-1,-7.673027707412E-1));
#4582=LINE('',#4581,#4580);
#4583=DIRECTION('',(1.E0,0.E0,0.E0));
#4584=VECTOR('',#4583,5.000000000001E-3);
#4585=CARTESIAN_POINT('',(4.15E0,3.208556410105E-1,-7.673027707412E-1));
#4586=LINE('',#4585,#4584);
#4587=DIRECTION('',(1.E0,0.E0,0.E0));
#4588=VECTOR('',#4587,5.000000000001E-3);
#4589=CARTESIAN_POINT('',(4.15E0,3.080294376651E-1,-8.038028706821E-1));
#4590=LINE('',#4589,#4588);
#4591=DIRECTION('',(1.E0,0.E0,0.E0));
#4592=VECTOR('',#4591,5.000000000001E-3);
#4593=CARTESIAN_POINT('',(4.15E0,2.889948061079E-1,-8.038028706821E-1));
#4594=LINE('',#4593,#4592);
#4595=DIRECTION('',(1.E0,1.110223024625E-14,0.E0));
#4596=VECTOR('',#4595,5.000000000001E-3);
#4597=CARTESIAN_POINT('',(4.15E0,3.398220480813E-1,-6.703557763201E-1));
#4598=LINE('',#4597,#4596);
#4599=DIRECTION('',(1.E0,0.E0,0.E0));
#4600=VECTOR('',#4599,5.000000000001E-3);
#4601=CARTESIAN_POINT('',(4.15E0,3.582426592662E-1,-6.703557763201E-1));
#4602=LINE('',#4601,#4600);
#4603=DIRECTION('',(1.E0,2.220446049250E-14,0.E0));
#4604=VECTOR('',#4603,5.000000000001E-3);
#4605=CARTESIAN_POINT('',(4.15E0,-4.968294752638E-1,-5.471422222797E-1));
#4606=LINE('',#4605,#4604);
#4607=DIRECTION('',(1.E0,0.E0,0.E0));
#4608=VECTOR('',#4607,5.000000000001E-3);
#4609=CARTESIAN_POINT('',(4.15E0,-5.243445503379E-1,-8.042656870063E-1));
#4610=LINE('',#4609,#4608);
#4611=DIRECTION('',(1.E0,0.E0,0.E0));
#4612=VECTOR('',#4611,5.000000000001E-3);
#4613=CARTESIAN_POINT('',(4.15E0,-5.271909286784E-1,-8.042656870063E-1));
#4614=LINE('',#4613,#4612);
#4615=DIRECTION('',(1.E0,0.E0,0.E0));
#4616=VECTOR('',#4615,5.000000000001E-3);
#4617=CARTESIAN_POINT('',(4.15E0,-5.300373070185E-1,-8.042656870063E-1));
#4618=LINE('',#4617,#4616);
#4619=DIRECTION('',(1.E0,0.E0,0.E0));
#4620=VECTOR('',#4619,5.000000000001E-3);
#4621=CARTESIAN_POINT('',(4.15E0,-5.803234450081E-1,-8.042656870063E-1));
#4622=LINE('',#4621,#4620);
#4623=DIRECTION('',(1.E0,0.E0,0.E0));
#4624=VECTOR('',#4623,5.000000000001E-3);
#4625=CARTESIAN_POINT('',(4.15E0,-5.727331268963E-1,-7.463891947106E-1));
#4626=LINE('',#4625,#4624);
#4627=DIRECTION('',(1.E0,0.E0,0.E0));
#4628=VECTOR('',#4627,5.000000000001E-3);
#4629=CARTESIAN_POINT('',(4.15E0,-5.300373432119E-1,-7.463891947106E-1));
#4630=LINE('',#4629,#4628);
#4631=DIRECTION('',(1.E0,0.E0,0.E0));
#4632=VECTOR('',#4631,5.000000000001E-3);
#4633=CARTESIAN_POINT('',(4.15E0,-5.433204541977E-1,-5.983771590824E-1));
#4634=LINE('',#4633,#4632);
#4635=DIRECTION('',(1.E0,0.E0,0.E0));
#4636=VECTOR('',#4635,5.000000000001E-3);
#4637=CARTESIAN_POINT('',(4.15E0,-8.032903153607E-1,-5.708620478151E-1));
#4638=LINE('',#4637,#4636);
#4639=DIRECTION('',(1.E0,0.E0,0.E0));
#4640=VECTOR('',#4639,5.000000000001E-3);
#4641=CARTESIAN_POINT('',(4.15E0,-8.915282610696E-1,-7.387988042117E-1));
#4642=LINE('',#4641,#4640);
#4643=DIRECTION('',(1.E0,0.E0,-2.220446049250E-14));
#4644=VECTOR('',#4643,5.000000000001E-3);
#4645=CARTESIAN_POINT('',(4.15E0,-7.311818770735E-1,-7.084373507975E-1));
#4646=LINE('',#4645,#4644);
#4647=DIRECTION('',(1.E0,2.220446049250E-14,0.E0));
#4648=VECTOR('',#4647,5.000000000001E-3);
#4649=CARTESIAN_POINT('',(4.15E0,-6.040433248331E-1,-6.420216872891E-1));
#4650=LINE('',#4649,#4648);
#4651=DIRECTION('',(1.E0,0.E0,4.440892098500E-14));
#4652=VECTOR('',#4651,5.000000000001E-3);
#4653=CARTESIAN_POINT('',(4.15E0,-5.746306883274E-1,-6.923078433754E-1));
#4654=LINE('',#4653,#4652);
#4655=DIRECTION('',(1.E0,0.E0,2.220446049250E-14));
#4656=VECTOR('',#4655,5.000000000001E-3);
#4657=CARTESIAN_POINT('',(4.15E0,-7.074620153457E-1,-7.625186840366E-1));
#4658=LINE('',#4657,#4656);
#4659=DIRECTION('',(1.E0,0.E0,2.220446049250E-14));
#4660=VECTOR('',#4659,5.000000000001E-3);
#4661=CARTESIAN_POINT('',(4.15E0,-8.924770870276E-1,-8.023680893809E-1));
#4662=LINE('',#4661,#4660);
#4663=DIRECTION('',(1.E0,0.E0,0.E0));
#4664=VECTOR('',#4663,5.000000000001E-3);
#4665=CARTESIAN_POINT('',(4.15E0,-8.327029699621E-1,-5.016000512066E-1));
#4666=LINE('',#4665,#4664);
#4667=CARTESIAN_POINT('',(-4.15E0,-2.15E0,1.525E0));
#4668=CARTESIAN_POINT('',(4.15E0,-2.15E0,1.525E0));
#4669=VERTEX_POINT('',#4667);
#4670=VERTEX_POINT('',#4668);
#4671=CARTESIAN_POINT('',(3.3E0,8.5E-1,1.025E0));
#4672=CARTESIAN_POINT('',(-3.3E0,8.5E-1,1.025E0));
#4673=VERTEX_POINT('',#4671);
#4674=VERTEX_POINT('',#4672);
#4675=CARTESIAN_POINT('',(-3.3E0,8.5E-1,-1.025E0));
#4676=VERTEX_POINT('',#4675);
#4677=CARTESIAN_POINT('',(3.3E0,8.5E-1,-1.025E0));
#4678=VERTEX_POINT('',#4677);
#4679=CARTESIAN_POINT('',(-3.6E0,4.5E-1,6.25E-1));
#4680=CARTESIAN_POINT('',(-3.6E0,4.5E-1,2.5E-2));
#4681=VERTEX_POINT('',#4679);
#4682=VERTEX_POINT('',#4680);
#4683=CARTESIAN_POINT('',(3.6E0,4.5E-1,2.499999999999E-2));
#4684=CARTESIAN_POINT('',(3.6E0,4.5E-1,6.25E-1));
#4685=VERTEX_POINT('',#4683);
#4686=VERTEX_POINT('',#4684);
#4687=CARTESIAN_POINT('',(-3.3E0,4.5E-1,2.5E-2));
#4688=CARTESIAN_POINT('',(-3.3E0,4.5E-1,6.25E-1));
#4689=VERTEX_POINT('',#4687);
#4690=VERTEX_POINT('',#4688);
#4691=CARTESIAN_POINT('',(3.3E0,4.5E-1,2.499999999999E-2));
#4692=CARTESIAN_POINT('',(3.3E0,4.5E-1,6.25E-1));
#4693=VERTEX_POINT('',#4691);
#4694=VERTEX_POINT('',#4692);
#4695=CARTESIAN_POINT('',(-3.7E0,-2.15E0,7.25E-1));
#4696=CARTESIAN_POINT('',(-3.4E0,-2.15E0,7.25E-1));
#4697=VERTEX_POINT('',#4695);
#4698=VERTEX_POINT('',#4696);
#4699=CARTESIAN_POINT('',(-3.6E0,-2.05E0,6.25E-1));
#4700=CARTESIAN_POINT('',(-3.3E0,-2.05E0,6.25E-1));
#4701=VERTEX_POINT('',#4699);
#4702=VERTEX_POINT('',#4700);
#4703=CARTESIAN_POINT('',(-3.7E0,-2.15E0,-7.5E-2));
#4704=VERTEX_POINT('',#4703);
#4705=CARTESIAN_POINT('',(-3.6E0,-2.05E0,2.5E-2));
#4706=VERTEX_POINT('',#4705);
#4707=CARTESIAN_POINT('',(-3.3E0,-2.05E0,2.5E-2));
#4708=VERTEX_POINT('',#4707);
#4709=CARTESIAN_POINT('',(-3.4E0,-2.15E0,-7.5E-2));
#4710=VERTEX_POINT('',#4709);
#4711=CARTESIAN_POINT('',(-3.3E0,-2.05E0,-1.025E0));
#4712=VERTEX_POINT('',#4711);
#4713=CARTESIAN_POINT('',(-3.4E0,-2.15E0,-1.125E0));
#4714=VERTEX_POINT('',#4713);
#4715=CARTESIAN_POINT('',(3.4E0,-2.15E0,-1.125E0));
#4716=VERTEX_POINT('',#4715);
#4717=CARTESIAN_POINT('',(3.3E0,-2.05E0,-1.025E0));
#4718=VERTEX_POINT('',#4717);
#4719=CARTESIAN_POINT('',(3.4E0,-2.15E0,-7.500000000001E-2));
#4720=VERTEX_POINT('',#4719);
#4721=CARTESIAN_POINT('',(3.3E0,-2.05E0,2.499999999999E-2));
#4722=VERTEX_POINT('',#4721);
#4723=CARTESIAN_POINT('',(3.7E0,-2.15E0,-7.500000000001E-2));
#4724=VERTEX_POINT('',#4723);
#4725=CARTESIAN_POINT('',(3.6E0,-2.05E0,2.499999999999E-2));
#4726=VERTEX_POINT('',#4725);
#4727=CARTESIAN_POINT('',(3.7E0,-2.15E0,7.25E-1));
#4728=VERTEX_POINT('',#4727);
#4729=CARTESIAN_POINT('',(3.6E0,-2.05E0,6.25E-1));
#4730=VERTEX_POINT('',#4729);
#4731=CARTESIAN_POINT('',(3.3E0,-2.05E0,6.25E-1));
#4732=VERTEX_POINT('',#4731);
#4733=CARTESIAN_POINT('',(3.4E0,-2.15E0,7.25E-1));
#4734=VERTEX_POINT('',#4733);
#4735=CARTESIAN_POINT('',(3.3E0,-2.05E0,1.025E0));
#4736=VERTEX_POINT('',#4735);
#4737=CARTESIAN_POINT('',(3.4E0,-2.15E0,1.125E0));
#4738=VERTEX_POINT('',#4737);
#4739=CARTESIAN_POINT('',(-3.3E0,-2.05E0,1.025E0));
#4740=VERTEX_POINT('',#4739);
#4741=CARTESIAN_POINT('',(-3.4E0,-2.15E0,1.125E0));
#4742=VERTEX_POINT('',#4741);
#4743=CARTESIAN_POINT('',(-3.46E0,-2.15E0,-1.525E0));
#4744=CARTESIAN_POINT('',(-3.46E0,-2.15E0,-1.175E0));
#4745=VERTEX_POINT('',#4743);
#4746=VERTEX_POINT('',#4744);
#4747=CARTESIAN_POINT('',(-4.15E0,-2.15E0,-1.175E0));
#4748=VERTEX_POINT('',#4747);
#4749=CARTESIAN_POINT('',(4.15E0,-2.15E0,-1.175E0));
#4750=CARTESIAN_POINT('',(3.46E0,-2.15E0,-1.175E0));
#4751=VERTEX_POINT('',#4749);
#4752=VERTEX_POINT('',#4750);
#4753=CARTESIAN_POINT('',(3.46E0,-2.15E0,-1.525E0));
#4754=VERTEX_POINT('',#4753);
#4755=CARTESIAN_POINT('',(-3.46E0,1.55E0,-1.525E0));
#4756=CARTESIAN_POINT('',(3.46E0,1.55E0,-1.525E0));
#4757=VERTEX_POINT('',#4755);
#4758=VERTEX_POINT('',#4756);
#4759=CARTESIAN_POINT('',(-4.15E0,1.55E0,1.525E0));
#4760=CARTESIAN_POINT('',(4.15E0,1.55E0,1.525E0));
#4761=VERTEX_POINT('',#4759);
#4762=VERTEX_POINT('',#4760);
#4763=CARTESIAN_POINT('',(-3.46E0,1.55E0,-1.375E0));
#4764=VERTEX_POINT('',#4763);
#4765=CARTESIAN_POINT('',(-3.46E0,2.15E0,-1.375E0));
#4766=VERTEX_POINT('',#4765);
#4767=CARTESIAN_POINT('',(3.46E0,1.55E0,-1.375E0));
#4768=VERTEX_POINT('',#4767);
#4769=CARTESIAN_POINT('',(3.46E0,2.15E0,-1.375E0));
#4770=VERTEX_POINT('',#4769);
#4771=CARTESIAN_POINT('',(-4.15E0,1.55E0,-1.175E0));
#4772=VERTEX_POINT('',#4771);
#4773=CARTESIAN_POINT('',(4.15E0,1.55E0,-1.175E0));
#4774=VERTEX_POINT('',#4773);
#4775=CARTESIAN_POINT('',(-3.46E0,2.15E0,9.25E-1));
#4776=VERTEX_POINT('',#4775);
#4777=CARTESIAN_POINT('',(3.46E0,2.15E0,9.25E-1));
#4778=VERTEX_POINT('',#4777);
#4779=CARTESIAN_POINT('',(-3.76E0,-1.95E0,-7.5E-2));
#4780=CARTESIAN_POINT('',(-3.76E0,-8.383E-1,-7.5E-2));
#4781=VERTEX_POINT('',#4779);
#4782=VERTEX_POINT('',#4780);
#4783=CARTESIAN_POINT('',(-3.46E0,-8.383E-1,-7.5E-2));
#4784=VERTEX_POINT('',#4783);
#4785=CARTESIAN_POINT('',(-3.46E0,-1.95E0,-7.5E-2));
#4786=VERTEX_POINT('',#4785);
#4787=CARTESIAN_POINT('',(-3.46E0,-1.893403067304E-1,-7.5E-2));
#4788=CARTESIAN_POINT('',(-3.76E0,-1.893403067304E-1,-7.5E-2));
#4789=VERTEX_POINT('',#4787);
#4790=VERTEX_POINT('',#4788);
#4791=CARTESIAN_POINT('',(-3.76E0,-1.95E0,-1.175E0));
#4792=CARTESIAN_POINT('',(-3.76E0,-8.383E-1,-1.175E0));
#4793=VERTEX_POINT('',#4791);
#4794=VERTEX_POINT('',#4792);
#4795=CARTESIAN_POINT('',(-3.46E0,-8.383E-1,-1.175E0));
#4796=VERTEX_POINT('',#4795);
#4797=CARTESIAN_POINT('',(-3.46E0,-1.95E0,-1.175E0));
#4798=VERTEX_POINT('',#4797);
#4799=CARTESIAN_POINT('',(-3.46E0,-1.893403067304E-1,-1.175E0));
#4800=CARTESIAN_POINT('',(-3.76E0,-1.893403067304E-1,-1.175E0));
#4801=VERTEX_POINT('',#4799);
#4802=VERTEX_POINT('',#4800);
#4803=CARTESIAN_POINT('',(-3.76E0,1.55E0,-1.175E0));
#4804=VERTEX_POINT('',#4803);
#4805=CARTESIAN_POINT('',(-3.76E0,1.55E0,-7.5E-2));
#4806=CARTESIAN_POINT('',(-3.46E0,1.55E0,-7.5E-2));
#4807=VERTEX_POINT('',#4805);
#4808=VERTEX_POINT('',#4806);
#4809=CARTESIAN_POINT('',(-3.46E0,5.5E-1,9.25E-1));
#4810=CARTESIAN_POINT('',(-3.46E0,5.5E-1,3.25E-1));
#4811=VERTEX_POINT('',#4809);
#4812=VERTEX_POINT('',#4810);
#4813=CARTESIAN_POINT('',(-3.76E0,5.5E-1,3.25E-1));
#4814=VERTEX_POINT('',#4813);
#4815=CARTESIAN_POINT('',(-3.76E0,5.5E-1,9.25E-1));
#4816=VERTEX_POINT('',#4815);
#4817=CARTESIAN_POINT('',(-3.46E0,1.55E0,3.25E-1));
#4818=CARTESIAN_POINT('',(-3.76E0,1.55E0,3.25E-1));
#4819=VERTEX_POINT('',#4817);
#4820=VERTEX_POINT('',#4818);
#4821=CARTESIAN_POINT('',(-3.76E0,1.55E0,9.25E-1));
#4822=VERTEX_POINT('',#4821);
#4823=CARTESIAN_POINT('',(-3.46E0,1.55E0,9.25E-1));
#4824=VERTEX_POINT('',#4823);
#4825=CARTESIAN_POINT('',(3.76E0,-1.95E0,-7.5E-2));
#4826=CARTESIAN_POINT('',(3.76E0,-8.383E-1,-7.5E-2));
#4827=VERTEX_POINT('',#4825);
#4828=VERTEX_POINT('',#4826);
#4829=CARTESIAN_POINT('',(3.46E0,-8.383E-1,-7.5E-2));
#4830=VERTEX_POINT('',#4829);
#4831=CARTESIAN_POINT('',(3.46E0,-1.95E0,-7.5E-2));
#4832=VERTEX_POINT('',#4831);
#4833=CARTESIAN_POINT('',(3.46E0,-1.893403067304E-1,-7.5E-2));
#4834=CARTESIAN_POINT('',(3.76E0,-1.893403067304E-1,-7.5E-2));
#4835=VERTEX_POINT('',#4833);
#4836=VERTEX_POINT('',#4834);
#4837=CARTESIAN_POINT('',(3.46E0,1.55E0,-7.5E-2));
#4838=VERTEX_POINT('',#4837);
#4839=CARTESIAN_POINT('',(3.76E0,1.55E0,-7.5E-2));
#4840=VERTEX_POINT('',#4839);
#4841=CARTESIAN_POINT('',(3.76E0,-1.95E0,-1.175E0));
#4842=VERTEX_POINT('',#4841);
#4843=CARTESIAN_POINT('',(3.76E0,-8.383E-1,-1.175E0));
#4844=VERTEX_POINT('',#4843);
#4845=CARTESIAN_POINT('',(3.46E0,-8.383E-1,-1.175E0));
#4846=VERTEX_POINT('',#4845);
#4847=CARTESIAN_POINT('',(3.46E0,-1.95E0,-1.175E0));
#4848=VERTEX_POINT('',#4847);
#4849=CARTESIAN_POINT('',(3.46E0,-1.893403067304E-1,-1.175E0));
#4850=VERTEX_POINT('',#4849);
#4851=CARTESIAN_POINT('',(3.76E0,-1.893403067304E-1,-1.175E0));
#4852=VERTEX_POINT('',#4851);
#4853=CARTESIAN_POINT('',(3.46E0,5.5E-1,9.25E-1));
#4854=CARTESIAN_POINT('',(3.46E0,5.5E-1,3.25E-1));
#4855=VERTEX_POINT('',#4853);
#4856=VERTEX_POINT('',#4854);
#4857=CARTESIAN_POINT('',(3.76E0,5.5E-1,3.25E-1));
#4858=VERTEX_POINT('',#4857);
#4859=CARTESIAN_POINT('',(3.76E0,5.5E-1,9.25E-1));
#4860=VERTEX_POINT('',#4859);
#4861=CARTESIAN_POINT('',(3.46E0,1.55E0,9.25E-1));
#4862=VERTEX_POINT('',#4861);
#4863=CARTESIAN_POINT('',(3.46E0,1.55E0,3.25E-1));
#4864=VERTEX_POINT('',#4863);
#4865=CARTESIAN_POINT('',(3.76E0,1.55E0,3.25E-1));
#4866=VERTEX_POINT('',#4865);
#4867=CARTESIAN_POINT('',(3.76E0,1.55E0,9.25E-1));
#4868=VERTEX_POINT('',#4867);
#4869=CARTESIAN_POINT('',(3.76E0,1.55E0,-1.175E0));
#4870=VERTEX_POINT('',#4869);
#4871=CARTESIAN_POINT('',(-2.63E0,1.55E0,-1.375E0));
#4872=VERTEX_POINT('',#4871);
#4873=CARTESIAN_POINT('',(-2.63E0,1.55E0,9.25E-1));
#4874=VERTEX_POINT('',#4873);
#4875=CARTESIAN_POINT('',(-2.17E0,2.15E0,9.25E-1));
#4876=CARTESIAN_POINT('',(-2.37E0,1.95E0,9.25E-1));
#4877=VERTEX_POINT('',#4875);
#4878=VERTEX_POINT('',#4876);
#4879=CARTESIAN_POINT('',(-2.37E0,1.95E0,-1.375E0));
#4880=VERTEX_POINT('',#4879);
#4881=CARTESIAN_POINT('',(-2.17E0,2.15E0,-1.375E0));
#4882=VERTEX_POINT('',#4881);
#4883=CARTESIAN_POINT('',(-2.83E0,2.15E0,-1.375E0));
#4884=CARTESIAN_POINT('',(-2.63E0,1.95E0,-1.375E0));
#4885=VERTEX_POINT('',#4883);
#4886=VERTEX_POINT('',#4884);
#4887=CARTESIAN_POINT('',(-2.63E0,1.95E0,9.25E-1));
#4888=VERTEX_POINT('',#4887);
#4889=CARTESIAN_POINT('',(-2.83E0,2.15E0,9.25E-1));
#4890=VERTEX_POINT('',#4889);
#4891=CARTESIAN_POINT('',(-2.37E0,1.55E0,9.25E-1));
#4892=VERTEX_POINT('',#4891);
#4893=CARTESIAN_POINT('',(-2.37E0,1.55E0,-1.375E0));
#4894=VERTEX_POINT('',#4893);
#4895=CARTESIAN_POINT('',(-2.37E0,8.5E-1,-1.025E0));
#4896=CARTESIAN_POINT('',(-2.37E0,8.5E-1,-4.25E-1));
#4897=VERTEX_POINT('',#4895);
#4898=VERTEX_POINT('',#4896);
#4899=CARTESIAN_POINT('',(-2.63E0,8.5E-1,-4.25E-1));
#4900=VERTEX_POINT('',#4899);
#4901=CARTESIAN_POINT('',(-2.63E0,8.5E-1,-1.025E0));
#4902=VERTEX_POINT('',#4901);
#4903=CARTESIAN_POINT('',(-2.63E0,1.55E0,-1.025E0));
#4904=CARTESIAN_POINT('',(-2.37E0,1.55E0,-1.025E0));
#4905=VERTEX_POINT('',#4903);
#4906=VERTEX_POINT('',#4904);
#4907=CARTESIAN_POINT('',(-2.37E0,1.55E0,-4.25E-1));
#4908=CARTESIAN_POINT('',(-2.63E0,1.55E0,-4.25E-1));
#4909=VERTEX_POINT('',#4907);
#4910=VERTEX_POINT('',#4908);
#4911=CARTESIAN_POINT('',(-1.63E0,8.5E-1,-1.025E0));
#4912=CARTESIAN_POINT('',(-1.63E0,1.55E0,-1.025E0));
#4913=VERTEX_POINT('',#4911);
#4914=VERTEX_POINT('',#4912);
#4915=CARTESIAN_POINT('',(-1.37E0,8.5E-1,-1.025E0));
#4916=CARTESIAN_POINT('',(-1.37E0,1.55E0,-1.025E0));
#4917=VERTEX_POINT('',#4915);
#4918=VERTEX_POINT('',#4916);
#4919=CARTESIAN_POINT('',(-1.37E0,8.5E-1,-4.25E-1));
#4920=CARTESIAN_POINT('',(-1.37E0,1.55E0,-4.25E-1));
#4921=VERTEX_POINT('',#4919);
#4922=VERTEX_POINT('',#4920);
#4923=CARTESIAN_POINT('',(-1.63E0,8.5E-1,-4.25E-1));
#4924=CARTESIAN_POINT('',(-1.63E0,1.55E0,-4.25E-1));
#4925=VERTEX_POINT('',#4923);
#4926=VERTEX_POINT('',#4924);
#4927=CARTESIAN_POINT('',(-6.3E-1,8.5E-1,-1.025E0));
#4928=CARTESIAN_POINT('',(-6.3E-1,1.55E0,-1.025E0));
#4929=VERTEX_POINT('',#4927);
#4930=VERTEX_POINT('',#4928);
#4931=CARTESIAN_POINT('',(-3.7E-1,8.5E-1,-1.025E0));
#4932=CARTESIAN_POINT('',(-3.7E-1,1.55E0,-1.025E0));
#4933=VERTEX_POINT('',#4931);
#4934=VERTEX_POINT('',#4932);
#4935=CARTESIAN_POINT('',(-3.7E-1,8.5E-1,-4.25E-1));
#4936=CARTESIAN_POINT('',(-3.7E-1,1.55E0,-4.25E-1));
#4937=VERTEX_POINT('',#4935);
#4938=VERTEX_POINT('',#4936);
#4939=CARTESIAN_POINT('',(-6.3E-1,8.5E-1,-4.25E-1));
#4940=CARTESIAN_POINT('',(-6.3E-1,1.55E0,-4.25E-1));
#4941=VERTEX_POINT('',#4939);
#4942=VERTEX_POINT('',#4940);
#4943=CARTESIAN_POINT('',(3.7E-1,8.5E-1,-1.025E0));
#4944=CARTESIAN_POINT('',(3.7E-1,1.55E0,-1.025E0));
#4945=VERTEX_POINT('',#4943);
#4946=VERTEX_POINT('',#4944);
#4947=CARTESIAN_POINT('',(6.3E-1,8.5E-1,-1.025E0));
#4948=CARTESIAN_POINT('',(6.3E-1,1.55E0,-1.025E0));
#4949=VERTEX_POINT('',#4947);
#4950=VERTEX_POINT('',#4948);
#4951=CARTESIAN_POINT('',(6.3E-1,8.5E-1,-4.25E-1));
#4952=CARTESIAN_POINT('',(6.3E-1,1.55E0,-4.25E-1));
#4953=VERTEX_POINT('',#4951);
#4954=VERTEX_POINT('',#4952);
#4955=CARTESIAN_POINT('',(3.7E-1,8.5E-1,-4.25E-1));
#4956=CARTESIAN_POINT('',(3.7E-1,1.55E0,-4.25E-1));
#4957=VERTEX_POINT('',#4955);
#4958=VERTEX_POINT('',#4956);
#4959=CARTESIAN_POINT('',(1.37E0,8.5E-1,-1.025E0));
#4960=CARTESIAN_POINT('',(1.37E0,1.55E0,-1.025E0));
#4961=VERTEX_POINT('',#4959);
#4962=VERTEX_POINT('',#4960);
#4963=CARTESIAN_POINT('',(1.63E0,8.5E-1,-1.025E0));
#4964=CARTESIAN_POINT('',(1.63E0,1.55E0,-1.025E0));
#4965=VERTEX_POINT('',#4963);
#4966=VERTEX_POINT('',#4964);
#4967=CARTESIAN_POINT('',(1.63E0,8.5E-1,-4.25E-1));
#4968=CARTESIAN_POINT('',(1.63E0,1.55E0,-4.25E-1));
#4969=VERTEX_POINT('',#4967);
#4970=VERTEX_POINT('',#4968);
#4971=CARTESIAN_POINT('',(1.37E0,8.5E-1,-4.25E-1));
#4972=CARTESIAN_POINT('',(1.37E0,1.55E0,-4.25E-1));
#4973=VERTEX_POINT('',#4971);
#4974=VERTEX_POINT('',#4972);
#4975=CARTESIAN_POINT('',(2.37E0,8.5E-1,-1.025E0));
#4976=CARTESIAN_POINT('',(2.37E0,1.55E0,-1.025E0));
#4977=VERTEX_POINT('',#4975);
#4978=VERTEX_POINT('',#4976);
#4979=CARTESIAN_POINT('',(2.63E0,8.5E-1,-1.025E0));
#4980=CARTESIAN_POINT('',(2.63E0,1.55E0,-1.025E0));
#4981=VERTEX_POINT('',#4979);
#4982=VERTEX_POINT('',#4980);
#4983=CARTESIAN_POINT('',(2.63E0,8.5E-1,-4.25E-1));
#4984=CARTESIAN_POINT('',(2.63E0,1.55E0,-4.25E-1));
#4985=VERTEX_POINT('',#4983);
#4986=VERTEX_POINT('',#4984);
#4987=CARTESIAN_POINT('',(2.37E0,8.5E-1,-4.25E-1));
#4988=CARTESIAN_POINT('',(2.37E0,1.55E0,-4.25E-1));
#4989=VERTEX_POINT('',#4987);
#4990=VERTEX_POINT('',#4988);
#4991=CARTESIAN_POINT('',(-1.63E0,1.55E0,-1.375E0));
#4992=VERTEX_POINT('',#4991);
#4993=CARTESIAN_POINT('',(-1.63E0,1.55E0,9.25E-1));
#4994=VERTEX_POINT('',#4993);
#4995=CARTESIAN_POINT('',(-1.17E0,2.15E0,9.25E-1));
#4996=CARTESIAN_POINT('',(-1.37E0,1.95E0,9.25E-1));
#4997=VERTEX_POINT('',#4995);
#4998=VERTEX_POINT('',#4996);
#4999=CARTESIAN_POINT('',(-1.37E0,1.95E0,-1.375E0));
#5000=VERTEX_POINT('',#4999);
#5001=CARTESIAN_POINT('',(-1.17E0,2.15E0,-1.375E0));
#5002=VERTEX_POINT('',#5001);
#5003=CARTESIAN_POINT('',(-1.83E0,2.15E0,-1.375E0));
#5004=CARTESIAN_POINT('',(-1.63E0,1.95E0,-1.375E0));
#5005=VERTEX_POINT('',#5003);
#5006=VERTEX_POINT('',#5004);
#5007=CARTESIAN_POINT('',(-1.63E0,1.95E0,9.25E-1));
#5008=VERTEX_POINT('',#5007);
#5009=CARTESIAN_POINT('',(-1.83E0,2.15E0,9.25E-1));
#5010=VERTEX_POINT('',#5009);
#5011=CARTESIAN_POINT('',(-1.37E0,1.55E0,9.25E-1));
#5012=VERTEX_POINT('',#5011);
#5013=CARTESIAN_POINT('',(-1.37E0,1.55E0,-1.375E0));
#5014=VERTEX_POINT('',#5013);
#5015=CARTESIAN_POINT('',(-6.3E-1,1.55E0,-1.375E0));
#5016=VERTEX_POINT('',#5015);
#5017=CARTESIAN_POINT('',(-6.3E-1,1.55E0,9.25E-1));
#5018=VERTEX_POINT('',#5017);
#5019=CARTESIAN_POINT('',(-1.7E-1,2.15E0,9.25E-1));
#5020=CARTESIAN_POINT('',(-3.7E-1,1.95E0,9.25E-1));
#5021=VERTEX_POINT('',#5019);
#5022=VERTEX_POINT('',#5020);
#5023=CARTESIAN_POINT('',(-3.7E-1,1.95E0,-1.375E0));
#5024=VERTEX_POINT('',#5023);
#5025=CARTESIAN_POINT('',(-1.7E-1,2.15E0,-1.375E0));
#5026=VERTEX_POINT('',#5025);
#5027=CARTESIAN_POINT('',(-8.3E-1,2.15E0,-1.375E0));
#5028=CARTESIAN_POINT('',(-6.3E-1,1.95E0,-1.375E0));
#5029=VERTEX_POINT('',#5027);
#5030=VERTEX_POINT('',#5028);
#5031=CARTESIAN_POINT('',(-6.3E-1,1.95E0,9.25E-1));
#5032=VERTEX_POINT('',#5031);
#5033=CARTESIAN_POINT('',(-8.3E-1,2.15E0,9.25E-1));
#5034=VERTEX_POINT('',#5033);
#5035=CARTESIAN_POINT('',(-3.7E-1,1.55E0,9.25E-1));
#5036=VERTEX_POINT('',#5035);
#5037=CARTESIAN_POINT('',(-3.7E-1,1.55E0,-1.375E0));
#5038=VERTEX_POINT('',#5037);
#5039=CARTESIAN_POINT('',(3.7E-1,1.55E0,-1.375E0));
#5040=VERTEX_POINT('',#5039);
#5041=CARTESIAN_POINT('',(3.7E-1,1.55E0,9.25E-1));
#5042=VERTEX_POINT('',#5041);
#5043=CARTESIAN_POINT('',(8.3E-1,2.15E0,9.25E-1));
#5044=CARTESIAN_POINT('',(6.3E-1,1.95E0,9.25E-1));
#5045=VERTEX_POINT('',#5043);
#5046=VERTEX_POINT('',#5044);
#5047=CARTESIAN_POINT('',(6.3E-1,1.95E0,-1.375E0));
#5048=VERTEX_POINT('',#5047);
#5049=CARTESIAN_POINT('',(8.3E-1,2.15E0,-1.375E0));
#5050=VERTEX_POINT('',#5049);
#5051=CARTESIAN_POINT('',(1.7E-1,2.15E0,-1.375E0));
#5052=CARTESIAN_POINT('',(3.7E-1,1.95E0,-1.375E0));
#5053=VERTEX_POINT('',#5051);
#5054=VERTEX_POINT('',#5052);
#5055=CARTESIAN_POINT('',(3.7E-1,1.95E0,9.25E-1));
#5056=VERTEX_POINT('',#5055);
#5057=CARTESIAN_POINT('',(1.7E-1,2.15E0,9.25E-1));
#5058=VERTEX_POINT('',#5057);
#5059=CARTESIAN_POINT('',(6.3E-1,1.55E0,9.25E-1));
#5060=VERTEX_POINT('',#5059);
#5061=CARTESIAN_POINT('',(6.3E-1,1.55E0,-1.375E0));
#5062=VERTEX_POINT('',#5061);
#5063=CARTESIAN_POINT('',(1.37E0,1.55E0,-1.375E0));
#5064=VERTEX_POINT('',#5063);
#5065=CARTESIAN_POINT('',(1.37E0,1.55E0,9.25E-1));
#5066=VERTEX_POINT('',#5065);
#5067=CARTESIAN_POINT('',(1.83E0,2.15E0,9.25E-1));
#5068=CARTESIAN_POINT('',(1.63E0,1.95E0,9.25E-1));
#5069=VERTEX_POINT('',#5067);
#5070=VERTEX_POINT('',#5068);
#5071=CARTESIAN_POINT('',(1.63E0,1.95E0,-1.375E0));
#5072=VERTEX_POINT('',#5071);
#5073=CARTESIAN_POINT('',(1.83E0,2.15E0,-1.375E0));
#5074=VERTEX_POINT('',#5073);
#5075=CARTESIAN_POINT('',(1.17E0,2.15E0,-1.375E0));
#5076=CARTESIAN_POINT('',(1.37E0,1.95E0,-1.375E0));
#5077=VERTEX_POINT('',#5075);
#5078=VERTEX_POINT('',#5076);
#5079=CARTESIAN_POINT('',(1.37E0,1.95E0,9.25E-1));
#5080=VERTEX_POINT('',#5079);
#5081=CARTESIAN_POINT('',(1.17E0,2.15E0,9.25E-1));
#5082=VERTEX_POINT('',#5081);
#5083=CARTESIAN_POINT('',(1.63E0,1.55E0,9.25E-1));
#5084=VERTEX_POINT('',#5083);
#5085=CARTESIAN_POINT('',(1.63E0,1.55E0,-1.375E0));
#5086=VERTEX_POINT('',#5085);
#5087=CARTESIAN_POINT('',(2.37E0,1.55E0,-1.375E0));
#5088=VERTEX_POINT('',#5087);
#5089=CARTESIAN_POINT('',(2.63E0,1.55E0,-1.375E0));
#5090=VERTEX_POINT('',#5089);
#5091=CARTESIAN_POINT('',(2.37E0,1.55E0,9.25E-1));
#5092=VERTEX_POINT('',#5091);
#5093=CARTESIAN_POINT('',(2.63E0,1.55E0,9.25E-1));
#5094=VERTEX_POINT('',#5093);
#5095=CARTESIAN_POINT('',(2.83E0,2.15E0,9.25E-1));
#5096=CARTESIAN_POINT('',(2.63E0,1.95E0,9.25E-1));
#5097=VERTEX_POINT('',#5095);
#5098=VERTEX_POINT('',#5096);
#5099=CARTESIAN_POINT('',(2.63E0,1.95E0,-1.375E0));
#5100=VERTEX_POINT('',#5099);
#5101=CARTESIAN_POINT('',(2.83E0,2.15E0,-1.375E0));
#5102=VERTEX_POINT('',#5101);
#5103=CARTESIAN_POINT('',(2.17E0,2.15E0,-1.375E0));
#5104=CARTESIAN_POINT('',(2.37E0,1.95E0,-1.375E0));
#5105=VERTEX_POINT('',#5103);
#5106=VERTEX_POINT('',#5104);
#5107=CARTESIAN_POINT('',(2.37E0,1.95E0,9.25E-1));
#5108=VERTEX_POINT('',#5107);
#5109=CARTESIAN_POINT('',(2.17E0,2.15E0,9.25E-1));
#5110=VERTEX_POINT('',#5109);
#5111=CARTESIAN_POINT('',(-2.4E0,1.6287E0,-1.110130952636E0));
#5112=CARTESIAN_POINT('',(-2.4E0,1.6287E0,1.701690473643E-1));
#5113=VERTEX_POINT('',#5111);
#5114=VERTEX_POINT('',#5112);
#5115=CARTESIAN_POINT('',(-2.4E0,-9.721E-1,2.906497078704E-1));
#5116=CARTESIAN_POINT('',(-2.4E0,-9.721E-1,4.22E-1));
#5117=VERTEX_POINT('',#5115);
#5118=VERTEX_POINT('',#5116);
#5119=CARTESIAN_POINT('',(-2.4E0,-7.722E-1,6.219E-1));
#5120=VERTEX_POINT('',#5119);
#5121=CARTESIAN_POINT('',(-2.4E0,1.6287E0,6.219E-1));
#5122=CARTESIAN_POINT('',(-2.4E0,1.6287E0,9.25E-1));
#5123=VERTEX_POINT('',#5121);
#5124=VERTEX_POINT('',#5122);
#5125=CARTESIAN_POINT('',(-2.4E0,1.9194E0,9.25E-1));
#5126=VERTEX_POINT('',#5125);
#5127=CARTESIAN_POINT('',(-2.4E0,2.092E0,7.524E-1));
#5128=VERTEX_POINT('',#5127);
#5129=CARTESIAN_POINT('',(-2.4E0,2.092E0,-8.984E-1));
#5130=VERTEX_POINT('',#5129);
#5131=CARTESIAN_POINT('',(-2.4E0,2.3653E0,-1.325E0));
#5132=VERTEX_POINT('',#5131);
#5133=CARTESIAN_POINT('',(-2.4E0,2.739430503005E0,-1.325E0));
#5134=VERTEX_POINT('',#5133);
#5135=CARTESIAN_POINT('',(-2.4E0,2.89E0,-1.475569496995E0));
#5136=VERTEX_POINT('',#5135);
#5137=CARTESIAN_POINT('',(-2.4E0,2.89E0,-1.625E0));
#5138=VERTEX_POINT('',#5137);
#5139=CARTESIAN_POINT('',(-2.4E0,2.15E0,-1.625E0));
#5140=VERTEX_POINT('',#5139);
#5141=CARTESIAN_POINT('',(-2.6E0,1.6287E0,-1.110130952636E0));
#5142=CARTESIAN_POINT('',(-2.6E0,1.6287E0,1.701690473643E-1));
#5143=VERTEX_POINT('',#5141);
#5144=VERTEX_POINT('',#5142);
#5145=CARTESIAN_POINT('',(-2.6E0,-9.721E-1,2.906497078704E-1));
#5146=CARTESIAN_POINT('',(-2.6E0,-9.721E-1,4.22E-1));
#5147=VERTEX_POINT('',#5145);
#5148=VERTEX_POINT('',#5146);
#5149=CARTESIAN_POINT('',(-2.6E0,-7.722E-1,6.219E-1));
#5150=VERTEX_POINT('',#5149);
#5151=CARTESIAN_POINT('',(-2.6E0,1.6287E0,6.219E-1));
#5152=CARTESIAN_POINT('',(-2.6E0,1.6287E0,9.25E-1));
#5153=VERTEX_POINT('',#5151);
#5154=VERTEX_POINT('',#5152);
#5155=CARTESIAN_POINT('',(-2.6E0,1.9194E0,9.25E-1));
#5156=VERTEX_POINT('',#5155);
#5157=CARTESIAN_POINT('',(-2.6E0,2.092E0,7.524E-1));
#5158=VERTEX_POINT('',#5157);
#5159=CARTESIAN_POINT('',(-2.6E0,2.092E0,-8.984E-1));
#5160=VERTEX_POINT('',#5159);
#5161=CARTESIAN_POINT('',(-2.6E0,2.3653E0,-1.325E0));
#5162=VERTEX_POINT('',#5161);
#5163=CARTESIAN_POINT('',(-2.6E0,2.739430503005E0,-1.325E0));
#5164=VERTEX_POINT('',#5163);
#5165=CARTESIAN_POINT('',(-2.6E0,2.89E0,-1.475569496995E0));
#5166=VERTEX_POINT('',#5165);
#5167=CARTESIAN_POINT('',(-2.6E0,2.89E0,-1.625E0));
#5168=VERTEX_POINT('',#5167);
#5169=CARTESIAN_POINT('',(-2.6E0,2.15E0,-1.625E0));
#5170=VERTEX_POINT('',#5169);
#5171=CARTESIAN_POINT('',(-2.4E0,8.5E-1,2.062419058448E-1));
#5172=CARTESIAN_POINT('',(-2.4E0,8.5E-1,6.219E-1));
#5173=VERTEX_POINT('',#5171);
#5174=VERTEX_POINT('',#5172);
#5175=CARTESIAN_POINT('',(-2.6E0,8.5E-1,2.062419058448E-1));
#5176=CARTESIAN_POINT('',(-2.6E0,8.5E-1,6.219E-1));
#5177=VERTEX_POINT('',#5175);
#5178=VERTEX_POINT('',#5176);
#5179=CARTESIAN_POINT('',(-2.4E0,1.55E0,1.738147825157E-1));
#5180=CARTESIAN_POINT('',(-2.4E0,1.55E0,6.219E-1));
#5181=VERTEX_POINT('',#5179);
#5182=VERTEX_POINT('',#5180);
#5183=CARTESIAN_POINT('',(-2.6E0,1.55E0,1.738147825157E-1));
#5184=CARTESIAN_POINT('',(-2.6E0,1.55E0,6.219E-1));
#5185=VERTEX_POINT('',#5183);
#5186=VERTEX_POINT('',#5184);
#5187=CARTESIAN_POINT('',(-1.4E0,1.6287E0,-1.110130952636E0));
#5188=CARTESIAN_POINT('',(-1.4E0,1.6287E0,1.701690473643E-1));
#5189=VERTEX_POINT('',#5187);
#5190=VERTEX_POINT('',#5188);
#5191=CARTESIAN_POINT('',(-1.4E0,-9.721E-1,2.906497078704E-1));
#5192=CARTESIAN_POINT('',(-1.4E0,-9.721E-1,4.22E-1));
#5193=VERTEX_POINT('',#5191);
#5194=VERTEX_POINT('',#5192);
#5195=CARTESIAN_POINT('',(-1.4E0,-7.722E-1,6.219E-1));
#5196=VERTEX_POINT('',#5195);
#5197=CARTESIAN_POINT('',(-1.4E0,1.6287E0,6.219E-1));
#5198=CARTESIAN_POINT('',(-1.4E0,1.6287E0,9.25E-1));
#5199=VERTEX_POINT('',#5197);
#5200=VERTEX_POINT('',#5198);
#5201=CARTESIAN_POINT('',(-1.4E0,1.9194E0,9.25E-1));
#5202=VERTEX_POINT('',#5201);
#5203=CARTESIAN_POINT('',(-1.4E0,2.092E0,7.524E-1));
#5204=VERTEX_POINT('',#5203);
#5205=CARTESIAN_POINT('',(-1.4E0,2.092E0,-8.984E-1));
#5206=VERTEX_POINT('',#5205);
#5207=CARTESIAN_POINT('',(-1.4E0,2.3653E0,-1.325E0));
#5208=VERTEX_POINT('',#5207);
#5209=CARTESIAN_POINT('',(-1.4E0,2.739430503005E0,-1.325E0));
#5210=VERTEX_POINT('',#5209);
#5211=CARTESIAN_POINT('',(-1.4E0,2.89E0,-1.475569496995E0));
#5212=VERTEX_POINT('',#5211);
#5213=CARTESIAN_POINT('',(-1.4E0,2.89E0,-1.625E0));
#5214=VERTEX_POINT('',#5213);
#5215=CARTESIAN_POINT('',(-1.4E0,2.15E0,-1.625E0));
#5216=VERTEX_POINT('',#5215);
#5217=CARTESIAN_POINT('',(-1.6E0,1.6287E0,-1.110130952636E0));
#5218=CARTESIAN_POINT('',(-1.6E0,1.6287E0,1.701690473643E-1));
#5219=VERTEX_POINT('',#5217);
#5220=VERTEX_POINT('',#5218);
#5221=CARTESIAN_POINT('',(-1.6E0,-9.721E-1,2.906497078704E-1));
#5222=CARTESIAN_POINT('',(-1.6E0,-9.721E-1,4.22E-1));
#5223=VERTEX_POINT('',#5221);
#5224=VERTEX_POINT('',#5222);
#5225=CARTESIAN_POINT('',(-1.6E0,-7.722E-1,6.219E-1));
#5226=VERTEX_POINT('',#5225);
#5227=CARTESIAN_POINT('',(-1.6E0,1.6287E0,6.219E-1));
#5228=CARTESIAN_POINT('',(-1.6E0,1.6287E0,9.25E-1));
#5229=VERTEX_POINT('',#5227);
#5230=VERTEX_POINT('',#5228);
#5231=CARTESIAN_POINT('',(-1.6E0,1.9194E0,9.25E-1));
#5232=VERTEX_POINT('',#5231);
#5233=CARTESIAN_POINT('',(-1.6E0,2.092E0,7.524E-1));
#5234=VERTEX_POINT('',#5233);
#5235=CARTESIAN_POINT('',(-1.6E0,2.092E0,-8.984E-1));
#5236=VERTEX_POINT('',#5235);
#5237=CARTESIAN_POINT('',(-1.6E0,2.3653E0,-1.325E0));
#5238=VERTEX_POINT('',#5237);
#5239=CARTESIAN_POINT('',(-1.6E0,2.739430503005E0,-1.325E0));
#5240=VERTEX_POINT('',#5239);
#5241=CARTESIAN_POINT('',(-1.6E0,2.89E0,-1.475569496995E0));
#5242=VERTEX_POINT('',#5241);
#5243=CARTESIAN_POINT('',(-1.6E0,2.89E0,-1.625E0));
#5244=VERTEX_POINT('',#5243);
#5245=CARTESIAN_POINT('',(-1.6E0,2.15E0,-1.625E0));
#5246=VERTEX_POINT('',#5245);
#5247=CARTESIAN_POINT('',(-1.4E0,8.5E-1,2.062419058448E-1));
#5248=CARTESIAN_POINT('',(-1.4E0,8.5E-1,6.219E-1));
#5249=VERTEX_POINT('',#5247);
#5250=VERTEX_POINT('',#5248);
#5251=CARTESIAN_POINT('',(-1.6E0,8.5E-1,2.062419058448E-1));
#5252=CARTESIAN_POINT('',(-1.6E0,8.5E-1,6.219E-1));
#5253=VERTEX_POINT('',#5251);
#5254=VERTEX_POINT('',#5252);
#5255=CARTESIAN_POINT('',(-1.4E0,1.55E0,1.738147825157E-1));
#5256=CARTESIAN_POINT('',(-1.4E0,1.55E0,6.219E-1));
#5257=VERTEX_POINT('',#5255);
#5258=VERTEX_POINT('',#5256);
#5259=CARTESIAN_POINT('',(-1.6E0,1.55E0,1.738147825157E-1));
#5260=CARTESIAN_POINT('',(-1.6E0,1.55E0,6.219E-1));
#5261=VERTEX_POINT('',#5259);
#5262=VERTEX_POINT('',#5260);
#5263=CARTESIAN_POINT('',(-4.E-1,1.6287E0,-1.110130952636E0));
#5264=CARTESIAN_POINT('',(-4.E-1,1.6287E0,1.701690473643E-1));
#5265=VERTEX_POINT('',#5263);
#5266=VERTEX_POINT('',#5264);
#5267=CARTESIAN_POINT('',(-4.E-1,-9.721E-1,2.906497078704E-1));
#5268=CARTESIAN_POINT('',(-4.E-1,-9.721E-1,4.22E-1));
#5269=VERTEX_POINT('',#5267);
#5270=VERTEX_POINT('',#5268);
#5271=CARTESIAN_POINT('',(-4.E-1,-7.722E-1,6.219E-1));
#5272=VERTEX_POINT('',#5271);
#5273=CARTESIAN_POINT('',(-4.E-1,1.6287E0,6.219E-1));
#5274=CARTESIAN_POINT('',(-4.E-1,1.6287E0,9.25E-1));
#5275=VERTEX_POINT('',#5273);
#5276=VERTEX_POINT('',#5274);
#5277=CARTESIAN_POINT('',(-4.E-1,1.9194E0,9.25E-1));
#5278=VERTEX_POINT('',#5277);
#5279=CARTESIAN_POINT('',(-4.E-1,2.092E0,7.524E-1));
#5280=VERTEX_POINT('',#5279);
#5281=CARTESIAN_POINT('',(-4.E-1,2.092E0,-8.984E-1));
#5282=VERTEX_POINT('',#5281);
#5283=CARTESIAN_POINT('',(-4.E-1,2.3653E0,-1.325E0));
#5284=VERTEX_POINT('',#5283);
#5285=CARTESIAN_POINT('',(-4.E-1,2.739430503005E0,-1.325E0));
#5286=VERTEX_POINT('',#5285);
#5287=CARTESIAN_POINT('',(-4.E-1,2.89E0,-1.475569496995E0));
#5288=VERTEX_POINT('',#5287);
#5289=CARTESIAN_POINT('',(-4.E-1,2.89E0,-1.625E0));
#5290=VERTEX_POINT('',#5289);
#5291=CARTESIAN_POINT('',(-4.E-1,2.15E0,-1.625E0));
#5292=VERTEX_POINT('',#5291);
#5293=CARTESIAN_POINT('',(-6.E-1,1.6287E0,-1.110130952636E0));
#5294=CARTESIAN_POINT('',(-6.E-1,1.6287E0,1.701690473643E-1));
#5295=VERTEX_POINT('',#5293);
#5296=VERTEX_POINT('',#5294);
#5297=CARTESIAN_POINT('',(-6.E-1,-9.721E-1,2.906497078704E-1));
#5298=CARTESIAN_POINT('',(-6.E-1,-9.721E-1,4.22E-1));
#5299=VERTEX_POINT('',#5297);
#5300=VERTEX_POINT('',#5298);
#5301=CARTESIAN_POINT('',(-6.E-1,-7.722E-1,6.219E-1));
#5302=VERTEX_POINT('',#5301);
#5303=CARTESIAN_POINT('',(-6.E-1,1.6287E0,6.219E-1));
#5304=CARTESIAN_POINT('',(-6.E-1,1.6287E0,9.25E-1));
#5305=VERTEX_POINT('',#5303);
#5306=VERTEX_POINT('',#5304);
#5307=CARTESIAN_POINT('',(-6.E-1,1.9194E0,9.25E-1));
#5308=VERTEX_POINT('',#5307);
#5309=CARTESIAN_POINT('',(-6.E-1,2.092E0,7.524E-1));
#5310=VERTEX_POINT('',#5309);
#5311=CARTESIAN_POINT('',(-6.E-1,2.092E0,-8.984E-1));
#5312=VERTEX_POINT('',#5311);
#5313=CARTESIAN_POINT('',(-6.E-1,2.3653E0,-1.325E0));
#5314=VERTEX_POINT('',#5313);
#5315=CARTESIAN_POINT('',(-6.E-1,2.739430503005E0,-1.325E0));
#5316=VERTEX_POINT('',#5315);
#5317=CARTESIAN_POINT('',(-6.E-1,2.89E0,-1.475569496995E0));
#5318=VERTEX_POINT('',#5317);
#5319=CARTESIAN_POINT('',(-6.E-1,2.89E0,-1.625E0));
#5320=VERTEX_POINT('',#5319);
#5321=CARTESIAN_POINT('',(-6.E-1,2.15E0,-1.625E0));
#5322=VERTEX_POINT('',#5321);
#5323=CARTESIAN_POINT('',(-4.E-1,8.5E-1,2.062419058448E-1));
#5324=CARTESIAN_POINT('',(-4.E-1,8.5E-1,6.219E-1));
#5325=VERTEX_POINT('',#5323);
#5326=VERTEX_POINT('',#5324);
#5327=CARTESIAN_POINT('',(-6.E-1,8.5E-1,2.062419058448E-1));
#5328=CARTESIAN_POINT('',(-6.E-1,8.5E-1,6.219E-1));
#5329=VERTEX_POINT('',#5327);
#5330=VERTEX_POINT('',#5328);
#5331=CARTESIAN_POINT('',(-4.E-1,1.55E0,1.738147825157E-1));
#5332=CARTESIAN_POINT('',(-4.E-1,1.55E0,6.219E-1));
#5333=VERTEX_POINT('',#5331);
#5334=VERTEX_POINT('',#5332);
#5335=CARTESIAN_POINT('',(-6.E-1,1.55E0,1.738147825157E-1));
#5336=CARTESIAN_POINT('',(-6.E-1,1.55E0,6.219E-1));
#5337=VERTEX_POINT('',#5335);
#5338=VERTEX_POINT('',#5336);
#5339=CARTESIAN_POINT('',(6.E-1,1.6287E0,-1.110130952636E0));
#5340=CARTESIAN_POINT('',(6.E-1,1.6287E0,1.701690473643E-1));
#5341=VERTEX_POINT('',#5339);
#5342=VERTEX_POINT('',#5340);
#5343=CARTESIAN_POINT('',(6.E-1,-9.721E-1,2.906497078704E-1));
#5344=CARTESIAN_POINT('',(6.E-1,-9.721E-1,4.22E-1));
#5345=VERTEX_POINT('',#5343);
#5346=VERTEX_POINT('',#5344);
#5347=CARTESIAN_POINT('',(6.E-1,-7.722E-1,6.219E-1));
#5348=VERTEX_POINT('',#5347);
#5349=CARTESIAN_POINT('',(6.E-1,1.6287E0,6.219E-1));
#5350=CARTESIAN_POINT('',(6.E-1,1.6287E0,9.25E-1));
#5351=VERTEX_POINT('',#5349);
#5352=VERTEX_POINT('',#5350);
#5353=CARTESIAN_POINT('',(6.E-1,1.9194E0,9.25E-1));
#5354=VERTEX_POINT('',#5353);
#5355=CARTESIAN_POINT('',(6.E-1,2.092E0,7.524E-1));
#5356=VERTEX_POINT('',#5355);
#5357=CARTESIAN_POINT('',(6.E-1,2.092E0,-8.984E-1));
#5358=VERTEX_POINT('',#5357);
#5359=CARTESIAN_POINT('',(6.E-1,2.3653E0,-1.325E0));
#5360=VERTEX_POINT('',#5359);
#5361=CARTESIAN_POINT('',(6.E-1,2.739430503005E0,-1.325E0));
#5362=VERTEX_POINT('',#5361);
#5363=CARTESIAN_POINT('',(6.E-1,2.89E0,-1.475569496995E0));
#5364=VERTEX_POINT('',#5363);
#5365=CARTESIAN_POINT('',(6.E-1,2.89E0,-1.625E0));
#5366=VERTEX_POINT('',#5365);
#5367=CARTESIAN_POINT('',(6.E-1,2.15E0,-1.625E0));
#5368=VERTEX_POINT('',#5367);
#5369=CARTESIAN_POINT('',(4.E-1,1.6287E0,-1.110130952636E0));
#5370=CARTESIAN_POINT('',(4.E-1,1.6287E0,1.701690473643E-1));
#5371=VERTEX_POINT('',#5369);
#5372=VERTEX_POINT('',#5370);
#5373=CARTESIAN_POINT('',(4.E-1,-9.721E-1,2.906497078704E-1));
#5374=CARTESIAN_POINT('',(4.E-1,-9.721E-1,4.22E-1));
#5375=VERTEX_POINT('',#5373);
#5376=VERTEX_POINT('',#5374);
#5377=CARTESIAN_POINT('',(4.E-1,-7.722E-1,6.219E-1));
#5378=VERTEX_POINT('',#5377);
#5379=CARTESIAN_POINT('',(4.E-1,1.6287E0,6.219E-1));
#5380=CARTESIAN_POINT('',(4.E-1,1.6287E0,9.25E-1));
#5381=VERTEX_POINT('',#5379);
#5382=VERTEX_POINT('',#5380);
#5383=CARTESIAN_POINT('',(4.E-1,1.9194E0,9.25E-1));
#5384=VERTEX_POINT('',#5383);
#5385=CARTESIAN_POINT('',(4.E-1,2.092E0,7.524E-1));
#5386=VERTEX_POINT('',#5385);
#5387=CARTESIAN_POINT('',(4.E-1,2.092E0,-8.984E-1));
#5388=VERTEX_POINT('',#5387);
#5389=CARTESIAN_POINT('',(4.E-1,2.3653E0,-1.325E0));
#5390=VERTEX_POINT('',#5389);
#5391=CARTESIAN_POINT('',(4.E-1,2.739430503005E0,-1.325E0));
#5392=VERTEX_POINT('',#5391);
#5393=CARTESIAN_POINT('',(4.E-1,2.89E0,-1.475569496995E0));
#5394=VERTEX_POINT('',#5393);
#5395=CARTESIAN_POINT('',(4.E-1,2.89E0,-1.625E0));
#5396=VERTEX_POINT('',#5395);
#5397=CARTESIAN_POINT('',(4.E-1,2.15E0,-1.625E0));
#5398=VERTEX_POINT('',#5397);
#5399=CARTESIAN_POINT('',(6.E-1,8.5E-1,2.062419058448E-1));
#5400=CARTESIAN_POINT('',(6.E-1,8.5E-1,6.219E-1));
#5401=VERTEX_POINT('',#5399);
#5402=VERTEX_POINT('',#5400);
#5403=CARTESIAN_POINT('',(4.E-1,8.5E-1,2.062419058448E-1));
#5404=CARTESIAN_POINT('',(4.E-1,8.5E-1,6.219E-1));
#5405=VERTEX_POINT('',#5403);
#5406=VERTEX_POINT('',#5404);
#5407=CARTESIAN_POINT('',(6.E-1,1.55E0,1.738147825157E-1));
#5408=CARTESIAN_POINT('',(6.E-1,1.55E0,6.219E-1));
#5409=VERTEX_POINT('',#5407);
#5410=VERTEX_POINT('',#5408);
#5411=CARTESIAN_POINT('',(4.E-1,1.55E0,1.738147825157E-1));
#5412=CARTESIAN_POINT('',(4.E-1,1.55E0,6.219E-1));
#5413=VERTEX_POINT('',#5411);
#5414=VERTEX_POINT('',#5412);
#5415=CARTESIAN_POINT('',(1.6E0,1.6287E0,-1.110130952636E0));
#5416=CARTESIAN_POINT('',(1.6E0,1.6287E0,1.701690473643E-1));
#5417=VERTEX_POINT('',#5415);
#5418=VERTEX_POINT('',#5416);
#5419=CARTESIAN_POINT('',(1.6E0,-9.721E-1,2.906497078704E-1));
#5420=CARTESIAN_POINT('',(1.6E0,-9.721E-1,4.22E-1));
#5421=VERTEX_POINT('',#5419);
#5422=VERTEX_POINT('',#5420);
#5423=CARTESIAN_POINT('',(1.6E0,-7.722E-1,6.219E-1));
#5424=VERTEX_POINT('',#5423);
#5425=CARTESIAN_POINT('',(1.6E0,1.6287E0,6.219E-1));
#5426=CARTESIAN_POINT('',(1.6E0,1.6287E0,9.25E-1));
#5427=VERTEX_POINT('',#5425);
#5428=VERTEX_POINT('',#5426);
#5429=CARTESIAN_POINT('',(1.6E0,1.9194E0,9.25E-1));
#5430=VERTEX_POINT('',#5429);
#5431=CARTESIAN_POINT('',(1.6E0,2.092E0,7.524E-1));
#5432=VERTEX_POINT('',#5431);
#5433=CARTESIAN_POINT('',(1.6E0,2.092E0,-8.984E-1));
#5434=VERTEX_POINT('',#5433);
#5435=CARTESIAN_POINT('',(1.6E0,2.3653E0,-1.325E0));
#5436=VERTEX_POINT('',#5435);
#5437=CARTESIAN_POINT('',(1.6E0,2.739430503005E0,-1.325E0));
#5438=VERTEX_POINT('',#5437);
#5439=CARTESIAN_POINT('',(1.6E0,2.89E0,-1.475569496995E0));
#5440=VERTEX_POINT('',#5439);
#5441=CARTESIAN_POINT('',(1.6E0,2.89E0,-1.625E0));
#5442=VERTEX_POINT('',#5441);
#5443=CARTESIAN_POINT('',(1.6E0,2.15E0,-1.625E0));
#5444=VERTEX_POINT('',#5443);
#5445=CARTESIAN_POINT('',(1.4E0,1.6287E0,-1.110130952636E0));
#5446=CARTESIAN_POINT('',(1.4E0,1.6287E0,1.701690473643E-1));
#5447=VERTEX_POINT('',#5445);
#5448=VERTEX_POINT('',#5446);
#5449=CARTESIAN_POINT('',(1.4E0,-9.721E-1,2.906497078704E-1));
#5450=CARTESIAN_POINT('',(1.4E0,-9.721E-1,4.22E-1));
#5451=VERTEX_POINT('',#5449);
#5452=VERTEX_POINT('',#5450);
#5453=CARTESIAN_POINT('',(1.4E0,-7.722E-1,6.219E-1));
#5454=VERTEX_POINT('',#5453);
#5455=CARTESIAN_POINT('',(1.4E0,1.6287E0,6.219E-1));
#5456=CARTESIAN_POINT('',(1.4E0,1.6287E0,9.25E-1));
#5457=VERTEX_POINT('',#5455);
#5458=VERTEX_POINT('',#5456);
#5459=CARTESIAN_POINT('',(1.4E0,1.9194E0,9.25E-1));
#5460=VERTEX_POINT('',#5459);
#5461=CARTESIAN_POINT('',(1.4E0,2.092E0,7.524E-1));
#5462=VERTEX_POINT('',#5461);
#5463=CARTESIAN_POINT('',(1.4E0,2.092E0,-8.984E-1));
#5464=VERTEX_POINT('',#5463);
#5465=CARTESIAN_POINT('',(1.4E0,2.3653E0,-1.325E0));
#5466=VERTEX_POINT('',#5465);
#5467=CARTESIAN_POINT('',(1.4E0,2.739430503005E0,-1.325E0));
#5468=VERTEX_POINT('',#5467);
#5469=CARTESIAN_POINT('',(1.4E0,2.89E0,-1.475569496995E0));
#5470=VERTEX_POINT('',#5469);
#5471=CARTESIAN_POINT('',(1.4E0,2.89E0,-1.625E0));
#5472=VERTEX_POINT('',#5471);
#5473=CARTESIAN_POINT('',(1.4E0,2.15E0,-1.625E0));
#5474=VERTEX_POINT('',#5473);
#5475=CARTESIAN_POINT('',(1.6E0,8.5E-1,2.062419058448E-1));
#5476=CARTESIAN_POINT('',(1.6E0,8.5E-1,6.219E-1));
#5477=VERTEX_POINT('',#5475);
#5478=VERTEX_POINT('',#5476);
#5479=CARTESIAN_POINT('',(1.4E0,8.5E-1,2.062419058448E-1));
#5480=CARTESIAN_POINT('',(1.4E0,8.5E-1,6.219E-1));
#5481=VERTEX_POINT('',#5479);
#5482=VERTEX_POINT('',#5480);
#5483=CARTESIAN_POINT('',(1.6E0,1.55E0,1.738147825157E-1));
#5484=CARTESIAN_POINT('',(1.6E0,1.55E0,6.219E-1));
#5485=VERTEX_POINT('',#5483);
#5486=VERTEX_POINT('',#5484);
#5487=CARTESIAN_POINT('',(1.4E0,1.55E0,1.738147825157E-1));
#5488=CARTESIAN_POINT('',(1.4E0,1.55E0,6.219E-1));
#5489=VERTEX_POINT('',#5487);
#5490=VERTEX_POINT('',#5488);
#5491=CARTESIAN_POINT('',(2.6E0,1.6287E0,-1.110130952636E0));
#5492=CARTESIAN_POINT('',(2.6E0,1.6287E0,1.701690473643E-1));
#5493=VERTEX_POINT('',#5491);
#5494=VERTEX_POINT('',#5492);
#5495=CARTESIAN_POINT('',(2.6E0,-9.721E-1,2.906497078704E-1));
#5496=CARTESIAN_POINT('',(2.6E0,-9.721E-1,4.22E-1));
#5497=VERTEX_POINT('',#5495);
#5498=VERTEX_POINT('',#5496);
#5499=CARTESIAN_POINT('',(2.6E0,-7.722E-1,6.219E-1));
#5500=VERTEX_POINT('',#5499);
#5501=CARTESIAN_POINT('',(2.6E0,1.6287E0,6.219E-1));
#5502=CARTESIAN_POINT('',(2.6E0,1.6287E0,9.25E-1));
#5503=VERTEX_POINT('',#5501);
#5504=VERTEX_POINT('',#5502);
#5505=CARTESIAN_POINT('',(2.6E0,1.9194E0,9.25E-1));
#5506=VERTEX_POINT('',#5505);
#5507=CARTESIAN_POINT('',(2.6E0,2.092E0,7.524E-1));
#5508=VERTEX_POINT('',#5507);
#5509=CARTESIAN_POINT('',(2.6E0,2.092E0,-8.984E-1));
#5510=VERTEX_POINT('',#5509);
#5511=CARTESIAN_POINT('',(2.6E0,2.3653E0,-1.325E0));
#5512=VERTEX_POINT('',#5511);
#5513=CARTESIAN_POINT('',(2.6E0,2.739430503005E0,-1.325E0));
#5514=VERTEX_POINT('',#5513);
#5515=CARTESIAN_POINT('',(2.6E0,2.89E0,-1.475569496995E0));
#5516=VERTEX_POINT('',#5515);
#5517=CARTESIAN_POINT('',(2.6E0,2.89E0,-1.625E0));
#5518=VERTEX_POINT('',#5517);
#5519=CARTESIAN_POINT('',(2.6E0,2.15E0,-1.625E0));
#5520=VERTEX_POINT('',#5519);
#5521=CARTESIAN_POINT('',(2.4E0,1.6287E0,-1.110130952636E0));
#5522=CARTESIAN_POINT('',(2.4E0,1.6287E0,1.701690473643E-1));
#5523=VERTEX_POINT('',#5521);
#5524=VERTEX_POINT('',#5522);
#5525=CARTESIAN_POINT('',(2.4E0,-9.721E-1,2.906497078704E-1));
#5526=CARTESIAN_POINT('',(2.4E0,-9.721E-1,4.22E-1));
#5527=VERTEX_POINT('',#5525);
#5528=VERTEX_POINT('',#5526);
#5529=CARTESIAN_POINT('',(2.4E0,-7.722E-1,6.219E-1));
#5530=VERTEX_POINT('',#5529);
#5531=CARTESIAN_POINT('',(2.4E0,1.6287E0,6.219E-1));
#5532=CARTESIAN_POINT('',(2.4E0,1.6287E0,9.25E-1));
#5533=VERTEX_POINT('',#5531);
#5534=VERTEX_POINT('',#5532);
#5535=CARTESIAN_POINT('',(2.4E0,1.9194E0,9.25E-1));
#5536=VERTEX_POINT('',#5535);
#5537=CARTESIAN_POINT('',(2.4E0,2.092E0,7.524E-1));
#5538=VERTEX_POINT('',#5537);
#5539=CARTESIAN_POINT('',(2.4E0,2.092E0,-8.984E-1));
#5540=VERTEX_POINT('',#5539);
#5541=CARTESIAN_POINT('',(2.4E0,2.3653E0,-1.325E0));
#5542=VERTEX_POINT('',#5541);
#5543=CARTESIAN_POINT('',(2.4E0,2.739430503005E0,-1.325E0));
#5544=VERTEX_POINT('',#5543);
#5545=CARTESIAN_POINT('',(2.4E0,2.89E0,-1.475569496995E0));
#5546=VERTEX_POINT('',#5545);
#5547=CARTESIAN_POINT('',(2.4E0,2.89E0,-1.625E0));
#5548=VERTEX_POINT('',#5547);
#5549=CARTESIAN_POINT('',(2.4E0,2.15E0,-1.625E0));
#5550=VERTEX_POINT('',#5549);
#5551=CARTESIAN_POINT('',(2.6E0,8.5E-1,2.062419058448E-1));
#5552=CARTESIAN_POINT('',(2.6E0,8.5E-1,6.219E-1));
#5553=VERTEX_POINT('',#5551);
#5554=VERTEX_POINT('',#5552);
#5555=CARTESIAN_POINT('',(2.4E0,8.5E-1,2.062419058448E-1));
#5556=CARTESIAN_POINT('',(2.4E0,8.5E-1,6.219E-1));
#5557=VERTEX_POINT('',#5555);
#5558=VERTEX_POINT('',#5556);
#5559=CARTESIAN_POINT('',(2.6E0,1.55E0,1.738147825157E-1));
#5560=CARTESIAN_POINT('',(2.6E0,1.55E0,6.219E-1));
#5561=VERTEX_POINT('',#5559);
#5562=VERTEX_POINT('',#5560);
#5563=CARTESIAN_POINT('',(2.4E0,1.55E0,1.738147825157E-1));
#5564=CARTESIAN_POINT('',(2.4E0,1.55E0,6.219E-1));
#5565=VERTEX_POINT('',#5563);
#5566=VERTEX_POINT('',#5564);
#5567=CARTESIAN_POINT('',(4.155E0,-7.662873155021E-1,-7.729554890697E-1));
#5568=CARTESIAN_POINT('',(4.155E0,-8.402933514127E-1,-7.729554890697E-1));
#5569=VERTEX_POINT('',#5567);
#5570=VERTEX_POINT('',#5568);
#5571=CARTESIAN_POINT('',(4.155E0,-2.232346338069E-1,-5.921022910268E-1));
#5572=CARTESIAN_POINT('',(4.155E0,-2.232346338069E-1,-5.768882306772E-1));
#5573=VERTEX_POINT('',#5571);
#5574=VERTEX_POINT('',#5572);
#5575=CARTESIAN_POINT('',(4.155E0,-2.763815082998E-1,-5.768882306772E-1));
#5576=VERTEX_POINT('',#5575);
#5577=CARTESIAN_POINT('',(4.155E0,-2.763815082998E-1,-4.586551966647E-1));
#5578=VERTEX_POINT('',#5577);
#5579=CARTESIAN_POINT('',(4.155E0,-2.936081909820E-1,-4.586551966647E-1));
#5580=VERTEX_POINT('',#5579);
#5581=CARTESIAN_POINT('',(4.155E0,-2.936081909820E-1,-5.921022910268E-1));
#5582=VERTEX_POINT('',#5581);
#5583=VERTEX_POINT('',#3504);
#5584=VERTEX_POINT('',#3507);
#5585=VERTEX_POINT('',#3532);
#5586=VERTEX_POINT('',#3522);
#5587=CARTESIAN_POINT('',(4.155E0,-1.937987002652E-2,-5.921022910268E-1));
#5588=CARTESIAN_POINT('',(4.155E0,-1.937987002652E-2,-5.768882306772E-1));
#5589=VERTEX_POINT('',#5587);
#5590=VERTEX_POINT('',#5588);
#5591=CARTESIAN_POINT('',(4.155E0,-7.392534647984E-2,-5.768882306772E-1));
#5592=VERTEX_POINT('',#5591);
#5593=CARTESIAN_POINT('',(4.155E0,-7.392534647984E-2,-5.319965189753E-1));
#5594=VERTEX_POINT('',#5593);
#5595=CARTESIAN_POINT('',(4.155E0,-2.620231861415E-2,-5.319965189753E-1));
#5596=VERTEX_POINT('',#5595);
#5597=CARTESIAN_POINT('',(4.155E0,-2.620231861415E-2,-5.167142341404E-1));
#5598=VERTEX_POINT('',#5597);
#5599=CARTESIAN_POINT('',(4.155E0,-7.392534647984E-2,-5.167142341404E-1));
#5600=VERTEX_POINT('',#5599);
#5601=CARTESIAN_POINT('',(4.155E0,-7.392534647984E-2,-4.740057059850E-1));
#5602=VERTEX_POINT('',#5601);
#5603=CARTESIAN_POINT('',(4.155E0,-2.241585964834E-2,-4.740057059850E-1));
#5604=VERTEX_POINT('',#5603);
#5605=CARTESIAN_POINT('',(4.155E0,-2.241585964834E-2,-4.586551966647E-1));
#5606=VERTEX_POINT('',#5605);
#5607=CARTESIAN_POINT('',(4.155E0,-9.115202916196E-2,-4.586551966647E-1));
#5608=VERTEX_POINT('',#5607);
#5609=CARTESIAN_POINT('',(4.155E0,-9.115202916196E-2,-5.921022910268E-1));
#5610=VERTEX_POINT('',#5609);
#5611=VERTEX_POINT('',#3582);
#5612=VERTEX_POINT('',#3585);
#5613=VERTEX_POINT('',#3603);
#5614=VERTEX_POINT('',#3595);
#5615=VERTEX_POINT('',#3605);
#5616=VERTEX_POINT('',#3608);
#5617=VERTEX_POINT('',#3626);
#5618=VERTEX_POINT('',#3618);
#5619=VERTEX_POINT('',#3628);
#5620=VERTEX_POINT('',#3631);
#5621=VERTEX_POINT('',#3651);
#5622=VERTEX_POINT('',#3646);
#5623=VERTEX_POINT('',#3641);
#5624=CARTESIAN_POINT('',(4.155E0,2.419540231004E-1,-5.921022910268E-1));
#5625=CARTESIAN_POINT('',(4.155E0,1.911267811266E-1,-4.586551966647E-1));
#5626=VERTEX_POINT('',#5624);
#5627=VERTEX_POINT('',#5625);
#5628=CARTESIAN_POINT('',(4.155E0,1.727061699417E-1,-4.586551966647E-1));
#5629=VERTEX_POINT('',#5628);
#5630=CARTESIAN_POINT('',(4.155E0,1.218789279683E-1,-5.921022910268E-1));
#5631=VERTEX_POINT('',#5630);
#5632=CARTESIAN_POINT('',(4.155E0,1.409135595255E-1,-5.921022910268E-1));
#5633=VERTEX_POINT('',#5632);
#5634=CARTESIAN_POINT('',(4.155E0,1.537397628709E-1,-5.556021910859E-1));
#5635=VERTEX_POINT('',#5634);
#5636=CARTESIAN_POINT('',(4.155E0,2.093086066121E-1,-5.556021910859E-1));
#5637=VERTEX_POINT('',#5636);
#5638=CARTESIAN_POINT('',(4.155E0,2.229193915432E-1,-5.921022910268E-1));
#5639=VERTEX_POINT('',#5638);
#5640=CARTESIAN_POINT('',(4.155E0,-2.218360318465E-1,-8.038028706821E-1));
#5641=CARTESIAN_POINT('',(4.155E0,-2.218360318465E-1,-7.885888103326E-1));
#5642=VERTEX_POINT('',#5640);
#5643=VERTEX_POINT('',#5641);
#5644=CARTESIAN_POINT('',(4.155E0,-2.763815082998E-1,-7.885888103326E-1));
#5645=VERTEX_POINT('',#5644);
#5646=CARTESIAN_POINT('',(4.155E0,-2.763815082998E-1,-7.436970986307E-1));
#5647=VERTEX_POINT('',#5646);
#5648=CARTESIAN_POINT('',(4.155E0,-2.286584804342E-1,-7.436970986307E-1));
#5649=VERTEX_POINT('',#5648);
#5650=CARTESIAN_POINT('',(4.155E0,-2.286584804342E-1,-7.284148137958E-1));
#5651=VERTEX_POINT('',#5650);
#5652=CARTESIAN_POINT('',(4.155E0,-2.763815082998E-1,-7.284148137958E-1));
#5653=VERTEX_POINT('',#5652);
#5654=CARTESIAN_POINT('',(4.155E0,-2.763815082998E-1,-6.857062856404E-1));
#5655=VERTEX_POINT('',#5654);
#5656=CARTESIAN_POINT('',(4.155E0,-2.248720214684E-1,-6.857062856404E-1));
#5657=VERTEX_POINT('',#5656);
#5658=CARTESIAN_POINT('',(4.155E0,-2.248720214684E-1,-6.703557763201E-1));
#5659=VERTEX_POINT('',#5658);
#5660=CARTESIAN_POINT('',(4.155E0,-2.936081909820E-1,-6.703557763201E-1));
#5661=VERTEX_POINT('',#5660);
#5662=CARTESIAN_POINT('',(4.155E0,-2.936081909820E-1,-8.038028706821E-1));
#5663=VERTEX_POINT('',#5662);
#5664=VERTEX_POINT('',#3733);
#5665=VERTEX_POINT('',#3736);
#5666=VERTEX_POINT('',#3751);
#5667=VERTEX_POINT('',#3753);
#5668=VERTEX_POINT('',#3756);
#5669=VERTEX_POINT('',#3796);
#5670=VERTEX_POINT('',#3791);
#5671=VERTEX_POINT('',#3786);
#5672=VERTEX_POINT('',#3780);
#5673=VERTEX_POINT('',#3775);
#5674=VERTEX_POINT('',#3769);
#5675=VERTEX_POINT('',#3798);
#5676=VERTEX_POINT('',#3801);
#5677=VERTEX_POINT('',#3833);
#5678=VERTEX_POINT('',#3819);
#5679=VERTEX_POINT('',#3835);
#5680=VERTEX_POINT('',#3838);
#5681=VERTEX_POINT('',#3895);
#5682=VERTEX_POINT('',#3890);
#5683=VERTEX_POINT('',#3885);
#5684=VERTEX_POINT('',#3880);
#5685=VERTEX_POINT('',#3875);
#5686=VERTEX_POINT('',#3869);
#5687=VERTEX_POINT('',#3864);
#5688=VERTEX_POINT('',#3858);
#5689=VERTEX_POINT('',#3853);
#5690=VERTEX_POINT('',#3848);
#5691=CARTESIAN_POINT('',(4.155E0,1.477360081131E-1,-8.038028706821E-1));
#5692=CARTESIAN_POINT('',(4.155E0,1.477360081131E-1,-7.885888103326E-1));
#5693=VERTEX_POINT('',#5691);
#5694=VERTEX_POINT('',#5692);
#5695=CARTESIAN_POINT('',(4.155E0,9.319053165978E-2,-7.885888103326E-1));
#5696=VERTEX_POINT('',#5695);
#5697=CARTESIAN_POINT('',(4.155E0,9.319053165978E-2,-7.436970986307E-1));
#5698=VERTEX_POINT('',#5697);
#5699=CARTESIAN_POINT('',(4.155E0,1.409135595255E-1,-7.436970986307E-1));
#5700=VERTEX_POINT('',#5699);
#5701=CARTESIAN_POINT('',(4.155E0,1.409135595255E-1,-7.284148137958E-1));
#5702=VERTEX_POINT('',#5701);
#5703=CARTESIAN_POINT('',(4.155E0,9.319053165978E-2,-7.284148137958E-1));
#5704=VERTEX_POINT('',#5703);
#5705=CARTESIAN_POINT('',(4.155E0,9.319053165978E-2,-6.857062856404E-1));
#5706=VERTEX_POINT('',#5705);
#5707=CARTESIAN_POINT('',(4.155E0,1.447000184913E-1,-6.857062856404E-1));
#5708=VERTEX_POINT('',#5707);
#5709=CARTESIAN_POINT('',(4.155E0,1.447000184913E-1,-6.703557763201E-1));
#5710=VERTEX_POINT('',#5709);
#5711=CARTESIAN_POINT('',(4.155E0,7.596384897765E-2,-6.703557763201E-1));
#5712=VERTEX_POINT('',#5711);
#5713=CARTESIAN_POINT('',(4.155E0,7.596384897765E-2,-8.038028706821E-1));
#5714=VERTEX_POINT('',#5713);
#5715=VERTEX_POINT('',#3945);
#5716=VERTEX_POINT('',#3948);
#5717=VERTEX_POINT('',#3966);
#5718=VERTEX_POINT('',#3958);
#5719=VERTEX_POINT('',#3968);
#5720=VERTEX_POINT('',#3971);
#5721=VERTEX_POINT('',#3989);
#5722=VERTEX_POINT('',#3981);
#5723=VERTEX_POINT('',#3991);
#5724=VERTEX_POINT('',#3994);
#5725=VERTEX_POINT('',#4014);
#5726=VERTEX_POINT('',#4009);
#5727=VERTEX_POINT('',#4004);
#5728=CARTESIAN_POINT('',(4.155E0,4.090699012400E-1,-8.038028706821E-1));
#5729=CARTESIAN_POINT('',(4.155E0,3.582426592662E-1,-6.703557763201E-1));
#5730=VERTEX_POINT('',#5728);
#5731=VERTEX_POINT('',#5729);
#5732=CARTESIAN_POINT('',(4.155E0,3.398220480813E-1,-6.703557763201E-1));
#5733=VERTEX_POINT('',#5732);
#5734=CARTESIAN_POINT('',(4.155E0,2.889948061079E-1,-8.038028706821E-1));
#5735=VERTEX_POINT('',#5734);
#5736=CARTESIAN_POINT('',(4.155E0,3.080294376651E-1,-8.038028706821E-1));
#5737=VERTEX_POINT('',#5736);
#5738=CARTESIAN_POINT('',(4.155E0,3.208556410105E-1,-7.673027707412E-1));
#5739=VERTEX_POINT('',#5738);
#5740=CARTESIAN_POINT('',(4.155E0,3.764244847517E-1,-7.673027707412E-1));
#5741=VERTEX_POINT('',#5740);
#5742=CARTESIAN_POINT('',(4.155E0,3.900352696829E-1,-8.038028706821E-1));
#5743=VERTEX_POINT('',#5742);
#5744=VERTEX_POINT('',#4048);
#5745=VERTEX_POINT('',#4054);
#5746=VERTEX_POINT('',#4145);
#5747=VERTEX_POINT('',#4136);
#5748=VERTEX_POINT('',#4129);
#5749=VERTEX_POINT('',#4124);
#5750=VERTEX_POINT('',#4119);
#5751=VERTEX_POINT('',#4114);
#5752=VERTEX_POINT('',#4108);
#5753=VERTEX_POINT('',#4101);
#5754=VERTEX_POINT('',#4095);
#5755=VERTEX_POINT('',#4088);
#5756=VERTEX_POINT('',#4083);
#5757=VERTEX_POINT('',#4076);
#5758=VERTEX_POINT('',#4071);
#5759=VERTEX_POINT('',#4066);
#5760=CARTESIAN_POINT('',(4.15E0,-8.402933514127E-1,-7.729554890697E-1));
#5761=CARTESIAN_POINT('',(4.15E0,-7.662873155021E-1,-7.729554890697E-1));
#5762=VERTEX_POINT('',#5760);
#5763=VERTEX_POINT('',#5761);
#5764=CARTESIAN_POINT('',(4.15E0,-2.232346338069E-1,-5.921022910268E-1));
#5765=CARTESIAN_POINT('',(4.15E0,-2.232346338069E-1,-5.768882306772E-1));
#5766=VERTEX_POINT('',#5764);
#5767=VERTEX_POINT('',#5765);
#5768=CARTESIAN_POINT('',(4.15E0,-2.763815082998E-1,-5.768882306772E-1));
#5769=VERTEX_POINT('',#5768);
#5770=CARTESIAN_POINT('',(4.15E0,-2.763815082998E-1,-4.586551966647E-1));
#5771=VERTEX_POINT('',#5770);
#5772=CARTESIAN_POINT('',(4.15E0,-2.936081909820E-1,-4.586551966647E-1));
#5773=VERTEX_POINT('',#5772);
#5774=CARTESIAN_POINT('',(4.15E0,-2.936081909820E-1,-5.921022910268E-1));
#5775=VERTEX_POINT('',#5774);
#5776=VERTEX_POINT('',#63);
#5777=VERTEX_POINT('',#66);
#5778=VERTEX_POINT('',#68);
#5779=VERTEX_POINT('',#81);
#5780=CARTESIAN_POINT('',(4.15E0,-1.937987002652E-2,-5.921022910268E-1));
#5781=CARTESIAN_POINT('',(4.15E0,-1.937987002652E-2,-5.768882306772E-1));
#5782=VERTEX_POINT('',#5780);
#5783=VERTEX_POINT('',#5781);
#5784=CARTESIAN_POINT('',(4.15E0,-7.392534647984E-2,-5.768882306772E-1));
#5785=VERTEX_POINT('',#5784);
#5786=CARTESIAN_POINT('',(4.15E0,-7.392534647984E-2,-5.319965189753E-1));
#5787=VERTEX_POINT('',#5786);
#5788=CARTESIAN_POINT('',(4.15E0,-2.620231861415E-2,-5.319965189753E-1));
#5789=VERTEX_POINT('',#5788);
#5790=CARTESIAN_POINT('',(4.15E0,-2.620231861415E-2,-5.167142341404E-1));
#5791=VERTEX_POINT('',#5790);
#5792=CARTESIAN_POINT('',(4.15E0,-7.392534647984E-2,-5.167142341404E-1));
#5793=VERTEX_POINT('',#5792);
#5794=CARTESIAN_POINT('',(4.15E0,-7.392534647984E-2,-4.740057059850E-1));
#5795=VERTEX_POINT('',#5794);
#5796=CARTESIAN_POINT('',(4.15E0,-2.241585964834E-2,-4.740057059850E-1));
#5797=VERTEX_POINT('',#5796);
#5798=CARTESIAN_POINT('',(4.15E0,-2.241585964834E-2,-4.586551966647E-1));
#5799=VERTEX_POINT('',#5798);
#5800=CARTESIAN_POINT('',(4.15E0,-9.115202916196E-2,-4.586551966647E-1));
#5801=VERTEX_POINT('',#5800);
#5802=CARTESIAN_POINT('',(4.15E0,-9.115202916196E-2,-5.921022910268E-1));
#5803=VERTEX_POINT('',#5802);
#5804=VERTEX_POINT('',#141);
#5805=VERTEX_POINT('',#144);
#5806=VERTEX_POINT('',#146);
#5807=VERTEX_POINT('',#157);
#5808=VERTEX_POINT('',#164);
#5809=VERTEX_POINT('',#167);
#5810=VERTEX_POINT('',#169);
#5811=VERTEX_POINT('',#180);
#5812=VERTEX_POINT('',#187);
#5813=VERTEX_POINT('',#190);
#5814=VERTEX_POINT('',#195);
#5815=VERTEX_POINT('',#200);
#5816=VERTEX_POINT('',#205);
#5817=CARTESIAN_POINT('',(4.15E0,2.419540231004E-1,-5.921022910268E-1));
#5818=CARTESIAN_POINT('',(4.15E0,1.911267811266E-1,-4.586551966647E-1));
#5819=VERTEX_POINT('',#5817);
#5820=VERTEX_POINT('',#5818);
#5821=CARTESIAN_POINT('',(4.15E0,1.727061699417E-1,-4.586551966647E-1));
#5822=VERTEX_POINT('',#5821);
#5823=CARTESIAN_POINT('',(4.15E0,1.218789279683E-1,-5.921022910268E-1));
#5824=VERTEX_POINT('',#5823);
#5825=CARTESIAN_POINT('',(4.15E0,1.409135595255E-1,-5.921022910268E-1));
#5826=VERTEX_POINT('',#5825);
#5827=CARTESIAN_POINT('',(4.15E0,1.537397628709E-1,-5.556021910859E-1));
#5828=VERTEX_POINT('',#5827);
#5829=CARTESIAN_POINT('',(4.15E0,2.093086066121E-1,-5.556021910859E-1));
#5830=VERTEX_POINT('',#5829);
#5831=CARTESIAN_POINT('',(4.15E0,2.229193915432E-1,-5.921022910268E-1));
#5832=VERTEX_POINT('',#5831);
#5833=CARTESIAN_POINT('',(4.15E0,-2.218360318465E-1,-8.038028706821E-1));
#5834=CARTESIAN_POINT('',(4.15E0,-2.218360318465E-1,-7.885888103326E-1));
#5835=VERTEX_POINT('',#5833);
#5836=VERTEX_POINT('',#5834);
#5837=CARTESIAN_POINT('',(4.15E0,-2.763815082998E-1,-7.885888103326E-1));
#5838=VERTEX_POINT('',#5837);
#5839=CARTESIAN_POINT('',(4.15E0,-2.763815082998E-1,-7.436970986307E-1));
#5840=VERTEX_POINT('',#5839);
#5841=CARTESIAN_POINT('',(4.15E0,-2.286584804342E-1,-7.436970986307E-1));
#5842=VERTEX_POINT('',#5841);
#5843=CARTESIAN_POINT('',(4.15E0,-2.286584804342E-1,-7.284148137958E-1));
#5844=VERTEX_POINT('',#5843);
#5845=CARTESIAN_POINT('',(4.15E0,-2.763815082998E-1,-7.284148137958E-1));
#5846=VERTEX_POINT('',#5845);
#5847=CARTESIAN_POINT('',(4.15E0,-2.763815082998E-1,-6.857062856404E-1));
#5848=VERTEX_POINT('',#5847);
#5849=CARTESIAN_POINT('',(4.15E0,-2.248720214684E-1,-6.857062856404E-1));
#5850=VERTEX_POINT('',#5849);
#5851=CARTESIAN_POINT('',(4.15E0,-2.248720214684E-1,-6.703557763201E-1));
#5852=VERTEX_POINT('',#5851);
#5853=CARTESIAN_POINT('',(4.15E0,-2.936081909820E-1,-6.703557763201E-1));
#5854=VERTEX_POINT('',#5853);
#5855=CARTESIAN_POINT('',(4.15E0,-2.936081909820E-1,-8.038028706821E-1));
#5856=VERTEX_POINT('',#5855);
#5857=VERTEX_POINT('',#292);
#5858=VERTEX_POINT('',#295);
#5859=VERTEX_POINT('',#300);
#5860=VERTEX_POINT('',#312);
#5861=VERTEX_POINT('',#315);
#5862=VERTEX_POINT('',#320);
#5863=VERTEX_POINT('',#325);
#5864=VERTEX_POINT('',#327);
#5865=VERTEX_POINT('',#336);
#5866=VERTEX_POINT('',#338);
#5867=VERTEX_POINT('',#347);
#5868=VERTEX_POINT('',#357);
#5869=VERTEX_POINT('',#360);
#5870=VERTEX_POINT('',#362);
#5871=VERTEX_POINT('',#379);
#5872=VERTEX_POINT('',#394);
#5873=VERTEX_POINT('',#397);
#5874=VERTEX_POINT('',#402);
#5875=VERTEX_POINT('',#407);
#5876=VERTEX_POINT('',#412);
#5877=VERTEX_POINT('',#417);
#5878=VERTEX_POINT('',#419);
#5879=VERTEX_POINT('',#428);
#5880=VERTEX_POINT('',#430);
#5881=VERTEX_POINT('',#439);
#5882=VERTEX_POINT('',#444);
#5883=VERTEX_POINT('',#449);
#5884=CARTESIAN_POINT('',(4.15E0,1.477360081131E-1,-8.038028706821E-1));
#5885=CARTESIAN_POINT('',(4.15E0,1.477360081131E-1,-7.885888103326E-1));
#5886=VERTEX_POINT('',#5884);
#5887=VERTEX_POINT('',#5885);
#5888=CARTESIAN_POINT('',(4.15E0,9.319053165978E-2,-7.885888103326E-1));
#5889=VERTEX_POINT('',#5888);
#5890=CARTESIAN_POINT('',(4.15E0,9.319053165978E-2,-7.436970986307E-1));
#5891=VERTEX_POINT('',#5890);
#5892=CARTESIAN_POINT('',(4.15E0,1.409135595255E-1,-7.436970986307E-1));
#5893=VERTEX_POINT('',#5892);
#5894=CARTESIAN_POINT('',(4.15E0,1.409135595255E-1,-7.284148137958E-1));
#5895=VERTEX_POINT('',#5894);
#5896=CARTESIAN_POINT('',(4.15E0,9.319053165978E-2,-7.284148137958E-1));
#5897=VERTEX_POINT('',#5896);
#5898=CARTESIAN_POINT('',(4.15E0,9.319053165978E-2,-6.857062856404E-1));
#5899=VERTEX_POINT('',#5898);
#5900=CARTESIAN_POINT('',(4.15E0,1.447000184913E-1,-6.857062856404E-1));
#5901=VERTEX_POINT('',#5900);
#5902=CARTESIAN_POINT('',(4.15E0,1.447000184913E-1,-6.703557763201E-1));
#5903=VERTEX_POINT('',#5902);
#5904=CARTESIAN_POINT('',(4.15E0,7.596384897765E-2,-6.703557763201E-1));
#5905=VERTEX_POINT('',#5904);
#5906=CARTESIAN_POINT('',(4.15E0,7.596384897765E-2,-8.038028706821E-1));
#5907=VERTEX_POINT('',#5906);
#5908=VERTEX_POINT('',#504);
#5909=VERTEX_POINT('',#507);
#5910=VERTEX_POINT('',#509);
#5911=VERTEX_POINT('',#520);
#5912=VERTEX_POINT('',#527);
#5913=VERTEX_POINT('',#530);
#5914=VERTEX_POINT('',#532);
#5915=VERTEX_POINT('',#543);
#5916=VERTEX_POINT('',#550);
#5917=VERTEX_POINT('',#553);
#5918=VERTEX_POINT('',#558);
#5919=VERTEX_POINT('',#563);
#5920=VERTEX_POINT('',#568);
#5921=CARTESIAN_POINT('',(4.15E0,4.090699012400E-1,-8.038028706821E-1));
#5922=CARTESIAN_POINT('',(4.15E0,3.582426592662E-1,-6.703557763201E-1));
#5923=VERTEX_POINT('',#5921);
#5924=VERTEX_POINT('',#5922);
#5925=CARTESIAN_POINT('',(4.15E0,3.398220480813E-1,-6.703557763201E-1));
#5926=VERTEX_POINT('',#5925);
#5927=CARTESIAN_POINT('',(4.15E0,2.889948061079E-1,-8.038028706821E-1));
#5928=VERTEX_POINT('',#5927);
#5929=CARTESIAN_POINT('',(4.15E0,3.080294376651E-1,-8.038028706821E-1));
#5930=VERTEX_POINT('',#5929);
#5931=CARTESIAN_POINT('',(4.15E0,3.208556410105E-1,-7.673027707412E-1));
#5932=VERTEX_POINT('',#5931);
#5933=CARTESIAN_POINT('',(4.15E0,3.764244847517E-1,-7.673027707412E-1));
#5934=VERTEX_POINT('',#5933);
#5935=CARTESIAN_POINT('',(4.15E0,3.900352696829E-1,-8.038028706821E-1));
#5936=VERTEX_POINT('',#5935);
#5937=VERTEX_POINT('',#607);
#5938=VERTEX_POINT('',#613);
#5939=VERTEX_POINT('',#622);
#5940=VERTEX_POINT('',#629);
#5941=VERTEX_POINT('',#634);
#5942=VERTEX_POINT('',#639);
#5943=VERTEX_POINT('',#644);
#5944=VERTEX_POINT('',#650);
#5945=VERTEX_POINT('',#657);
#5946=VERTEX_POINT('',#663);
#5947=VERTEX_POINT('',#670);
#5948=VERTEX_POINT('',#675);
#5949=VERTEX_POINT('',#682);
#5950=VERTEX_POINT('',#687);
#5951=VERTEX_POINT('',#692);
#5952=VERTEX_POINT('',#697);
#5953=CARTESIAN_POINT('',(4.15E0,-9.115202916196E-2,-4.586551966647E-1));
#5954=DIRECTION('',(0.E0,-1.E0,0.E0));
#5955=DIRECTION('',(0.E0,0.E0,-1.E0));
#5956=AXIS2_PLACEMENT_3D('',#5953,#5954,#5955);
#5957=PLANE('',#5956);
#5959=ORIENTED_EDGE('',*,*,#5958,.F.);
#5961=ORIENTED_EDGE('',*,*,#5960,.T.);
#5963=ORIENTED_EDGE('',*,*,#5962,.T.);
#5965=ORIENTED_EDGE('',*,*,#5964,.F.);
#5966=EDGE_LOOP('',(#5959,#5961,#5963,#5965));
#5967=FACE_OUTER_BOUND('',#5966,.F.);
#5969=CARTESIAN_POINT('',(4.15E0,-2.15E0,-1.525E0));
#5970=DIRECTION('',(1.E0,0.E0,0.E0));
#5971=DIRECTION('',(0.E0,1.E0,0.E0));
#5972=AXIS2_PLACEMENT_3D('',#5969,#5970,#5971);
#5973=PLANE('',#5972);
#5975=ORIENTED_EDGE('',*,*,#5974,.F.);
#5977=ORIENTED_EDGE('',*,*,#5976,.F.);
#5979=ORIENTED_EDGE('',*,*,#5978,.T.);
#5981=ORIENTED_EDGE('',*,*,#5980,.T.);
#5982=EDGE_LOOP('',(#5975,#5977,#5979,#5981));
#5983=FACE_OUTER_BOUND('',#5982,.F.);
#5985=ORIENTED_EDGE('',*,*,#5984,.T.);
#5987=ORIENTED_EDGE('',*,*,#5986,.T.);
#5989=ORIENTED_EDGE('',*,*,#5988,.T.);
#5991=ORIENTED_EDGE('',*,*,#5990,.T.);
#5993=ORIENTED_EDGE('',*,*,#5992,.T.);
#5995=ORIENTED_EDGE('',*,*,#5994,.T.);
#5996=EDGE_LOOP('',(#5985,#5987,#5989,#5991,#5993,#5995));
#5997=FACE_BOUND('',#5996,.F.);
#5999=ORIENTED_EDGE('',*,*,#5998,.T.);
#6001=ORIENTED_EDGE('',*,*,#6000,.F.);
#6003=ORIENTED_EDGE('',*,*,#6002,.T.);
#6005=ORIENTED_EDGE('',*,*,#6004,.F.);
#6006=EDGE_LOOP('',(#5999,#6001,#6003,#6005));
#6007=FACE_BOUND('',#6006,.F.);
#6009=ORIENTED_EDGE('',*,*,#6008,.T.);
#6011=ORIENTED_EDGE('',*,*,#6010,.T.);
#6013=ORIENTED_EDGE('',*,*,#6012,.T.);
#6015=ORIENTED_EDGE('',*,*,#6014,.T.);
#6017=ORIENTED_EDGE('',*,*,#6016,.T.);
#6019=ORIENTED_EDGE('',*,*,#6018,.T.);
#6021=ORIENTED_EDGE('',*,*,#6020,.T.);
#6023=ORIENTED_EDGE('',*,*,#6022,.T.);
#6025=ORIENTED_EDGE('',*,*,#6024,.T.);
#6027=ORIENTED_EDGE('',*,*,#6026,.T.);
#6028=ORIENTED_EDGE('',*,*,#5958,.T.);
#6030=ORIENTED_EDGE('',*,*,#6029,.T.);
#6031=EDGE_LOOP('',(#6009,#6011,#6013,#6015,#6017,#6019,#6021,#6023,#6025,#6027,
#6028,#6030));
#6032=FACE_BOUND('',#6031,.F.);
#6034=ORIENTED_EDGE('',*,*,#6033,.T.);
#6036=ORIENTED_EDGE('',*,*,#6035,.F.);
#6038=ORIENTED_EDGE('',*,*,#6037,.T.);
#6040=ORIENTED_EDGE('',*,*,#6039,.T.);
#6041=EDGE_LOOP('',(#6034,#6036,#6038,#6040));
#6042=FACE_BOUND('',#6041,.F.);
#6044=ORIENTED_EDGE('',*,*,#6043,.T.);
#6046=ORIENTED_EDGE('',*,*,#6045,.T.);
#6048=ORIENTED_EDGE('',*,*,#6047,.T.);
#6050=ORIENTED_EDGE('',*,*,#6049,.T.);
#6052=ORIENTED_EDGE('',*,*,#6051,.T.);
#6054=ORIENTED_EDGE('',*,*,#6053,.T.);
#6056=ORIENTED_EDGE('',*,*,#6055,.T.);
#6058=ORIENTED_EDGE('',*,*,#6057,.T.);
#6059=EDGE_LOOP('',(#6044,#6046,#6048,#6050,#6052,#6054,#6056,#6058));
#6060=FACE_BOUND('',#6059,.F.);
#6062=ORIENTED_EDGE('',*,*,#6061,.T.);
#6064=ORIENTED_EDGE('',*,*,#6063,.T.);
#6066=ORIENTED_EDGE('',*,*,#6065,.T.);
#6068=ORIENTED_EDGE('',*,*,#6067,.T.);
#6070=ORIENTED_EDGE('',*,*,#6069,.T.);
#6072=ORIENTED_EDGE('',*,*,#6071,.T.);
#6074=ORIENTED_EDGE('',*,*,#6073,.T.);
#6076=ORIENTED_EDGE('',*,*,#6075,.T.);
#6078=ORIENTED_EDGE('',*,*,#6077,.T.);
#6080=ORIENTED_EDGE('',*,*,#6079,.T.);
#6082=ORIENTED_EDGE('',*,*,#6081,.T.);
#6084=ORIENTED_EDGE('',*,*,#6083,.T.);
#6085=EDGE_LOOP('',(#6062,#6064,#6066,#6068,#6070,#6072,#6074,#6076,#6078,#6080,
#6082,#6084));
#6086=FACE_BOUND('',#6085,.F.);
#6088=ORIENTED_EDGE('',*,*,#6087,.T.);
#6090=ORIENTED_EDGE('',*,*,#6089,.T.);
#6092=ORIENTED_EDGE('',*,*,#6091,.T.);
#6094=ORIENTED_EDGE('',*,*,#6093,.F.);
#6096=ORIENTED_EDGE('',*,*,#6095,.T.);
#6098=ORIENTED_EDGE('',*,*,#6097,.F.);
#6100=ORIENTED_EDGE('',*,*,#6099,.T.);
#6102=ORIENTED_EDGE('',*,*,#6101,.F.);
#6103=EDGE_LOOP('',(#6088,#6090,#6092,#6094,#6096,#6098,#6100,#6102));
#6104=FACE_BOUND('',#6103,.F.);
#6106=ORIENTED_EDGE('',*,*,#6105,.T.);
#6108=ORIENTED_EDGE('',*,*,#6107,.F.);
#6110=ORIENTED_EDGE('',*,*,#6109,.T.);
#6112=ORIENTED_EDGE('',*,*,#6111,.F.);
#6113=EDGE_LOOP('',(#6106,#6108,#6110,#6112));
#6114=FACE_BOUND('',#6113,.F.);
#6116=ORIENTED_EDGE('',*,*,#6115,.T.);
#6118=ORIENTED_EDGE('',*,*,#6117,.T.);
#6120=ORIENTED_EDGE('',*,*,#6119,.T.);
#6122=ORIENTED_EDGE('',*,*,#6121,.T.);
#6124=ORIENTED_EDGE('',*,*,#6123,.T.);
#6126=ORIENTED_EDGE('',*,*,#6125,.F.);
#6128=ORIENTED_EDGE('',*,*,#6127,.T.);
#6130=ORIENTED_EDGE('',*,*,#6129,.F.);
#6132=ORIENTED_EDGE('',*,*,#6131,.T.);
#6134=ORIENTED_EDGE('',*,*,#6133,.T.);
#6136=ORIENTED_EDGE('',*,*,#6135,.T.);
#6138=ORIENTED_EDGE('',*,*,#6137,.F.);
#6139=EDGE_LOOP('',(#6116,#6118,#6120,#6122,#6124,#6126,#6128,#6130,#6132,#6134,
#6136,#6138));
#6140=FACE_BOUND('',#6139,.F.);
#6142=ORIENTED_EDGE('',*,*,#6141,.T.);
#6144=ORIENTED_EDGE('',*,*,#6143,.T.);
#6146=ORIENTED_EDGE('',*,*,#6145,.T.);
#6148=ORIENTED_EDGE('',*,*,#6147,.T.);
#6150=ORIENTED_EDGE('',*,*,#6149,.T.);
#6152=ORIENTED_EDGE('',*,*,#6151,.T.);
#6154=ORIENTED_EDGE('',*,*,#6153,.T.);
#6156=ORIENTED_EDGE('',*,*,#6155,.T.);
#6158=ORIENTED_EDGE('',*,*,#6157,.T.);
#6160=ORIENTED_EDGE('',*,*,#6159,.T.);
#6162=ORIENTED_EDGE('',*,*,#6161,.T.);
#6164=ORIENTED_EDGE('',*,*,#6163,.T.);
#6165=EDGE_LOOP('',(#6142,#6144,#6146,#6148,#6150,#6152,#6154,#6156,#6158,#6160,
#6162,#6164));
#6166=FACE_BOUND('',#6165,.F.);
#6168=ORIENTED_EDGE('',*,*,#6167,.T.);
#6170=ORIENTED_EDGE('',*,*,#6169,.F.);
#6172=ORIENTED_EDGE('',*,*,#6171,.T.);
#6174=ORIENTED_EDGE('',*,*,#6173,.T.);
#6175=EDGE_LOOP('',(#6168,#6170,#6172,#6174));
#6176=FACE_BOUND('',#6175,.F.);
#6178=ORIENTED_EDGE('',*,*,#6177,.T.);
#6180=ORIENTED_EDGE('',*,*,#6179,.T.);
#6182=ORIENTED_EDGE('',*,*,#6181,.T.);
#6184=ORIENTED_EDGE('',*,*,#6183,.T.);
#6186=ORIENTED_EDGE('',*,*,#6185,.T.);
#6188=ORIENTED_EDGE('',*,*,#6187,.T.);
#6190=ORIENTED_EDGE('',*,*,#6189,.T.);
#6192=ORIENTED_EDGE('',*,*,#6191,.T.);
#6193=EDGE_LOOP('',(#6178,#6180,#6182,#6184,#6186,#6188,#6190,#6192));
#6194=FACE_BOUND('',#6193,.F.);
#6196=ORIENTED_EDGE('',*,*,#6195,.T.);
#6198=ORIENTED_EDGE('',*,*,#6197,.T.);
#6200=ORIENTED_EDGE('',*,*,#6199,.T.);
#6202=ORIENTED_EDGE('',*,*,#6201,.T.);
#6204=ORIENTED_EDGE('',*,*,#6203,.T.);
#6206=ORIENTED_EDGE('',*,*,#6205,.T.);
#6208=ORIENTED_EDGE('',*,*,#6207,.T.);
#6210=ORIENTED_EDGE('',*,*,#6209,.T.);
#6212=ORIENTED_EDGE('',*,*,#6211,.T.);
#6214=ORIENTED_EDGE('',*,*,#6213,.T.);
#6216=ORIENTED_EDGE('',*,*,#6215,.T.);
#6218=ORIENTED_EDGE('',*,*,#6217,.T.);
#6220=ORIENTED_EDGE('',*,*,#6219,.T.);
#6222=ORIENTED_EDGE('',*,*,#6221,.T.);
#6224=ORIENTED_EDGE('',*,*,#6223,.T.);
#6226=ORIENTED_EDGE('',*,*,#6225,.T.);
#6227=EDGE_LOOP('',(#6196,#6198,#6200,#6202,#6204,#6206,#6208,#6210,#6212,#6214,
#6216,#6218,#6220,#6222,#6224,#6226));
#6228=FACE_BOUND('',#6227,.F.);
#6230=FILL_AREA_STYLE_COLOUR('',#10);
#6231=FILL_AREA_STYLE('',(#6230));
#6232=SURFACE_STYLE_FILL_AREA(#6231);
#6233=SURFACE_SIDE_STYLE('',(#6232));
#6234=SURFACE_STYLE_USAGE(.POSITIVE.,#6233);
#6235=PRESENTATION_STYLE_ASSIGNMENT((#6234));
#6236=STYLED_ITEM('',(#6235),#6229);
#6237=CARTESIAN_POINT('',(4.15E0,-2.15E0,-1.525E0));
#6238=DIRECTION('',(1.E0,0.E0,0.E0));
#6239=DIRECTION('',(0.E0,1.E0,0.E0));
#6240=AXIS2_PLACEMENT_3D('',#6237,#6238,#6239);
#6241=PLANE('',#6240);
#6243=ORIENTED_EDGE('',*,*,#6242,.F.);
#6245=ORIENTED_EDGE('',*,*,#6244,.F.);
#6246=EDGE_LOOP('',(#6243,#6245));
#6247=FACE_OUTER_BOUND('',#6246,.F.);
#6249=FILL_AREA_STYLE_COLOUR('',#10);
#6250=FILL_AREA_STYLE('',(#6249));
#6251=SURFACE_STYLE_FILL_AREA(#6250);
#6252=SURFACE_SIDE_STYLE('',(#6251));
#6253=SURFACE_STYLE_USAGE(.POSITIVE.,#6252);
#6254=PRESENTATION_STYLE_ASSIGNMENT((#6253));
#6255=STYLED_ITEM('',(#6254),#6248);
#6256=CARTESIAN_POINT('',(4.15E0,-2.15E0,-1.525E0));
#6257=DIRECTION('',(1.E0,0.E0,0.E0));
#6258=DIRECTION('',(0.E0,1.E0,0.E0));
#6259=AXIS2_PLACEMENT_3D('',#6256,#6257,#6258);
#6260=PLANE('',#6259);
#6262=ORIENTED_EDGE('',*,*,#6261,.T.);
#6264=ORIENTED_EDGE('',*,*,#6263,.F.);
#6266=ORIENTED_EDGE('',*,*,#6265,.T.);
#6268=ORIENTED_EDGE('',*,*,#6267,.T.);
#6269=EDGE_LOOP('',(#6262,#6264,#6266,#6268));
#6270=FACE_OUTER_BOUND('',#6269,.F.);
#6272=FILL_AREA_STYLE_COLOUR('',#10);
#6273=FILL_AREA_STYLE('',(#6272));
#6274=SURFACE_STYLE_FILL_AREA(#6273);
#6275=SURFACE_SIDE_STYLE('',(#6274));
#6276=SURFACE_STYLE_USAGE(.POSITIVE.,#6275);
#6277=PRESENTATION_STYLE_ASSIGNMENT((#6276));
#6278=STYLED_ITEM('',(#6277),#6271);
#6279=CARTESIAN_POINT('',(4.15E0,-2.15E0,-1.525E0));
#6280=DIRECTION('',(1.E0,0.E0,0.E0));
#6281=DIRECTION('',(0.E0,1.E0,0.E0));
#6282=AXIS2_PLACEMENT_3D('',#6279,#6280,#6281);
#6283=PLANE('',#6282);
#6285=ORIENTED_EDGE('',*,*,#6284,.F.);
#6287=ORIENTED_EDGE('',*,*,#6286,.T.);
#6289=ORIENTED_EDGE('',*,*,#6288,.T.);
#6291=ORIENTED_EDGE('',*,*,#6290,.T.);
#6293=ORIENTED_EDGE('',*,*,#6292,.F.);
#6294=EDGE_LOOP('',(#6285,#6287,#6289,#6291,#6293));
#6295=FACE_OUTER_BOUND('',#6294,.F.);
#6297=FILL_AREA_STYLE_COLOUR('',#10);
#6298=FILL_AREA_STYLE('',(#6297));
#6299=SURFACE_STYLE_FILL_AREA(#6298);
#6300=SURFACE_SIDE_STYLE('',(#6299));
#6301=SURFACE_STYLE_USAGE(.POSITIVE.,#6300);
#6302=PRESENTATION_STYLE_ASSIGNMENT((#6301));
#6303=STYLED_ITEM('',(#6302),#6296);
#6304=CARTESIAN_POINT('',(4.15E0,-2.15E0,-1.525E0));
#6305=DIRECTION('',(1.E0,0.E0,0.E0));
#6306=DIRECTION('',(0.E0,1.E0,0.E0));
#6307=AXIS2_PLACEMENT_3D('',#6304,#6305,#6306);
#6308=PLANE('',#6307);
#6310=ORIENTED_EDGE('',*,*,#6309,.T.);
#6312=ORIENTED_EDGE('',*,*,#6311,.T.);
#6314=ORIENTED_EDGE('',*,*,#6313,.F.);
#6315=EDGE_LOOP('',(#6310,#6312,#6314));
#6316=FACE_OUTER_BOUND('',#6315,.F.);
#6318=FILL_AREA_STYLE_COLOUR('',#10);
#6319=FILL_AREA_STYLE('',(#6318));
#6320=SURFACE_STYLE_FILL_AREA(#6319);
#6321=SURFACE_SIDE_STYLE('',(#6320));
#6322=SURFACE_STYLE_USAGE(.POSITIVE.,#6321);
#6323=PRESENTATION_STYLE_ASSIGNMENT((#6322));
#6324=STYLED_ITEM('',(#6323),#6317);
#6325=CARTESIAN_POINT('',(4.15E0,-2.15E0,-1.525E0));
#6326=DIRECTION('',(1.E0,0.E0,0.E0));
#6327=DIRECTION('',(0.E0,1.E0,0.E0));
#6328=AXIS2_PLACEMENT_3D('',#6325,#6326,#6327);
#6329=PLANE('',#6328);
#6331=ORIENTED_EDGE('',*,*,#6330,.T.);
#6333=ORIENTED_EDGE('',*,*,#6332,.F.);
#6335=ORIENTED_EDGE('',*,*,#6334,.T.);
#6337=ORIENTED_EDGE('',*,*,#6336,.T.);
#6338=EDGE_LOOP('',(#6331,#6333,#6335,#6337));
#6339=FACE_OUTER_BOUND('',#6338,.F.);
#6341=FILL_AREA_STYLE_COLOUR('',#10);
#6342=FILL_AREA_STYLE('',(#6341));
#6343=SURFACE_STYLE_FILL_AREA(#6342);
#6344=SURFACE_SIDE_STYLE('',(#6343));
#6345=SURFACE_STYLE_USAGE(.POSITIVE.,#6344);
#6346=PRESENTATION_STYLE_ASSIGNMENT((#6345));
#6347=STYLED_ITEM('',(#6346),#6340);
#6348=CARTESIAN_POINT('',(4.15E0,-2.15E0,-1.525E0));
#6349=DIRECTION('',(1.E0,0.E0,0.E0));
#6350=DIRECTION('',(0.E0,1.E0,0.E0));
#6351=AXIS2_PLACEMENT_3D('',#6348,#6349,#6350);
#6352=PLANE('',#6351);
#6354=ORIENTED_EDGE('',*,*,#6353,.F.);
#6356=ORIENTED_EDGE('',*,*,#6355,.T.);
#6358=ORIENTED_EDGE('',*,*,#6357,.T.);
#6360=ORIENTED_EDGE('',*,*,#6359,.T.);
#6362=ORIENTED_EDGE('',*,*,#6361,.F.);
#6363=EDGE_LOOP('',(#6354,#6356,#6358,#6360,#6362));
#6364=FACE_OUTER_BOUND('',#6363,.F.);
#6366=FILL_AREA_STYLE_COLOUR('',#10);
#6367=FILL_AREA_STYLE('',(#6366));
#6368=SURFACE_STYLE_FILL_AREA(#6367);
#6369=SURFACE_SIDE_STYLE('',(#6368));
#6370=SURFACE_STYLE_USAGE(.POSITIVE.,#6369);
#6371=PRESENTATION_STYLE_ASSIGNMENT((#6370));
#6372=STYLED_ITEM('',(#6371),#6365);
#6373=CARTESIAN_POINT('',(-4.15E0,1.55E0,9.25E-1));
#6374=DIRECTION('',(0.E0,-1.E0,0.E0));
#6375=DIRECTION('',(0.E0,0.E0,1.E0));
#6376=AXIS2_PLACEMENT_3D('',#6373,#6374,#6375);
#6377=PLANE('',#6376);
#6379=ORIENTED_EDGE('',*,*,#6378,.F.);
#6381=ORIENTED_EDGE('',*,*,#6380,.T.);
#6383=ORIENTED_EDGE('',*,*,#6382,.F.);
#6385=ORIENTED_EDGE('',*,*,#6384,.F.);
#6387=ORIENTED_EDGE('',*,*,#6386,.F.);
#6389=ORIENTED_EDGE('',*,*,#6388,.T.);
#6391=ORIENTED_EDGE('',*,*,#6390,.F.);
#6393=ORIENTED_EDGE('',*,*,#6392,.F.);
#6395=ORIENTED_EDGE('',*,*,#6394,.F.);
#6397=ORIENTED_EDGE('',*,*,#6396,.T.);
#6399=ORIENTED_EDGE('',*,*,#6398,.F.);
#6401=ORIENTED_EDGE('',*,*,#6400,.F.);
#6403=ORIENTED_EDGE('',*,*,#6402,.F.);
#6405=ORIENTED_EDGE('',*,*,#6404,.T.);
#6407=ORIENTED_EDGE('',*,*,#6406,.F.);
#6409=ORIENTED_EDGE('',*,*,#6408,.F.);
#6411=ORIENTED_EDGE('',*,*,#6410,.F.);
#6413=ORIENTED_EDGE('',*,*,#6412,.T.);
#6415=ORIENTED_EDGE('',*,*,#6414,.F.);
#6417=ORIENTED_EDGE('',*,*,#6416,.F.);
#6419=ORIENTED_EDGE('',*,*,#6418,.F.);
#6421=ORIENTED_EDGE('',*,*,#6420,.T.);
#6423=ORIENTED_EDGE('',*,*,#6422,.F.);
#6425=ORIENTED_EDGE('',*,*,#6424,.F.);
#6427=ORIENTED_EDGE('',*,*,#6426,.T.);
#6429=ORIENTED_EDGE('',*,*,#6428,.T.);
#6431=ORIENTED_EDGE('',*,*,#6430,.F.);
#6433=ORIENTED_EDGE('',*,*,#6432,.F.);
#6434=EDGE_LOOP('',(#6379,#6381,#6383,#6385,#6387,#6389,#6391,#6393,#6395,#6397,
#6399,#6401,#6403,#6405,#6407,#6409,#6411,#6413,#6415,#6417,#6419,#6421,#6423,
#6425,#6427,#6429,#6431,#6433));
#6435=FACE_OUTER_BOUND('',#6434,.F.);
#6437=FILL_AREA_STYLE_COLOUR('',#10);
#6438=FILL_AREA_STYLE('',(#6437));
#6439=SURFACE_STYLE_FILL_AREA(#6438);
#6440=SURFACE_SIDE_STYLE('',(#6439));
#6441=SURFACE_STYLE_USAGE(.POSITIVE.,#6440);
#6442=PRESENTATION_STYLE_ASSIGNMENT((#6441));
#6443=STYLED_ITEM('',(#6442),#6436);
#6444=CARTESIAN_POINT('',(-4.15E0,1.55E0,9.25E-1));
#6445=DIRECTION('',(0.E0,-1.E0,0.E0));
#6446=DIRECTION('',(0.E0,0.E0,1.E0));
#6447=AXIS2_PLACEMENT_3D('',#6444,#6445,#6446);
#6448=PLANE('',#6447);
#6450=ORIENTED_EDGE('',*,*,#6449,.F.);
#6452=ORIENTED_EDGE('',*,*,#6451,.F.);
#6454=ORIENTED_EDGE('',*,*,#6453,.T.);
#6456=ORIENTED_EDGE('',*,*,#6455,.F.);
#6458=ORIENTED_EDGE('',*,*,#6457,.F.);
#6460=ORIENTED_EDGE('',*,*,#6459,.F.);
#6462=ORIENTED_EDGE('',*,*,#6461,.T.);
#6464=ORIENTED_EDGE('',*,*,#6463,.F.);
#6466=ORIENTED_EDGE('',*,*,#6465,.F.);
#6468=ORIENTED_EDGE('',*,*,#6467,.F.);
#6469=ORIENTED_EDGE('',*,*,#5974,.T.);
#6471=ORIENTED_EDGE('',*,*,#6470,.F.);
#6473=ORIENTED_EDGE('',*,*,#6472,.T.);
#6475=ORIENTED_EDGE('',*,*,#6474,.F.);
#6477=ORIENTED_EDGE('',*,*,#6476,.T.);
#6479=ORIENTED_EDGE('',*,*,#6478,.T.);
#6481=ORIENTED_EDGE('',*,*,#6480,.F.);
#6483=ORIENTED_EDGE('',*,*,#6482,.T.);
#6485=ORIENTED_EDGE('',*,*,#6484,.T.);
#6487=ORIENTED_EDGE('',*,*,#6486,.T.);
#6489=ORIENTED_EDGE('',*,*,#6488,.T.);
#6491=ORIENTED_EDGE('',*,*,#6490,.T.);
#6493=ORIENTED_EDGE('',*,*,#6492,.F.);
#6495=ORIENTED_EDGE('',*,*,#6494,.F.);
#6497=ORIENTED_EDGE('',*,*,#6496,.T.);
#6499=ORIENTED_EDGE('',*,*,#6498,.T.);
#6501=ORIENTED_EDGE('',*,*,#6500,.F.);
#6503=ORIENTED_EDGE('',*,*,#6502,.F.);
#6505=ORIENTED_EDGE('',*,*,#6504,.T.);
#6507=ORIENTED_EDGE('',*,*,#6506,.T.);
#6509=ORIENTED_EDGE('',*,*,#6508,.F.);
#6511=ORIENTED_EDGE('',*,*,#6510,.F.);
#6513=ORIENTED_EDGE('',*,*,#6512,.T.);
#6515=ORIENTED_EDGE('',*,*,#6514,.T.);
#6517=ORIENTED_EDGE('',*,*,#6516,.F.);
#6519=ORIENTED_EDGE('',*,*,#6518,.F.);
#6521=ORIENTED_EDGE('',*,*,#6520,.T.);
#6523=ORIENTED_EDGE('',*,*,#6522,.T.);
#6525=ORIENTED_EDGE('',*,*,#6524,.F.);
#6527=ORIENTED_EDGE('',*,*,#6526,.F.);
#6529=ORIENTED_EDGE('',*,*,#6528,.T.);
#6531=ORIENTED_EDGE('',*,*,#6530,.T.);
#6532=EDGE_LOOP('',(#6450,#6452,#6454,#6456,#6458,#6460,#6462,#6464,#6466,#6468,
#6469,#6471,#6473,#6475,#6477,#6479,#6481,#6483,#6485,#6487,#6489,#6491,#6493,
#6495,#6497,#6499,#6501,#6503,#6505,#6507,#6509,#6511,#6513,#6515,#6517,#6519,
#6521,#6523,#6525,#6527,#6529,#6531));
#6533=FACE_OUTER_BOUND('',#6532,.F.);
#6535=ORIENTED_EDGE('',*,*,#6534,.F.);
#6537=ORIENTED_EDGE('',*,*,#6536,.T.);
#6539=ORIENTED_EDGE('',*,*,#6538,.T.);
#6541=ORIENTED_EDGE('',*,*,#6540,.F.);
#6542=EDGE_LOOP('',(#6535,#6537,#6539,#6541));
#6543=FACE_BOUND('',#6542,.F.);
#6545=ORIENTED_EDGE('',*,*,#6544,.F.);
#6547=ORIENTED_EDGE('',*,*,#6546,.T.);
#6549=ORIENTED_EDGE('',*,*,#6548,.T.);
#6551=ORIENTED_EDGE('',*,*,#6550,.F.);
#6552=EDGE_LOOP('',(#6545,#6547,#6549,#6551));
#6553=FACE_BOUND('',#6552,.F.);
#6555=ORIENTED_EDGE('',*,*,#6554,.F.);
#6557=ORIENTED_EDGE('',*,*,#6556,.T.);
#6559=ORIENTED_EDGE('',*,*,#6558,.T.);
#6561=ORIENTED_EDGE('',*,*,#6560,.F.);
#6562=EDGE_LOOP('',(#6555,#6557,#6559,#6561));
#6563=FACE_BOUND('',#6562,.F.);
#6565=ORIENTED_EDGE('',*,*,#6564,.F.);
#6567=ORIENTED_EDGE('',*,*,#6566,.T.);
#6569=ORIENTED_EDGE('',*,*,#6568,.T.);
#6571=ORIENTED_EDGE('',*,*,#6570,.F.);
#6572=EDGE_LOOP('',(#6565,#6567,#6569,#6571));
#6573=FACE_BOUND('',#6572,.F.);
#6575=ORIENTED_EDGE('',*,*,#6574,.F.);
#6577=ORIENTED_EDGE('',*,*,#6576,.T.);
#6579=ORIENTED_EDGE('',*,*,#6578,.T.);
#6581=ORIENTED_EDGE('',*,*,#6580,.F.);
#6582=EDGE_LOOP('',(#6575,#6577,#6579,#6581));
#6583=FACE_BOUND('',#6582,.F.);
#6585=ORIENTED_EDGE('',*,*,#6584,.F.);
#6587=ORIENTED_EDGE('',*,*,#6586,.T.);
#6589=ORIENTED_EDGE('',*,*,#6588,.T.);
#6591=ORIENTED_EDGE('',*,*,#6590,.F.);
#6592=EDGE_LOOP('',(#6585,#6587,#6589,#6591));
#6593=FACE_BOUND('',#6592,.F.);
#6595=FILL_AREA_STYLE_COLOUR('',#10);
#6596=FILL_AREA_STYLE('',(#6595));
#6597=SURFACE_STYLE_FILL_AREA(#6596);
#6598=SURFACE_SIDE_STYLE('',(#6597));
#6599=SURFACE_STYLE_USAGE(.POSITIVE.,#6598);
#6600=PRESENTATION_STYLE_ASSIGNMENT((#6599));
#6601=STYLED_ITEM('',(#6600),#6594);
#6602=CARTESIAN_POINT('',(-3.3E0,-2.15E0,-1.025E0));
#6603=DIRECTION('',(0.E0,0.E0,-1.E0));
#6604=DIRECTION('',(1.E0,0.E0,0.E0));
#6605=AXIS2_PLACEMENT_3D('',#6602,#6603,#6604);
#6606=PLANE('',#6605);
#6608=ORIENTED_EDGE('',*,*,#6607,.T.);
#6610=ORIENTED_EDGE('',*,*,#6609,.T.);
#6611=ORIENTED_EDGE('',*,*,#6378,.T.);
#6613=ORIENTED_EDGE('',*,*,#6612,.F.);
#6615=ORIENTED_EDGE('',*,*,#6614,.T.);
#6617=ORIENTED_EDGE('',*,*,#6616,.F.);
#6619=ORIENTED_EDGE('',*,*,#6618,.T.);
#6621=ORIENTED_EDGE('',*,*,#6620,.T.);
#6623=ORIENTED_EDGE('',*,*,#6622,.T.);
#6625=ORIENTED_EDGE('',*,*,#6624,.T.);
#6626=ORIENTED_EDGE('',*,*,#6418,.T.);
#6628=ORIENTED_EDGE('',*,*,#6627,.F.);
#6630=ORIENTED_EDGE('',*,*,#6629,.T.);
#6632=ORIENTED_EDGE('',*,*,#6631,.T.);
#6633=ORIENTED_EDGE('',*,*,#6410,.T.);
#6635=ORIENTED_EDGE('',*,*,#6634,.F.);
#6637=ORIENTED_EDGE('',*,*,#6636,.T.);
#6639=ORIENTED_EDGE('',*,*,#6638,.T.);
#6640=ORIENTED_EDGE('',*,*,#6402,.T.);
#6642=ORIENTED_EDGE('',*,*,#6641,.F.);
#6644=ORIENTED_EDGE('',*,*,#6643,.T.);
#6646=ORIENTED_EDGE('',*,*,#6645,.T.);
#6647=ORIENTED_EDGE('',*,*,#6394,.T.);
#6649=ORIENTED_EDGE('',*,*,#6648,.F.);
#6651=ORIENTED_EDGE('',*,*,#6650,.T.);
#6653=ORIENTED_EDGE('',*,*,#6652,.T.);
#6654=ORIENTED_EDGE('',*,*,#6386,.T.);
#6656=ORIENTED_EDGE('',*,*,#6655,.F.);
#6657=EDGE_LOOP('',(#6608,#6610,#6611,#6613,#6615,#6617,#6619,#6621,#6623,#6625,
#6626,#6628,#6630,#6632,#6633,#6635,#6637,#6639,#6640,#6642,#6644,#6646,#6647,
#6649,#6651,#6653,#6654,#6656));
#6658=FACE_OUTER_BOUND('',#6657,.F.);
#6660=FILL_AREA_STYLE_COLOUR('',#10);
#6661=FILL_AREA_STYLE('',(#6660));
#6662=SURFACE_STYLE_FILL_AREA(#6661);
#6663=SURFACE_SIDE_STYLE('',(#6662));
#6664=SURFACE_STYLE_USAGE(.POSITIVE.,#6663);
#6665=PRESENTATION_STYLE_ASSIGNMENT((#6664));
#6666=STYLED_ITEM('',(#6665),#6659);
#6667=CARTESIAN_POINT('',(0.E0,8.5E-1,-1.525E0));
#6668=DIRECTION('',(0.E0,-1.E0,0.E0));
#6669=DIRECTION('',(1.E0,0.E0,0.E0));
#6670=AXIS2_PLACEMENT_3D('',#6667,#6668,#6669);
#6671=PLANE('',#6670);
#6673=ORIENTED_EDGE('',*,*,#6672,.T.);
#6675=ORIENTED_EDGE('',*,*,#6674,.T.);
#6677=ORIENTED_EDGE('',*,*,#6676,.F.);
#6678=ORIENTED_EDGE('',*,*,#6607,.F.);
#6680=ORIENTED_EDGE('',*,*,#6679,.T.);
#6682=ORIENTED_EDGE('',*,*,#6681,.T.);
#6684=ORIENTED_EDGE('',*,*,#6683,.F.);
#6685=ORIENTED_EDGE('',*,*,#6650,.F.);
#6687=ORIENTED_EDGE('',*,*,#6686,.T.);
#6689=ORIENTED_EDGE('',*,*,#6688,.T.);
#6691=ORIENTED_EDGE('',*,*,#6690,.F.);
#6692=ORIENTED_EDGE('',*,*,#6643,.F.);
#6694=ORIENTED_EDGE('',*,*,#6693,.T.);
#6696=ORIENTED_EDGE('',*,*,#6695,.T.);
#6698=ORIENTED_EDGE('',*,*,#6697,.F.);
#6699=ORIENTED_EDGE('',*,*,#6636,.F.);
#6701=ORIENTED_EDGE('',*,*,#6700,.T.);
#6703=ORIENTED_EDGE('',*,*,#6702,.T.);
#6705=ORIENTED_EDGE('',*,*,#6704,.F.);
#6706=ORIENTED_EDGE('',*,*,#6629,.F.);
#6708=ORIENTED_EDGE('',*,*,#6707,.T.);
#6710=ORIENTED_EDGE('',*,*,#6709,.T.);
#6712=ORIENTED_EDGE('',*,*,#6711,.F.);
#6713=ORIENTED_EDGE('',*,*,#6622,.F.);
#6715=ORIENTED_EDGE('',*,*,#6714,.F.);
#6717=ORIENTED_EDGE('',*,*,#6716,.F.);
#6719=ORIENTED_EDGE('',*,*,#6718,.F.);
#6720=ORIENTED_EDGE('',*,*,#6614,.F.);
#6721=EDGE_LOOP('',(#6673,#6675,#6677,#6678,#6680,#6682,#6684,#6685,#6687,#6689,
#6691,#6692,#6694,#6696,#6698,#6699,#6701,#6703,#6705,#6706,#6708,#6710,#6712,
#6713,#6715,#6717,#6719,#6720));
#6722=FACE_OUTER_BOUND('',#6721,.F.);
#6724=ORIENTED_EDGE('',*,*,#6723,.T.);
#6726=ORIENTED_EDGE('',*,*,#6725,.T.);
#6728=ORIENTED_EDGE('',*,*,#6727,.F.);
#6730=ORIENTED_EDGE('',*,*,#6729,.F.);
#6731=EDGE_LOOP('',(#6724,#6726,#6728,#6730));
#6732=FACE_BOUND('',#6731,.F.);
#6734=ORIENTED_EDGE('',*,*,#6733,.T.);
#6736=ORIENTED_EDGE('',*,*,#6735,.T.);
#6738=ORIENTED_EDGE('',*,*,#6737,.F.);
#6740=ORIENTED_EDGE('',*,*,#6739,.F.);
#6741=EDGE_LOOP('',(#6734,#6736,#6738,#6740));
#6742=FACE_BOUND('',#6741,.F.);
#6744=ORIENTED_EDGE('',*,*,#6743,.T.);
#6746=ORIENTED_EDGE('',*,*,#6745,.T.);
#6748=ORIENTED_EDGE('',*,*,#6747,.F.);
#6750=ORIENTED_EDGE('',*,*,#6749,.F.);
#6751=EDGE_LOOP('',(#6744,#6746,#6748,#6750));
#6752=FACE_BOUND('',#6751,.F.);
#6754=ORIENTED_EDGE('',*,*,#6753,.T.);
#6756=ORIENTED_EDGE('',*,*,#6755,.T.);
#6758=ORIENTED_EDGE('',*,*,#6757,.F.);
#6760=ORIENTED_EDGE('',*,*,#6759,.F.);
#6761=EDGE_LOOP('',(#6754,#6756,#6758,#6760));
#6762=FACE_BOUND('',#6761,.F.);
#6764=ORIENTED_EDGE('',*,*,#6763,.T.);
#6766=ORIENTED_EDGE('',*,*,#6765,.T.);
#6768=ORIENTED_EDGE('',*,*,#6767,.F.);
#6770=ORIENTED_EDGE('',*,*,#6769,.F.);
#6771=EDGE_LOOP('',(#6764,#6766,#6768,#6770));
#6772=FACE_BOUND('',#6771,.F.);
#6774=ORIENTED_EDGE('',*,*,#6773,.T.);
#6776=ORIENTED_EDGE('',*,*,#6775,.T.);
#6778=ORIENTED_EDGE('',*,*,#6777,.F.);
#6780=ORIENTED_EDGE('',*,*,#6779,.F.);
#6781=EDGE_LOOP('',(#6774,#6776,#6778,#6780));
#6782=FACE_BOUND('',#6781,.F.);
#6784=FILL_AREA_STYLE_COLOUR('',#10);
#6785=FILL_AREA_STYLE('',(#6784));
#6786=SURFACE_STYLE_FILL_AREA(#6785);
#6787=SURFACE_SIDE_STYLE('',(#6786));
#6788=SURFACE_STYLE_USAGE(.POSITIVE.,#6787);
#6789=PRESENTATION_STYLE_ASSIGNMENT((#6788));
#6790=STYLED_ITEM('',(#6789),#6783);
#6791=CARTESIAN_POINT('',(2.63E0,1.55E0,9.25E-1));
#6792=DIRECTION('',(1.E0,0.E0,0.E0));
#6793=DIRECTION('',(0.E0,1.E0,0.E0));
#6794=AXIS2_PLACEMENT_3D('',#6791,#6792,#6793);
#6795=PLANE('',#6794);
#6796=ORIENTED_EDGE('',*,*,#6451,.T.);
#6798=ORIENTED_EDGE('',*,*,#6797,.F.);
#6799=ORIENTED_EDGE('',*,*,#6672,.F.);
#6800=ORIENTED_EDGE('',*,*,#6612,.T.);
#6801=ORIENTED_EDGE('',*,*,#6432,.T.);
#6803=ORIENTED_EDGE('',*,*,#6802,.T.);
#6805=ORIENTED_EDGE('',*,*,#6804,.T.);
#6807=ORIENTED_EDGE('',*,*,#6806,.T.);
#6808=EDGE_LOOP('',(#6796,#6798,#6799,#6800,#6801,#6803,#6805,#6807));
#6809=FACE_OUTER_BOUND('',#6808,.F.);
#6811=FILL_AREA_STYLE_COLOUR('',#10);
#6812=FILL_AREA_STYLE('',(#6811));
#6813=SURFACE_STYLE_FILL_AREA(#6812);
#6814=SURFACE_SIDE_STYLE('',(#6813));
#6815=SURFACE_STYLE_USAGE(.POSITIVE.,#6814);
#6816=PRESENTATION_STYLE_ASSIGNMENT((#6815));
#6817=STYLED_ITEM('',(#6816),#6810);
#6818=CARTESIAN_POINT('',(2.63E0,8.5E-1,-4.25E-1));
#6819=DIRECTION('',(0.E0,0.E0,1.E0));
#6820=DIRECTION('',(-1.E0,0.E0,0.E0));
#6821=AXIS2_PLACEMENT_3D('',#6818,#6819,#6820);
#6822=PLANE('',#6821);
#6823=ORIENTED_EDGE('',*,*,#6797,.T.);
#6824=ORIENTED_EDGE('',*,*,#6449,.T.);
#6826=ORIENTED_EDGE('',*,*,#6825,.F.);
#6827=ORIENTED_EDGE('',*,*,#6674,.F.);
#6828=EDGE_LOOP('',(#6823,#6824,#6826,#6827));
#6829=FACE_OUTER_BOUND('',#6828,.F.);
#6831=FILL_AREA_STYLE_COLOUR('',#10);
#6832=FILL_AREA_STYLE('',(#6831));
#6833=SURFACE_STYLE_FILL_AREA(#6832);
#6834=SURFACE_SIDE_STYLE('',(#6833));
#6835=SURFACE_STYLE_USAGE(.POSITIVE.,#6834);
#6836=PRESENTATION_STYLE_ASSIGNMENT((#6835));
#6837=STYLED_ITEM('',(#6836),#6830);
#6838=CARTESIAN_POINT('',(2.37E0,2.15E0,9.25E-1));
#6839=DIRECTION('',(-1.E0,0.E0,0.E0));
#6840=DIRECTION('',(0.E0,-1.E0,0.E0));
#6841=AXIS2_PLACEMENT_3D('',#6838,#6839,#6840);
#6842=PLANE('',#6841);
#6843=ORIENTED_EDGE('',*,*,#6380,.F.);
#6844=ORIENTED_EDGE('',*,*,#6609,.F.);
#6845=ORIENTED_EDGE('',*,*,#6676,.T.);
#6846=ORIENTED_EDGE('',*,*,#6825,.T.);
#6847=ORIENTED_EDGE('',*,*,#6530,.F.);
#6849=ORIENTED_EDGE('',*,*,#6848,.F.);
#6851=ORIENTED_EDGE('',*,*,#6850,.T.);
#6853=ORIENTED_EDGE('',*,*,#6852,.F.);
#6854=EDGE_LOOP('',(#6843,#6844,#6845,#6846,#6847,#6849,#6851,#6853));
#6855=FACE_OUTER_BOUND('',#6854,.F.);
#6857=FILL_AREA_STYLE_COLOUR('',#10);
#6858=FILL_AREA_STYLE('',(#6857));
#6859=SURFACE_STYLE_FILL_AREA(#6858);
#6860=SURFACE_SIDE_STYLE('',(#6859));
#6861=SURFACE_STYLE_USAGE(.POSITIVE.,#6860);
#6862=PRESENTATION_STYLE_ASSIGNMENT((#6861));
#6863=STYLED_ITEM('',(#6862),#6856);
#6864=CARTESIAN_POINT('',(-4.15E0,2.15E0,9.25E-1));
#6865=DIRECTION('',(0.E0,0.E0,-1.E0));
#6866=DIRECTION('',(0.E0,-1.E0,0.E0));
#6867=AXIS2_PLACEMENT_3D('',#6864,#6865,#6866);
#6868=PLANE('',#6867);
#6870=ORIENTED_EDGE('',*,*,#6869,.F.);
#6872=ORIENTED_EDGE('',*,*,#6871,.T.);
#6873=ORIENTED_EDGE('',*,*,#6488,.F.);
#6875=ORIENTED_EDGE('',*,*,#6874,.F.);
#6877=ORIENTED_EDGE('',*,*,#6876,.F.);
#6878=EDGE_LOOP('',(#6870,#6872,#6873,#6875,#6877));
#6879=FACE_OUTER_BOUND('',#6878,.F.);
#6881=FILL_AREA_STYLE_COLOUR('',#10);
#6882=FILL_AREA_STYLE('',(#6881));
#6883=SURFACE_STYLE_FILL_AREA(#6882);
#6884=SURFACE_SIDE_STYLE('',(#6883));
#6885=SURFACE_STYLE_USAGE(.POSITIVE.,#6884);
#6886=PRESENTATION_STYLE_ASSIGNMENT((#6885));
#6887=STYLED_ITEM('',(#6886),#6880);
#6888=CARTESIAN_POINT('',(-4.15E0,2.15E0,9.25E-1));
#6889=DIRECTION('',(0.E0,0.E0,-1.E0));
#6890=DIRECTION('',(0.E0,-1.E0,0.E0));
#6891=AXIS2_PLACEMENT_3D('',#6888,#6889,#6890);
#6892=PLANE('',#6891);
#6894=ORIENTED_EDGE('',*,*,#6893,.F.);
#6896=ORIENTED_EDGE('',*,*,#6895,.T.);
#6897=ORIENTED_EDGE('',*,*,#6496,.F.);
#6899=ORIENTED_EDGE('',*,*,#6898,.F.);
#6901=ORIENTED_EDGE('',*,*,#6900,.F.);
#6903=ORIENTED_EDGE('',*,*,#6902,.F.);
#6904=EDGE_LOOP('',(#6894,#6896,#6897,#6899,#6901,#6903));
#6905=FACE_OUTER_BOUND('',#6904,.F.);
#6907=FILL_AREA_STYLE_COLOUR('',#10);
#6908=FILL_AREA_STYLE('',(#6907));
#6909=SURFACE_STYLE_FILL_AREA(#6908);
#6910=SURFACE_SIDE_STYLE('',(#6909));
#6911=SURFACE_STYLE_USAGE(.POSITIVE.,#6910);
#6912=PRESENTATION_STYLE_ASSIGNMENT((#6911));
#6913=STYLED_ITEM('',(#6912),#6906);
#6914=CARTESIAN_POINT('',(-4.15E0,2.15E0,9.25E-1));
#6915=DIRECTION('',(0.E0,0.E0,-1.E0));
#6916=DIRECTION('',(0.E0,-1.E0,0.E0));
#6917=AXIS2_PLACEMENT_3D('',#6914,#6915,#6916);
#6918=PLANE('',#6917);
#6920=ORIENTED_EDGE('',*,*,#6919,.F.);
#6922=ORIENTED_EDGE('',*,*,#6921,.T.);
#6923=ORIENTED_EDGE('',*,*,#6504,.F.);
#6925=ORIENTED_EDGE('',*,*,#6924,.F.);
#6927=ORIENTED_EDGE('',*,*,#6926,.F.);
#6929=ORIENTED_EDGE('',*,*,#6928,.F.);
#6930=EDGE_LOOP('',(#6920,#6922,#6923,#6925,#6927,#6929));
#6931=FACE_OUTER_BOUND('',#6930,.F.);
#6933=FILL_AREA_STYLE_COLOUR('',#10);
#6934=FILL_AREA_STYLE('',(#6933));
#6935=SURFACE_STYLE_FILL_AREA(#6934);
#6936=SURFACE_SIDE_STYLE('',(#6935));
#6937=SURFACE_STYLE_USAGE(.POSITIVE.,#6936);
#6938=PRESENTATION_STYLE_ASSIGNMENT((#6937));
#6939=STYLED_ITEM('',(#6938),#6932);
#6940=CARTESIAN_POINT('',(-4.15E0,2.15E0,9.25E-1));
#6941=DIRECTION('',(0.E0,0.E0,-1.E0));
#6942=DIRECTION('',(0.E0,-1.E0,0.E0));
#6943=AXIS2_PLACEMENT_3D('',#6940,#6941,#6942);
#6944=PLANE('',#6943);
#6946=ORIENTED_EDGE('',*,*,#6945,.F.);
#6948=ORIENTED_EDGE('',*,*,#6947,.T.);
#6949=ORIENTED_EDGE('',*,*,#6512,.F.);
#6951=ORIENTED_EDGE('',*,*,#6950,.F.);
#6953=ORIENTED_EDGE('',*,*,#6952,.F.);
#6955=ORIENTED_EDGE('',*,*,#6954,.F.);
#6956=EDGE_LOOP('',(#6946,#6948,#6949,#6951,#6953,#6955));
#6957=FACE_OUTER_BOUND('',#6956,.F.);
#6959=FILL_AREA_STYLE_COLOUR('',#10);
#6960=FILL_AREA_STYLE('',(#6959));
#6961=SURFACE_STYLE_FILL_AREA(#6960);
#6962=SURFACE_SIDE_STYLE('',(#6961));
#6963=SURFACE_STYLE_USAGE(.POSITIVE.,#6962);
#6964=PRESENTATION_STYLE_ASSIGNMENT((#6963));
#6965=STYLED_ITEM('',(#6964),#6958);
#6966=CARTESIAN_POINT('',(-4.15E0,2.15E0,9.25E-1));
#6967=DIRECTION('',(0.E0,0.E0,-1.E0));
#6968=DIRECTION('',(0.E0,-1.E0,0.E0));
#6969=AXIS2_PLACEMENT_3D('',#6966,#6967,#6968);
#6970=PLANE('',#6969);
#6972=ORIENTED_EDGE('',*,*,#6971,.F.);
#6974=ORIENTED_EDGE('',*,*,#6973,.T.);
#6975=ORIENTED_EDGE('',*,*,#6520,.F.);
#6977=ORIENTED_EDGE('',*,*,#6976,.F.);
#6979=ORIENTED_EDGE('',*,*,#6978,.F.);
#6981=ORIENTED_EDGE('',*,*,#6980,.F.);
#6982=EDGE_LOOP('',(#6972,#6974,#6975,#6977,#6979,#6981));
#6983=FACE_OUTER_BOUND('',#6982,.F.);
#6985=FILL_AREA_STYLE_COLOUR('',#10);
#6986=FILL_AREA_STYLE('',(#6985));
#6987=SURFACE_STYLE_FILL_AREA(#6986);
#6988=SURFACE_SIDE_STYLE('',(#6987));
#6989=SURFACE_STYLE_USAGE(.POSITIVE.,#6988);
#6990=PRESENTATION_STYLE_ASSIGNMENT((#6989));
#6991=STYLED_ITEM('',(#6990),#6984);
#6992=CARTESIAN_POINT('',(-4.15E0,2.15E0,9.25E-1));
#6993=DIRECTION('',(0.E0,0.E0,-1.E0));
#6994=DIRECTION('',(0.E0,-1.E0,0.E0));
#6995=AXIS2_PLACEMENT_3D('',#6992,#6993,#6994);
#6996=PLANE('',#6995);
#6998=ORIENTED_EDGE('',*,*,#6997,.F.);
#7000=ORIENTED_EDGE('',*,*,#6999,.F.);
#7002=ORIENTED_EDGE('',*,*,#7001,.T.);
#7003=ORIENTED_EDGE('',*,*,#6453,.F.);
#7004=ORIENTED_EDGE('',*,*,#6806,.F.);
#7005=EDGE_LOOP('',(#6998,#7000,#7002,#7003,#7004));
#7006=FACE_OUTER_BOUND('',#7005,.F.);
#7008=FILL_AREA_STYLE_COLOUR('',#10);
#7009=FILL_AREA_STYLE('',(#7008));
#7010=SURFACE_STYLE_FILL_AREA(#7009);
#7011=SURFACE_SIDE_STYLE('',(#7010));
#7012=SURFACE_STYLE_USAGE(.POSITIVE.,#7011);
#7013=PRESENTATION_STYLE_ASSIGNMENT((#7012));
#7014=STYLED_ITEM('',(#7013),#7007);
#7015=CARTESIAN_POINT('',(-4.15E0,2.15E0,9.25E-1));
#7016=DIRECTION('',(0.E0,0.E0,-1.E0));
#7017=DIRECTION('',(0.E0,-1.E0,0.E0));
#7018=AXIS2_PLACEMENT_3D('',#7015,#7016,#7017);
#7019=PLANE('',#7018);
#7021=ORIENTED_EDGE('',*,*,#7020,.F.);
#7022=ORIENTED_EDGE('',*,*,#6848,.T.);
#7023=ORIENTED_EDGE('',*,*,#6528,.F.);
#7025=ORIENTED_EDGE('',*,*,#7024,.F.);
#7027=ORIENTED_EDGE('',*,*,#7026,.F.);
#7029=ORIENTED_EDGE('',*,*,#7028,.F.);
#7030=EDGE_LOOP('',(#7021,#7022,#7023,#7025,#7027,#7029));
#7031=FACE_OUTER_BOUND('',#7030,.F.);
#7033=FILL_AREA_STYLE_COLOUR('',#10);
#7034=FILL_AREA_STYLE('',(#7033));
#7035=SURFACE_STYLE_FILL_AREA(#7034);
#7036=SURFACE_SIDE_STYLE('',(#7035));
#7037=SURFACE_STYLE_USAGE(.POSITIVE.,#7036);
#7038=PRESENTATION_STYLE_ASSIGNMENT((#7037));
#7039=STYLED_ITEM('',(#7038),#7032);
#7040=CARTESIAN_POINT('',(-2.73E0,2.05E0,-2.25E-1));
#7041=DIRECTION('',(7.071067811865E-1,7.071067811865E-1,0.E0));
#7042=DIRECTION('',(7.071067811865E-1,-7.071067811865E-1,0.E0));
#7043=AXIS2_PLACEMENT_3D('',#7040,#7041,#7042);
#7044=PLANE('',#7043);
#7046=ORIENTED_EDGE('',*,*,#7045,.T.);
#7048=ORIENTED_EDGE('',*,*,#7047,.F.);
#7049=ORIENTED_EDGE('',*,*,#6869,.T.);
#7051=ORIENTED_EDGE('',*,*,#7050,.T.);
#7052=EDGE_LOOP('',(#7046,#7048,#7049,#7051));
#7053=FACE_OUTER_BOUND('',#7052,.F.);
#7055=FILL_AREA_STYLE_COLOUR('',#10);
#7056=FILL_AREA_STYLE('',(#7055));
#7057=SURFACE_STYLE_FILL_AREA(#7056);
#7058=SURFACE_SIDE_STYLE('',(#7057));
#7059=SURFACE_STYLE_USAGE(.POSITIVE.,#7058);
#7060=PRESENTATION_STYLE_ASSIGNMENT((#7059));
#7061=STYLED_ITEM('',(#7060),#7054);
#7062=CARTESIAN_POINT('',(-4.15E0,1.55E0,-1.375E0));
#7063=DIRECTION('',(0.E0,0.E0,1.E0));
#7064=DIRECTION('',(0.E0,1.E0,0.E0));
#7065=AXIS2_PLACEMENT_3D('',#7062,#7063,#7064);
#7066=PLANE('',#7065);
#7067=ORIENTED_EDGE('',*,*,#7045,.F.);
#7069=ORIENTED_EDGE('',*,*,#7068,.T.);
#7071=ORIENTED_EDGE('',*,*,#7070,.T.);
#7072=ORIENTED_EDGE('',*,*,#6422,.T.);
#7074=ORIENTED_EDGE('',*,*,#7073,.T.);
#7075=EDGE_LOOP('',(#7067,#7069,#7071,#7072,#7074));
#7076=FACE_OUTER_BOUND('',#7075,.F.);
#7078=FILL_AREA_STYLE_COLOUR('',#10);
#7079=FILL_AREA_STYLE('',(#7078));
#7080=SURFACE_STYLE_FILL_AREA(#7079);
#7081=SURFACE_SIDE_STYLE('',(#7080));
#7082=SURFACE_STYLE_USAGE(.POSITIVE.,#7081);
#7083=PRESENTATION_STYLE_ASSIGNMENT((#7082));
#7084=STYLED_ITEM('',(#7083),#7077);
#7085=CARTESIAN_POINT('',(-4.15E0,1.55E0,-1.375E0));
#7086=DIRECTION('',(0.E0,0.E0,1.E0));
#7087=DIRECTION('',(0.E0,1.E0,0.E0));
#7088=AXIS2_PLACEMENT_3D('',#7085,#7086,#7087);
#7089=PLANE('',#7088);
#7091=ORIENTED_EDGE('',*,*,#7090,.F.);
#7093=ORIENTED_EDGE('',*,*,#7092,.T.);
#7095=ORIENTED_EDGE('',*,*,#7094,.F.);
#7097=ORIENTED_EDGE('',*,*,#7096,.F.);
#7098=ORIENTED_EDGE('',*,*,#6414,.T.);
#7100=ORIENTED_EDGE('',*,*,#7099,.T.);
#7101=EDGE_LOOP('',(#7091,#7093,#7095,#7097,#7098,#7100));
#7102=FACE_OUTER_BOUND('',#7101,.F.);
#7104=FILL_AREA_STYLE_COLOUR('',#10);
#7105=FILL_AREA_STYLE('',(#7104));
#7106=SURFACE_STYLE_FILL_AREA(#7105);
#7107=SURFACE_SIDE_STYLE('',(#7106));
#7108=SURFACE_STYLE_USAGE(.POSITIVE.,#7107);
#7109=PRESENTATION_STYLE_ASSIGNMENT((#7108));
#7110=STYLED_ITEM('',(#7109),#7103);
#7111=CARTESIAN_POINT('',(-4.15E0,1.55E0,-1.375E0));
#7112=DIRECTION('',(0.E0,0.E0,1.E0));
#7113=DIRECTION('',(0.E0,1.E0,0.E0));
#7114=AXIS2_PLACEMENT_3D('',#7111,#7112,#7113);
#7115=PLANE('',#7114);
#7117=ORIENTED_EDGE('',*,*,#7116,.F.);
#7119=ORIENTED_EDGE('',*,*,#7118,.T.);
#7121=ORIENTED_EDGE('',*,*,#7120,.F.);
#7123=ORIENTED_EDGE('',*,*,#7122,.F.);
#7124=ORIENTED_EDGE('',*,*,#6406,.T.);
#7126=ORIENTED_EDGE('',*,*,#7125,.T.);
#7127=EDGE_LOOP('',(#7117,#7119,#7121,#7123,#7124,#7126));
#7128=FACE_OUTER_BOUND('',#7127,.F.);
#7130=FILL_AREA_STYLE_COLOUR('',#10);
#7131=FILL_AREA_STYLE('',(#7130));
#7132=SURFACE_STYLE_FILL_AREA(#7131);
#7133=SURFACE_SIDE_STYLE('',(#7132));
#7134=SURFACE_STYLE_USAGE(.POSITIVE.,#7133);
#7135=PRESENTATION_STYLE_ASSIGNMENT((#7134));
#7136=STYLED_ITEM('',(#7135),#7129);
#7137=CARTESIAN_POINT('',(-4.15E0,1.55E0,-1.375E0));
#7138=DIRECTION('',(0.E0,0.E0,1.E0));
#7139=DIRECTION('',(0.E0,1.E0,0.E0));
#7140=AXIS2_PLACEMENT_3D('',#7137,#7138,#7139);
#7141=PLANE('',#7140);
#7143=ORIENTED_EDGE('',*,*,#7142,.F.);
#7145=ORIENTED_EDGE('',*,*,#7144,.T.);
#7147=ORIENTED_EDGE('',*,*,#7146,.F.);
#7149=ORIENTED_EDGE('',*,*,#7148,.F.);
#7150=ORIENTED_EDGE('',*,*,#6398,.T.);
#7152=ORIENTED_EDGE('',*,*,#7151,.T.);
#7153=EDGE_LOOP('',(#7143,#7145,#7147,#7149,#7150,#7152));
#7154=FACE_OUTER_BOUND('',#7153,.F.);
#7156=FILL_AREA_STYLE_COLOUR('',#10);
#7157=FILL_AREA_STYLE('',(#7156));
#7158=SURFACE_STYLE_FILL_AREA(#7157);
#7159=SURFACE_SIDE_STYLE('',(#7158));
#7160=SURFACE_STYLE_USAGE(.POSITIVE.,#7159);
#7161=PRESENTATION_STYLE_ASSIGNMENT((#7160));
#7162=STYLED_ITEM('',(#7161),#7155);
#7163=CARTESIAN_POINT('',(-4.15E0,1.55E0,-1.375E0));
#7164=DIRECTION('',(0.E0,0.E0,1.E0));
#7165=DIRECTION('',(0.E0,1.E0,0.E0));
#7166=AXIS2_PLACEMENT_3D('',#7163,#7164,#7165);
#7167=PLANE('',#7166);
#7169=ORIENTED_EDGE('',*,*,#7168,.F.);
#7171=ORIENTED_EDGE('',*,*,#7170,.T.);
#7173=ORIENTED_EDGE('',*,*,#7172,.F.);
#7175=ORIENTED_EDGE('',*,*,#7174,.F.);
#7176=ORIENTED_EDGE('',*,*,#6390,.T.);
#7178=ORIENTED_EDGE('',*,*,#7177,.T.);
#7179=EDGE_LOOP('',(#7169,#7171,#7173,#7175,#7176,#7178));
#7180=FACE_OUTER_BOUND('',#7179,.F.);
#7182=FILL_AREA_STYLE_COLOUR('',#10);
#7183=FILL_AREA_STYLE('',(#7182));
#7184=SURFACE_STYLE_FILL_AREA(#7183);
#7185=SURFACE_SIDE_STYLE('',(#7184));
#7186=SURFACE_STYLE_USAGE(.POSITIVE.,#7185);
#7187=PRESENTATION_STYLE_ASSIGNMENT((#7186));
#7188=STYLED_ITEM('',(#7187),#7181);
#7189=CARTESIAN_POINT('',(-4.15E0,1.55E0,-1.375E0));
#7190=DIRECTION('',(0.E0,0.E0,1.E0));
#7191=DIRECTION('',(0.E0,1.E0,0.E0));
#7192=AXIS2_PLACEMENT_3D('',#7189,#7190,#7191);
#7193=PLANE('',#7192);
#7195=ORIENTED_EDGE('',*,*,#7194,.F.);
#7196=ORIENTED_EDGE('',*,*,#6802,.F.);
#7197=ORIENTED_EDGE('',*,*,#6430,.T.);
#7199=ORIENTED_EDGE('',*,*,#7198,.F.);
#7201=ORIENTED_EDGE('',*,*,#7200,.T.);
#7202=EDGE_LOOP('',(#7195,#7196,#7197,#7199,#7201));
#7203=FACE_OUTER_BOUND('',#7202,.F.);
#7205=FILL_AREA_STYLE_COLOUR('',#10);
#7206=FILL_AREA_STYLE('',(#7205));
#7207=SURFACE_STYLE_FILL_AREA(#7206);
#7208=SURFACE_SIDE_STYLE('',(#7207));
#7209=SURFACE_STYLE_USAGE(.POSITIVE.,#7208);
#7210=PRESENTATION_STYLE_ASSIGNMENT((#7209));
#7211=STYLED_ITEM('',(#7210),#7204);
#7212=CARTESIAN_POINT('',(-4.15E0,1.55E0,-1.375E0));
#7213=DIRECTION('',(0.E0,0.E0,1.E0));
#7214=DIRECTION('',(0.E0,1.E0,0.E0));
#7215=AXIS2_PLACEMENT_3D('',#7212,#7213,#7214);
#7216=PLANE('',#7215);
#7218=ORIENTED_EDGE('',*,*,#7217,.F.);
#7220=ORIENTED_EDGE('',*,*,#7219,.T.);
#7222=ORIENTED_EDGE('',*,*,#7221,.F.);
#7224=ORIENTED_EDGE('',*,*,#7223,.F.);
#7225=ORIENTED_EDGE('',*,*,#6382,.T.);
#7226=ORIENTED_EDGE('',*,*,#6852,.T.);
#7227=EDGE_LOOP('',(#7218,#7220,#7222,#7224,#7225,#7226));
#7228=FACE_OUTER_BOUND('',#7227,.F.);
#7230=FILL_AREA_STYLE_COLOUR('',#10);
#7231=FILL_AREA_STYLE('',(#7230));
#7232=SURFACE_STYLE_FILL_AREA(#7231);
#7233=SURFACE_SIDE_STYLE('',(#7232));
#7234=SURFACE_STYLE_USAGE(.POSITIVE.,#7233);
#7235=PRESENTATION_STYLE_ASSIGNMENT((#7234));
#7236=STYLED_ITEM('',(#7235),#7229);
#7237=CARTESIAN_POINT('',(4.15E0,2.15E0,-1.525E0));
#7238=DIRECTION('',(0.E0,1.E0,0.E0));
#7239=DIRECTION('',(-1.E0,0.E0,0.E0));
#7240=AXIS2_PLACEMENT_3D('',#7237,#7238,#7239);
#7241=PLANE('',#7240);
#7242=ORIENTED_EDGE('',*,*,#7050,.F.);
#7243=ORIENTED_EDGE('',*,*,#6876,.T.);
#7245=ORIENTED_EDGE('',*,*,#7244,.F.);
#7246=ORIENTED_EDGE('',*,*,#7068,.F.);
#7247=EDGE_LOOP('',(#7242,#7243,#7245,#7246));
#7248=FACE_OUTER_BOUND('',#7247,.F.);
#7250=FILL_AREA_STYLE_COLOUR('',#10);
#7251=FILL_AREA_STYLE('',(#7250));
#7252=SURFACE_STYLE_FILL_AREA(#7251);
#7253=SURFACE_SIDE_STYLE('',(#7252));
#7254=SURFACE_STYLE_USAGE(.POSITIVE.,#7253);
#7255=PRESENTATION_STYLE_ASSIGNMENT((#7254));
#7256=STYLED_ITEM('',(#7255),#7249);
#7257=CARTESIAN_POINT('',(4.15E0,2.15E0,-1.525E0));
#7258=DIRECTION('',(0.E0,1.E0,0.E0));
#7259=DIRECTION('',(-1.E0,0.E0,0.E0));
#7260=AXIS2_PLACEMENT_3D('',#7257,#7258,#7259);
#7261=PLANE('',#7260);
#7263=ORIENTED_EDGE('',*,*,#7262,.F.);
#7264=ORIENTED_EDGE('',*,*,#6902,.T.);
#7266=ORIENTED_EDGE('',*,*,#7265,.F.);
#7267=ORIENTED_EDGE('',*,*,#7092,.F.);
#7268=EDGE_LOOP('',(#7263,#7264,#7266,#7267));
#7269=FACE_OUTER_BOUND('',#7268,.F.);
#7271=FILL_AREA_STYLE_COLOUR('',#10);
#7272=FILL_AREA_STYLE('',(#7271));
#7273=SURFACE_STYLE_FILL_AREA(#7272);
#7274=SURFACE_SIDE_STYLE('',(#7273));
#7275=SURFACE_STYLE_USAGE(.POSITIVE.,#7274);
#7276=PRESENTATION_STYLE_ASSIGNMENT((#7275));
#7277=STYLED_ITEM('',(#7276),#7270);
#7278=CARTESIAN_POINT('',(4.15E0,2.15E0,-1.525E0));
#7279=DIRECTION('',(0.E0,1.E0,0.E0));
#7280=DIRECTION('',(-1.E0,0.E0,0.E0));
#7281=AXIS2_PLACEMENT_3D('',#7278,#7279,#7280);
#7282=PLANE('',#7281);
#7284=ORIENTED_EDGE('',*,*,#7283,.F.);
#7285=ORIENTED_EDGE('',*,*,#6928,.T.);
#7287=ORIENTED_EDGE('',*,*,#7286,.F.);
#7288=ORIENTED_EDGE('',*,*,#7118,.F.);
#7289=EDGE_LOOP('',(#7284,#7285,#7287,#7288));
#7290=FACE_OUTER_BOUND('',#7289,.F.);
#7292=FILL_AREA_STYLE_COLOUR('',#10);
#7293=FILL_AREA_STYLE('',(#7292));
#7294=SURFACE_STYLE_FILL_AREA(#7293);
#7295=SURFACE_SIDE_STYLE('',(#7294));
#7296=SURFACE_STYLE_USAGE(.POSITIVE.,#7295);
#7297=PRESENTATION_STYLE_ASSIGNMENT((#7296));
#7298=STYLED_ITEM('',(#7297),#7291);
#7299=CARTESIAN_POINT('',(4.15E0,2.15E0,-1.525E0));
#7300=DIRECTION('',(0.E0,1.E0,0.E0));
#7301=DIRECTION('',(-1.E0,0.E0,0.E0));
#7302=AXIS2_PLACEMENT_3D('',#7299,#7300,#7301);
#7303=PLANE('',#7302);
#7305=ORIENTED_EDGE('',*,*,#7304,.F.);
#7306=ORIENTED_EDGE('',*,*,#6954,.T.);
#7308=ORIENTED_EDGE('',*,*,#7307,.F.);
#7309=ORIENTED_EDGE('',*,*,#7144,.F.);
#7310=EDGE_LOOP('',(#7305,#7306,#7308,#7309));
#7311=FACE_OUTER_BOUND('',#7310,.F.);
#7313=FILL_AREA_STYLE_COLOUR('',#10);
#7314=FILL_AREA_STYLE('',(#7313));
#7315=SURFACE_STYLE_FILL_AREA(#7314);
#7316=SURFACE_SIDE_STYLE('',(#7315));
#7317=SURFACE_STYLE_USAGE(.POSITIVE.,#7316);
#7318=PRESENTATION_STYLE_ASSIGNMENT((#7317));
#7319=STYLED_ITEM('',(#7318),#7312);
#7320=CARTESIAN_POINT('',(4.15E0,2.15E0,-1.525E0));
#7321=DIRECTION('',(0.E0,1.E0,0.E0));
#7322=DIRECTION('',(-1.E0,0.E0,0.E0));
#7323=AXIS2_PLACEMENT_3D('',#7320,#7321,#7322);
#7324=PLANE('',#7323);
#7326=ORIENTED_EDGE('',*,*,#7325,.F.);
#7327=ORIENTED_EDGE('',*,*,#6980,.T.);
#7329=ORIENTED_EDGE('',*,*,#7328,.F.);
#7330=ORIENTED_EDGE('',*,*,#7170,.F.);
#7331=EDGE_LOOP('',(#7326,#7327,#7329,#7330));
#7332=FACE_OUTER_BOUND('',#7331,.F.);
#7334=FILL_AREA_STYLE_COLOUR('',#10);
#7335=FILL_AREA_STYLE('',(#7334));
#7336=SURFACE_STYLE_FILL_AREA(#7335);
#7337=SURFACE_SIDE_STYLE('',(#7336));
#7338=SURFACE_STYLE_USAGE(.POSITIVE.,#7337);
#7339=PRESENTATION_STYLE_ASSIGNMENT((#7338));
#7340=STYLED_ITEM('',(#7339),#7333);
#7341=CARTESIAN_POINT('',(4.15E0,2.15E0,-1.525E0));
#7342=DIRECTION('',(0.E0,1.E0,0.E0));
#7343=DIRECTION('',(-1.E0,0.E0,0.E0));
#7344=AXIS2_PLACEMENT_3D('',#7341,#7342,#7343);
#7345=PLANE('',#7344);
#7347=ORIENTED_EDGE('',*,*,#7346,.F.);
#7348=ORIENTED_EDGE('',*,*,#7200,.F.);
#7350=ORIENTED_EDGE('',*,*,#7349,.F.);
#7351=ORIENTED_EDGE('',*,*,#6999,.T.);
#7352=EDGE_LOOP('',(#7347,#7348,#7350,#7351));
#7353=FACE_OUTER_BOUND('',#7352,.F.);
#7355=FILL_AREA_STYLE_COLOUR('',#10);
#7356=FILL_AREA_STYLE('',(#7355));
#7357=SURFACE_STYLE_FILL_AREA(#7356);
#7358=SURFACE_SIDE_STYLE('',(#7357));
#7359=SURFACE_STYLE_USAGE(.POSITIVE.,#7358);
#7360=PRESENTATION_STYLE_ASSIGNMENT((#7359));
#7361=STYLED_ITEM('',(#7360),#7354);
#7362=CARTESIAN_POINT('',(4.15E0,2.15E0,-1.525E0));
#7363=DIRECTION('',(0.E0,1.E0,0.E0));
#7364=DIRECTION('',(-1.E0,0.E0,0.E0));
#7365=AXIS2_PLACEMENT_3D('',#7362,#7363,#7364);
#7366=PLANE('',#7365);
#7368=ORIENTED_EDGE('',*,*,#7367,.F.);
#7369=ORIENTED_EDGE('',*,*,#7028,.T.);
#7371=ORIENTED_EDGE('',*,*,#7370,.F.);
#7372=ORIENTED_EDGE('',*,*,#7219,.F.);
#7373=EDGE_LOOP('',(#7368,#7369,#7371,#7372));
#7374=FACE_OUTER_BOUND('',#7373,.F.);
#7376=FILL_AREA_STYLE_COLOUR('',#10);
#7377=FILL_AREA_STYLE('',(#7376));
#7378=SURFACE_STYLE_FILL_AREA(#7377);
#7379=SURFACE_SIDE_STYLE('',(#7378));
#7380=SURFACE_STYLE_USAGE(.POSITIVE.,#7379);
#7381=PRESENTATION_STYLE_ASSIGNMENT((#7380));
#7382=STYLED_ITEM('',(#7381),#7375);
#7383=CARTESIAN_POINT('',(-3.46E0,-2.15E0,-1.525E0));
#7384=DIRECTION('',(1.E0,0.E0,0.E0));
#7385=DIRECTION('',(0.E0,0.E0,1.E0));
#7386=AXIS2_PLACEMENT_3D('',#7383,#7384,#7385);
#7387=PLANE('',#7386);
#7388=ORIENTED_EDGE('',*,*,#6874,.T.);
#7390=ORIENTED_EDGE('',*,*,#7389,.T.);
#7392=ORIENTED_EDGE('',*,*,#7391,.T.);
#7394=ORIENTED_EDGE('',*,*,#7393,.F.);
#7395=ORIENTED_EDGE('',*,*,#6480,.T.);
#7397=ORIENTED_EDGE('',*,*,#7396,.T.);
#7399=ORIENTED_EDGE('',*,*,#7398,.F.);
#7401=ORIENTED_EDGE('',*,*,#7400,.F.);
#7403=ORIENTED_EDGE('',*,*,#7402,.T.);
#7405=ORIENTED_EDGE('',*,*,#7404,.T.);
#7407=ORIENTED_EDGE('',*,*,#7406,.F.);
#7409=ORIENTED_EDGE('',*,*,#7408,.F.);
#7411=ORIENTED_EDGE('',*,*,#7410,.F.);
#7413=ORIENTED_EDGE('',*,*,#7412,.T.);
#7414=ORIENTED_EDGE('',*,*,#6424,.T.);
#7415=ORIENTED_EDGE('',*,*,#7070,.F.);
#7416=ORIENTED_EDGE('',*,*,#7244,.T.);
#7417=EDGE_LOOP('',(#7388,#7390,#7392,#7394,#7395,#7397,#7399,#7401,#7403,#7405,
#7407,#7409,#7411,#7413,#7414,#7415,#7416));
#7418=FACE_OUTER_BOUND('',#7417,.F.);
#7420=FILL_AREA_STYLE_COLOUR('',#10);
#7421=FILL_AREA_STYLE('',(#7420));
#7422=SURFACE_STYLE_FILL_AREA(#7421);
#7423=SURFACE_SIDE_STYLE('',(#7422));
#7424=SURFACE_STYLE_USAGE(.POSITIVE.,#7423);
#7425=PRESENTATION_STYLE_ASSIGNMENT((#7424));
#7426=STYLED_ITEM('',(#7425),#7419);
#7427=CARTESIAN_POINT('',(-3.76E0,1.55E0,9.25E-1));
#7428=DIRECTION('',(0.E0,0.E0,1.E0));
#7429=DIRECTION('',(1.E0,0.E0,0.E0));
#7430=AXIS2_PLACEMENT_3D('',#7427,#7428,#7429);
#7431=PLANE('',#7430);
#7432=ORIENTED_EDGE('',*,*,#6486,.F.);
#7434=ORIENTED_EDGE('',*,*,#7433,.T.);
#7436=ORIENTED_EDGE('',*,*,#7435,.T.);
#7437=ORIENTED_EDGE('',*,*,#7389,.F.);
#7438=EDGE_LOOP('',(#7432,#7434,#7436,#7437));
#7439=FACE_OUTER_BOUND('',#7438,.F.);
#7441=FILL_AREA_STYLE_COLOUR('',#10);
#7442=FILL_AREA_STYLE('',(#7441));
#7443=SURFACE_STYLE_FILL_AREA(#7442);
#7444=SURFACE_SIDE_STYLE('',(#7443));
#7445=SURFACE_STYLE_USAGE(.POSITIVE.,#7444);
#7446=PRESENTATION_STYLE_ASSIGNMENT((#7445));
#7447=STYLED_ITEM('',(#7446),#7440);
#7448=CARTESIAN_POINT('',(-3.76E0,1.55E0,3.25E-1));
#7449=DIRECTION('',(-1.E0,0.E0,0.E0));
#7450=DIRECTION('',(0.E0,0.E0,1.E0));
#7451=AXIS2_PLACEMENT_3D('',#7448,#7449,#7450);
#7452=PLANE('',#7451);
#7453=ORIENTED_EDGE('',*,*,#6484,.F.);
#7455=ORIENTED_EDGE('',*,*,#7454,.T.);
#7457=ORIENTED_EDGE('',*,*,#7456,.T.);
#7458=ORIENTED_EDGE('',*,*,#7433,.F.);
#7459=EDGE_LOOP('',(#7453,#7455,#7457,#7458));
#7460=FACE_OUTER_BOUND('',#7459,.F.);
#7462=FILL_AREA_STYLE_COLOUR('',#10);
#7463=FILL_AREA_STYLE('',(#7462));
#7464=SURFACE_STYLE_FILL_AREA(#7463);
#7465=SURFACE_SIDE_STYLE('',(#7464));
#7466=SURFACE_STYLE_USAGE(.POSITIVE.,#7465);
#7467=PRESENTATION_STYLE_ASSIGNMENT((#7466));
#7468=STYLED_ITEM('',(#7467),#7461);
#7469=CARTESIAN_POINT('',(-3.46E0,1.55E0,3.25E-1));
#7470=DIRECTION('',(0.E0,0.E0,-1.E0));
#7471=DIRECTION('',(-1.E0,0.E0,0.E0));
#7472=AXIS2_PLACEMENT_3D('',#7469,#7470,#7471);
#7473=PLANE('',#7472);
#7474=ORIENTED_EDGE('',*,*,#6482,.F.);
#7475=ORIENTED_EDGE('',*,*,#7393,.T.);
#7477=ORIENTED_EDGE('',*,*,#7476,.T.);
#7478=ORIENTED_EDGE('',*,*,#7454,.F.);
#7479=EDGE_LOOP('',(#7474,#7475,#7477,#7478));
#7480=FACE_OUTER_BOUND('',#7479,.F.);
#7482=FILL_AREA_STYLE_COLOUR('',#10);
#7483=FILL_AREA_STYLE('',(#7482));
#7484=SURFACE_STYLE_FILL_AREA(#7483);
#7485=SURFACE_SIDE_STYLE('',(#7484));
#7486=SURFACE_STYLE_USAGE(.POSITIVE.,#7485);
#7487=PRESENTATION_STYLE_ASSIGNMENT((#7486));
#7488=STYLED_ITEM('',(#7487),#7481);
#7489=CARTESIAN_POINT('',(-4.15E0,5.5E-1,-1.525E0));
#7490=DIRECTION('',(0.E0,1.E0,0.E0));
#7491=DIRECTION('',(1.E0,0.E0,0.E0));
#7492=AXIS2_PLACEMENT_3D('',#7489,#7490,#7491);
#7493=PLANE('',#7492);
#7494=ORIENTED_EDGE('',*,*,#7391,.F.);
#7495=ORIENTED_EDGE('',*,*,#7435,.F.);
#7496=ORIENTED_EDGE('',*,*,#7456,.F.);
#7497=ORIENTED_EDGE('',*,*,#7476,.F.);
#7498=EDGE_LOOP('',(#7494,#7495,#7496,#7497));
#7499=FACE_OUTER_BOUND('',#7498,.F.);
#7501=FILL_AREA_STYLE_COLOUR('',#10);
#7502=FILL_AREA_STYLE('',(#7501));
#7503=SURFACE_STYLE_FILL_AREA(#7502);
#7504=SURFACE_SIDE_STYLE('',(#7503));
#7505=SURFACE_STYLE_USAGE(.POSITIVE.,#7504);
#7506=PRESENTATION_STYLE_ASSIGNMENT((#7505));
#7507=STYLED_ITEM('',(#7506),#7500);
#7508=CARTESIAN_POINT('',(0.E0,-2.15E0,-7.5E-2));
#7509=DIRECTION('',(0.E0,0.E0,-1.E0));
#7510=DIRECTION('',(1.E0,0.E0,0.E0));
#7511=AXIS2_PLACEMENT_3D('',#7508,#7509,#7510);
#7512=PLANE('',#7511);
#7514=ORIENTED_EDGE('',*,*,#7513,.F.);
#7516=ORIENTED_EDGE('',*,*,#7515,.F.);
#7517=ORIENTED_EDGE('',*,*,#7404,.F.);
#7519=ORIENTED_EDGE('',*,*,#7518,.F.);
#7520=EDGE_LOOP('',(#7514,#7516,#7517,#7519));
#7521=FACE_OUTER_BOUND('',#7520,.F.);
#7523=FILL_AREA_STYLE_COLOUR('',#10);
#7524=FILL_AREA_STYLE('',(#7523));
#7525=SURFACE_STYLE_FILL_AREA(#7524);
#7526=SURFACE_SIDE_STYLE('',(#7525));
#7527=SURFACE_STYLE_USAGE(.POSITIVE.,#7526);
#7528=PRESENTATION_STYLE_ASSIGNMENT((#7527));
#7529=STYLED_ITEM('',(#7528),#7522);
#7530=CARTESIAN_POINT('',(0.E0,-2.15E0,-7.5E-2));
#7531=DIRECTION('',(0.E0,0.E0,-1.E0));
#7532=DIRECTION('',(1.E0,0.E0,0.E0));
#7533=AXIS2_PLACEMENT_3D('',#7530,#7531,#7532);
#7534=PLANE('',#7533);
#7536=ORIENTED_EDGE('',*,*,#7535,.F.);
#7538=ORIENTED_EDGE('',*,*,#7537,.F.);
#7539=ORIENTED_EDGE('',*,*,#7396,.F.);
#7540=ORIENTED_EDGE('',*,*,#6478,.F.);
#7541=EDGE_LOOP('',(#7536,#7538,#7539,#7540));
#7542=FACE_OUTER_BOUND('',#7541,.F.);
#7544=FILL_AREA_STYLE_COLOUR('',#10);
#7545=FILL_AREA_STYLE('',(#7544));
#7546=SURFACE_STYLE_FILL_AREA(#7545);
#7547=SURFACE_SIDE_STYLE('',(#7546));
#7548=SURFACE_STYLE_USAGE(.POSITIVE.,#7547);
#7549=PRESENTATION_STYLE_ASSIGNMENT((#7548));
#7550=STYLED_ITEM('',(#7549),#7543);
#7551=CARTESIAN_POINT('',(-3.76E0,-1.95E0,-1.175E0));
#7552=DIRECTION('',(-1.E0,0.E0,0.E0));
#7553=DIRECTION('',(0.E0,1.E0,0.E0));
#7554=AXIS2_PLACEMENT_3D('',#7551,#7552,#7553);
#7555=PLANE('',#7554);
#7557=ORIENTED_EDGE('',*,*,#7556,.F.);
#7559=ORIENTED_EDGE('',*,*,#7558,.T.);
#7560=ORIENTED_EDGE('',*,*,#7513,.T.);
#7562=ORIENTED_EDGE('',*,*,#7561,.F.);
#7563=EDGE_LOOP('',(#7557,#7559,#7560,#7562));
#7564=FACE_OUTER_BOUND('',#7563,.F.);
#7566=FILL_AREA_STYLE_COLOUR('',#10);
#7567=FILL_AREA_STYLE('',(#7566));
#7568=SURFACE_STYLE_FILL_AREA(#7567);
#7569=SURFACE_SIDE_STYLE('',(#7568));
#7570=SURFACE_STYLE_USAGE(.POSITIVE.,#7569);
#7571=PRESENTATION_STYLE_ASSIGNMENT((#7570));
#7572=STYLED_ITEM('',(#7571),#7565);
#7573=CARTESIAN_POINT('',(-3.46E0,-2.15E0,-1.175E0));
#7574=DIRECTION('',(0.E0,0.E0,1.E0));
#7575=DIRECTION('',(-1.E0,0.E0,0.E0));
#7576=AXIS2_PLACEMENT_3D('',#7573,#7574,#7575);
#7577=PLANE('',#7576);
#7578=ORIENTED_EDGE('',*,*,#7556,.T.);
#7580=ORIENTED_EDGE('',*,*,#7579,.F.);
#7581=ORIENTED_EDGE('',*,*,#7400,.T.);
#7583=ORIENTED_EDGE('',*,*,#7582,.T.);
#7585=ORIENTED_EDGE('',*,*,#7584,.F.);
#7586=ORIENTED_EDGE('',*,*,#6474,.T.);
#7588=ORIENTED_EDGE('',*,*,#7587,.T.);
#7590=ORIENTED_EDGE('',*,*,#7589,.T.);
#7591=ORIENTED_EDGE('',*,*,#7408,.T.);
#7593=ORIENTED_EDGE('',*,*,#7592,.T.);
#7594=EDGE_LOOP('',(#7578,#7580,#7581,#7583,#7585,#7586,#7588,#7590,#7591,
#7593));
#7595=FACE_OUTER_BOUND('',#7594,.F.);
#7597=FILL_AREA_STYLE_COLOUR('',#10);
#7598=FILL_AREA_STYLE('',(#7597));
#7599=SURFACE_STYLE_FILL_AREA(#7598);
#7600=SURFACE_SIDE_STYLE('',(#7599));
#7601=SURFACE_STYLE_USAGE(.POSITIVE.,#7600);
#7602=PRESENTATION_STYLE_ASSIGNMENT((#7601));
#7603=STYLED_ITEM('',(#7602),#7596);
#7604=CARTESIAN_POINT('',(-3.76E0,-8.383E-1,-1.175E0));
#7605=DIRECTION('',(0.E0,1.E0,0.E0));
#7606=DIRECTION('',(1.E0,0.E0,0.E0));
#7607=AXIS2_PLACEMENT_3D('',#7604,#7605,#7606);
#7608=PLANE('',#7607);
#7609=ORIENTED_EDGE('',*,*,#7579,.T.);
#7610=ORIENTED_EDGE('',*,*,#7561,.T.);
#7611=ORIENTED_EDGE('',*,*,#7518,.T.);
#7612=ORIENTED_EDGE('',*,*,#7402,.F.);
#7613=EDGE_LOOP('',(#7609,#7610,#7611,#7612));
#7614=FACE_OUTER_BOUND('',#7613,.F.);
#7616=FILL_AREA_STYLE_COLOUR('',#10);
#7617=FILL_AREA_STYLE('',(#7616));
#7618=SURFACE_STYLE_FILL_AREA(#7617);
#7619=SURFACE_SIDE_STYLE('',(#7618));
#7620=SURFACE_STYLE_USAGE(.POSITIVE.,#7619);
#7621=PRESENTATION_STYLE_ASSIGNMENT((#7620));
#7622=STYLED_ITEM('',(#7621),#7615);
#7623=CARTESIAN_POINT('',(-3.46E0,-1.893403067304E-1,-1.175E0));
#7624=DIRECTION('',(0.E0,-1.E0,0.E0));
#7625=DIRECTION('',(-1.E0,0.E0,0.E0));
#7626=AXIS2_PLACEMENT_3D('',#7623,#7624,#7625);
#7627=PLANE('',#7626);
#7628=ORIENTED_EDGE('',*,*,#7582,.F.);
#7629=ORIENTED_EDGE('',*,*,#7398,.T.);
#7630=ORIENTED_EDGE('',*,*,#7537,.T.);
#7632=ORIENTED_EDGE('',*,*,#7631,.F.);
#7633=EDGE_LOOP('',(#7628,#7629,#7630,#7632));
#7634=FACE_OUTER_BOUND('',#7633,.F.);
#7636=FILL_AREA_STYLE_COLOUR('',#10);
#7637=FILL_AREA_STYLE('',(#7636));
#7638=SURFACE_STYLE_FILL_AREA(#7637);
#7639=SURFACE_SIDE_STYLE('',(#7638));
#7640=SURFACE_STYLE_USAGE(.POSITIVE.,#7639);
#7641=PRESENTATION_STYLE_ASSIGNMENT((#7640));
#7642=STYLED_ITEM('',(#7641),#7635);
#7643=CARTESIAN_POINT('',(-3.76E0,-1.893403067304E-1,-1.175E0));
#7644=DIRECTION('',(-1.E0,0.E0,0.E0));
#7645=DIRECTION('',(0.E0,1.E0,0.E0));
#7646=AXIS2_PLACEMENT_3D('',#7643,#7644,#7645);
#7647=PLANE('',#7646);
#7648=ORIENTED_EDGE('',*,*,#7584,.T.);
#7649=ORIENTED_EDGE('',*,*,#7631,.T.);
#7650=ORIENTED_EDGE('',*,*,#7535,.T.);
#7651=ORIENTED_EDGE('',*,*,#6476,.F.);
#7652=EDGE_LOOP('',(#7648,#7649,#7650,#7651));
#7653=FACE_OUTER_BOUND('',#7652,.F.);
#7655=FILL_AREA_STYLE_COLOUR('',#10);
#7656=FILL_AREA_STYLE('',(#7655));
#7657=SURFACE_STYLE_FILL_AREA(#7656);
#7658=SURFACE_SIDE_STYLE('',(#7657));
#7659=SURFACE_STYLE_USAGE(.POSITIVE.,#7658);
#7660=PRESENTATION_STYLE_ASSIGNMENT((#7659));
#7661=STYLED_ITEM('',(#7660),#7654);
#7662=CARTESIAN_POINT('',(-4.15E0,2.15E0,-1.525E0));
#7663=DIRECTION('',(-1.E0,0.E0,0.E0));
#7664=DIRECTION('',(0.E0,-1.E0,0.E0));
#7665=AXIS2_PLACEMENT_3D('',#7662,#7663,#7664);
#7666=PLANE('',#7665);
#7667=ORIENTED_EDGE('',*,*,#6472,.F.);
#7669=ORIENTED_EDGE('',*,*,#7668,.T.);
#7671=ORIENTED_EDGE('',*,*,#7670,.F.);
#7672=ORIENTED_EDGE('',*,*,#7587,.F.);
#7673=EDGE_LOOP('',(#7667,#7669,#7671,#7672));
#7674=FACE_OUTER_BOUND('',#7673,.F.);
#7676=FILL_AREA_STYLE_COLOUR('',#10);
#7677=FILL_AREA_STYLE('',(#7676));
#7678=SURFACE_STYLE_FILL_AREA(#7677);
#7679=SURFACE_SIDE_STYLE('',(#7678));
#7680=SURFACE_STYLE_USAGE(.POSITIVE.,#7679);
#7681=PRESENTATION_STYLE_ASSIGNMENT((#7680));
#7682=STYLED_ITEM('',(#7681),#7675);
#7683=CARTESIAN_POINT('',(0.E0,0.E0,1.525E0));
#7684=DIRECTION('',(0.E0,0.E0,1.E0));
#7685=DIRECTION('',(1.E0,0.E0,0.E0));
#7686=AXIS2_PLACEMENT_3D('',#7683,#7684,#7685);
#7687=PLANE('',#7686);
#7688=ORIENTED_EDGE('',*,*,#6470,.T.);
#7689=ORIENTED_EDGE('',*,*,#5980,.F.);
#7691=ORIENTED_EDGE('',*,*,#7690,.F.);
#7692=ORIENTED_EDGE('',*,*,#7668,.F.);
#7693=EDGE_LOOP('',(#7688,#7689,#7691,#7692));
#7694=FACE_OUTER_BOUND('',#7693,.F.);
#7696=FILL_AREA_STYLE_COLOUR('',#10);
#7697=FILL_AREA_STYLE('',(#7696));
#7698=SURFACE_STYLE_FILL_AREA(#7697);
#7699=SURFACE_SIDE_STYLE('',(#7698));
#7700=SURFACE_STYLE_USAGE(.POSITIVE.,#7699);
#7701=PRESENTATION_STYLE_ASSIGNMENT((#7700));
#7702=STYLED_ITEM('',(#7701),#7695);
#7703=CARTESIAN_POINT('',(-4.15E0,-2.15E0,-1.525E0));
#7704=DIRECTION('',(0.E0,-1.E0,0.E0));
#7705=DIRECTION('',(1.E0,0.E0,0.E0));
#7706=AXIS2_PLACEMENT_3D('',#7703,#7704,#7705);
#7707=PLANE('',#7706);
#7708=ORIENTED_EDGE('',*,*,#7410,.T.);
#7709=ORIENTED_EDGE('',*,*,#7589,.F.);
#7710=ORIENTED_EDGE('',*,*,#7670,.T.);
#7711=ORIENTED_EDGE('',*,*,#7690,.T.);
#7712=ORIENTED_EDGE('',*,*,#5978,.F.);
#7714=ORIENTED_EDGE('',*,*,#7713,.T.);
#7716=ORIENTED_EDGE('',*,*,#7715,.F.);
#7718=ORIENTED_EDGE('',*,*,#7717,.F.);
#7719=EDGE_LOOP('',(#7708,#7709,#7710,#7711,#7712,#7714,#7716,#7718));
#7720=FACE_OUTER_BOUND('',#7719,.F.);
#7722=ORIENTED_EDGE('',*,*,#7721,.F.);
#7724=ORIENTED_EDGE('',*,*,#7723,.F.);
#7726=ORIENTED_EDGE('',*,*,#7725,.F.);
#7728=ORIENTED_EDGE('',*,*,#7727,.F.);
#7730=ORIENTED_EDGE('',*,*,#7729,.F.);
#7732=ORIENTED_EDGE('',*,*,#7731,.F.);
#7734=ORIENTED_EDGE('',*,*,#7733,.F.);
#7736=ORIENTED_EDGE('',*,*,#7735,.F.);
#7738=ORIENTED_EDGE('',*,*,#7737,.F.);
#7740=ORIENTED_EDGE('',*,*,#7739,.F.);
#7742=ORIENTED_EDGE('',*,*,#7741,.F.);
#7744=ORIENTED_EDGE('',*,*,#7743,.F.);
#7745=EDGE_LOOP('',(#7722,#7724,#7726,#7728,#7730,#7732,#7734,#7736,#7738,#7740,
#7742,#7744));
#7746=FACE_BOUND('',#7745,.F.);
#7748=FILL_AREA_STYLE_COLOUR('',#10);
#7749=FILL_AREA_STYLE('',(#7748));
#7750=SURFACE_STYLE_FILL_AREA(#7749);
#7751=SURFACE_SIDE_STYLE('',(#7750));
#7752=SURFACE_STYLE_USAGE(.POSITIVE.,#7751);
#7753=PRESENTATION_STYLE_ASSIGNMENT((#7752));
#7754=STYLED_ITEM('',(#7753),#7747);
#7755=CARTESIAN_POINT('',(-3.45E0,-2.1E0,6.75E-1));
#7756=DIRECTION('',(0.E0,-7.071067811865E-1,-7.071067811865E-1));
#7757=DIRECTION('',(0.E0,7.071067811865E-1,-7.071067811865E-1));
#7758=AXIS2_PLACEMENT_3D('',#7755,#7756,#7757);
#7759=PLANE('',#7758);
#7760=ORIENTED_EDGE('',*,*,#7721,.T.);
#7762=ORIENTED_EDGE('',*,*,#7761,.F.);
#7764=ORIENTED_EDGE('',*,*,#7763,.F.);
#7766=ORIENTED_EDGE('',*,*,#7765,.T.);
#7767=EDGE_LOOP('',(#7760,#7762,#7764,#7766));
#7768=FACE_OUTER_BOUND('',#7767,.F.);
#7770=FILL_AREA_STYLE_COLOUR('',#10);
#7771=FILL_AREA_STYLE('',(#7770));
#7772=SURFACE_STYLE_FILL_AREA(#7771);
#7773=SURFACE_SIDE_STYLE('',(#7772));
#7774=SURFACE_STYLE_USAGE(.POSITIVE.,#7773);
#7775=PRESENTATION_STYLE_ASSIGNMENT((#7774));
#7776=STYLED_ITEM('',(#7775),#7769);
#7777=CARTESIAN_POINT('',(-3.35E0,-2.1E0,8.25E-1));
#7778=DIRECTION('',(7.071067811865E-1,-7.071067811865E-1,0.E0));
#7779=DIRECTION('',(7.071067811865E-1,7.071067811865E-1,0.E0));
#7780=AXIS2_PLACEMENT_3D('',#7777,#7778,#7779);
#7781=PLANE('',#7780);
#7782=ORIENTED_EDGE('',*,*,#7743,.T.);
#7784=ORIENTED_EDGE('',*,*,#7783,.F.);
#7786=ORIENTED_EDGE('',*,*,#7785,.F.);
#7787=ORIENTED_EDGE('',*,*,#7761,.T.);
#7788=EDGE_LOOP('',(#7782,#7784,#7786,#7787));
#7789=FACE_OUTER_BOUND('',#7788,.F.);
#7791=FILL_AREA_STYLE_COLOUR('',#10);
#7792=FILL_AREA_STYLE('',(#7791));
#7793=SURFACE_STYLE_FILL_AREA(#7792);
#7794=SURFACE_SIDE_STYLE('',(#7793));
#7795=SURFACE_STYLE_USAGE(.POSITIVE.,#7794);
#7796=PRESENTATION_STYLE_ASSIGNMENT((#7795));
#7797=STYLED_ITEM('',(#7796),#7790);
#7798=CARTESIAN_POINT('',(0.E0,-2.1E0,1.075E0));
#7799=DIRECTION('',(0.E0,-7.071067811865E-1,-7.071067811865E-1));
#7800=DIRECTION('',(0.E0,7.071067811865E-1,-7.071067811865E-1));
#7801=AXIS2_PLACEMENT_3D('',#7798,#7799,#7800);
#7802=PLANE('',#7801);
#7804=ORIENTED_EDGE('',*,*,#7803,.F.);
#7805=ORIENTED_EDGE('',*,*,#7783,.T.);
#7806=ORIENTED_EDGE('',*,*,#7741,.T.);
#7808=ORIENTED_EDGE('',*,*,#7807,.F.);
#7809=EDGE_LOOP('',(#7804,#7805,#7806,#7808));
#7810=FACE_OUTER_BOUND('',#7809,.F.);
#7812=FILL_AREA_STYLE_COLOUR('',#10);
#7813=FILL_AREA_STYLE('',(#7812));
#7814=SURFACE_STYLE_FILL_AREA(#7813);
#7815=SURFACE_SIDE_STYLE('',(#7814));
#7816=SURFACE_STYLE_USAGE(.POSITIVE.,#7815);
#7817=PRESENTATION_STYLE_ASSIGNMENT((#7816));
#7818=STYLED_ITEM('',(#7817),#7811);
#7819=CARTESIAN_POINT('',(3.3E0,-2.15E0,1.025E0));
#7820=DIRECTION('',(0.E0,0.E0,1.E0));
#7821=DIRECTION('',(-1.E0,0.E0,0.E0));
#7822=AXIS2_PLACEMENT_3D('',#7819,#7820,#7821);
#7823=PLANE('',#7822);
#7824=ORIENTED_EDGE('',*,*,#7803,.T.);
#7826=ORIENTED_EDGE('',*,*,#7825,.T.);
#7827=ORIENTED_EDGE('',*,*,#6716,.T.);
#7829=ORIENTED_EDGE('',*,*,#7828,.F.);
#7830=EDGE_LOOP('',(#7824,#7826,#7827,#7829));
#7831=FACE_OUTER_BOUND('',#7830,.F.);
#7833=FILL_AREA_STYLE_COLOUR('',#10);
#7834=FILL_AREA_STYLE('',(#7833));
#7835=SURFACE_STYLE_FILL_AREA(#7834);
#7836=SURFACE_SIDE_STYLE('',(#7835));
#7837=SURFACE_STYLE_USAGE(.POSITIVE.,#7836);
#7838=PRESENTATION_STYLE_ASSIGNMENT((#7837));
#7839=STYLED_ITEM('',(#7838),#7832);
#7840=CARTESIAN_POINT('',(3.3E0,-2.15E0,-1.025E0));
#7841=DIRECTION('',(1.E0,0.E0,0.E0));
#7842=DIRECTION('',(0.E0,0.E0,1.E0));
#7843=AXIS2_PLACEMENT_3D('',#7840,#7841,#7842);
#7844=PLANE('',#7843);
#7846=ORIENTED_EDGE('',*,*,#7845,.T.);
#7847=ORIENTED_EDGE('',*,*,#6616,.T.);
#7848=ORIENTED_EDGE('',*,*,#6718,.T.);
#7849=ORIENTED_EDGE('',*,*,#7825,.F.);
#7851=ORIENTED_EDGE('',*,*,#7850,.T.);
#7853=ORIENTED_EDGE('',*,*,#7852,.T.);
#7855=ORIENTED_EDGE('',*,*,#7854,.F.);
#7857=ORIENTED_EDGE('',*,*,#7856,.F.);
#7858=EDGE_LOOP('',(#7846,#7847,#7848,#7849,#7851,#7853,#7855,#7857));
#7859=FACE_OUTER_BOUND('',#7858,.F.);
#7861=FILL_AREA_STYLE_COLOUR('',#10);
#7862=FILL_AREA_STYLE('',(#7861));
#7863=SURFACE_STYLE_FILL_AREA(#7862);
#7864=SURFACE_SIDE_STYLE('',(#7863));
#7865=SURFACE_STYLE_USAGE(.POSITIVE.,#7864);
#7866=PRESENTATION_STYLE_ASSIGNMENT((#7865));
#7867=STYLED_ITEM('',(#7866),#7860);
#7868=CARTESIAN_POINT('',(3.35E0,-2.1E0,-5.E-1));
#7869=DIRECTION('',(-7.071067811865E-1,-7.071067811865E-1,0.E0));
#7870=DIRECTION('',(-7.071067811865E-1,7.071067811865E-1,0.E0));
#7871=AXIS2_PLACEMENT_3D('',#7868,#7869,#7870);
#7872=PLANE('',#7871);
#7873=ORIENTED_EDGE('',*,*,#7731,.T.);
#7875=ORIENTED_EDGE('',*,*,#7874,.F.);
#7876=ORIENTED_EDGE('',*,*,#7845,.F.);
#7878=ORIENTED_EDGE('',*,*,#7877,.T.);
#7879=EDGE_LOOP('',(#7873,#7875,#7876,#7878));
#7880=FACE_OUTER_BOUND('',#7879,.F.);
#7882=FILL_AREA_STYLE_COLOUR('',#10);
#7883=FILL_AREA_STYLE('',(#7882));
#7884=SURFACE_STYLE_FILL_AREA(#7883);
#7885=SURFACE_SIDE_STYLE('',(#7884));
#7886=SURFACE_STYLE_USAGE(.POSITIVE.,#7885);
#7887=PRESENTATION_STYLE_ASSIGNMENT((#7886));
#7888=STYLED_ITEM('',(#7887),#7881);
#7889=CARTESIAN_POINT('',(1.154631945610E-14,-2.1E0,-1.075E0));
#7890=DIRECTION('',(0.E0,-7.071067811865E-1,7.071067811865E-1));
#7891=DIRECTION('',(0.E0,7.071067811865E-1,7.071067811865E-1));
#7892=AXIS2_PLACEMENT_3D('',#7889,#7890,#7891);
#7893=PLANE('',#7892);
#7894=ORIENTED_EDGE('',*,*,#7729,.T.);
#7896=ORIENTED_EDGE('',*,*,#7895,.F.);
#7897=ORIENTED_EDGE('',*,*,#6618,.F.);
#7898=ORIENTED_EDGE('',*,*,#7874,.T.);
#7899=EDGE_LOOP('',(#7894,#7896,#7897,#7898));
#7900=FACE_OUTER_BOUND('',#7899,.F.);
#7902=FILL_AREA_STYLE_COLOUR('',#10);
#7903=FILL_AREA_STYLE('',(#7902));
#7904=SURFACE_STYLE_FILL_AREA(#7903);
#7905=SURFACE_SIDE_STYLE('',(#7904));
#7906=SURFACE_STYLE_USAGE(.POSITIVE.,#7905);
#7907=PRESENTATION_STYLE_ASSIGNMENT((#7906));
#7908=STYLED_ITEM('',(#7907),#7901);
#7909=CARTESIAN_POINT('',(-3.35E0,-2.1E0,-5.E-1));
#7910=DIRECTION('',(7.071067811865E-1,-7.071067811865E-1,0.E0));
#7911=DIRECTION('',(7.071067811865E-1,7.071067811865E-1,0.E0));
#7912=AXIS2_PLACEMENT_3D('',#7909,#7910,#7911);
#7913=PLANE('',#7912);
#7915=ORIENTED_EDGE('',*,*,#7914,.F.);
#7916=ORIENTED_EDGE('',*,*,#7895,.T.);
#7917=ORIENTED_EDGE('',*,*,#7727,.T.);
#7919=ORIENTED_EDGE('',*,*,#7918,.F.);
#7920=EDGE_LOOP('',(#7915,#7916,#7917,#7919));
#7921=FACE_OUTER_BOUND('',#7920,.F.);
#7923=FILL_AREA_STYLE_COLOUR('',#10);
#7924=FILL_AREA_STYLE('',(#7923));
#7925=SURFACE_STYLE_FILL_AREA(#7924);
#7926=SURFACE_SIDE_STYLE('',(#7925));
#7927=SURFACE_STYLE_USAGE(.POSITIVE.,#7926);
#7928=PRESENTATION_STYLE_ASSIGNMENT((#7927));
#7929=STYLED_ITEM('',(#7928),#7922);
#7930=CARTESIAN_POINT('',(-3.3E0,-2.15E0,1.025E0));
#7931=DIRECTION('',(-1.E0,0.E0,0.E0));
#7932=DIRECTION('',(0.E0,0.E0,-1.E0));
#7933=AXIS2_PLACEMENT_3D('',#7930,#7931,#7932);
#7934=PLANE('',#7933);
#7935=ORIENTED_EDGE('',*,*,#7914,.T.);
#7937=ORIENTED_EDGE('',*,*,#7936,.T.);
#7939=ORIENTED_EDGE('',*,*,#7938,.T.);
#7941=ORIENTED_EDGE('',*,*,#7940,.F.);
#7942=ORIENTED_EDGE('',*,*,#7785,.T.);
#7943=ORIENTED_EDGE('',*,*,#7828,.T.);
#7944=ORIENTED_EDGE('',*,*,#6714,.T.);
#7945=ORIENTED_EDGE('',*,*,#6620,.F.);
#7946=EDGE_LOOP('',(#7935,#7937,#7939,#7941,#7942,#7943,#7944,#7945));
#7947=FACE_OUTER_BOUND('',#7946,.F.);
#7949=FILL_AREA_STYLE_COLOUR('',#10);
#7950=FILL_AREA_STYLE('',(#7949));
#7951=SURFACE_STYLE_FILL_AREA(#7950);
#7952=SURFACE_SIDE_STYLE('',(#7951));
#7953=SURFACE_STYLE_USAGE(.POSITIVE.,#7952);
#7954=PRESENTATION_STYLE_ASSIGNMENT((#7953));
#7955=STYLED_ITEM('',(#7954),#7948);
#7956=CARTESIAN_POINT('',(-3.6E0,-2.15E0,2.5E-2));
#7957=DIRECTION('',(0.E0,0.E0,-1.E0));
#7958=DIRECTION('',(1.E0,0.E0,0.E0));
#7959=AXIS2_PLACEMENT_3D('',#7956,#7957,#7958);
#7960=PLANE('',#7959);
#7962=ORIENTED_EDGE('',*,*,#7961,.T.);
#7964=ORIENTED_EDGE('',*,*,#7963,.T.);
#7966=ORIENTED_EDGE('',*,*,#7965,.T.);
#7967=ORIENTED_EDGE('',*,*,#7936,.F.);
#7968=EDGE_LOOP('',(#7962,#7964,#7966,#7967));
#7969=FACE_OUTER_BOUND('',#7968,.F.);
#7971=FILL_AREA_STYLE_COLOUR('',#10);
#7972=FILL_AREA_STYLE('',(#7971));
#7973=SURFACE_STYLE_FILL_AREA(#7972);
#7974=SURFACE_SIDE_STYLE('',(#7973));
#7975=SURFACE_STYLE_USAGE(.POSITIVE.,#7974);
#7976=PRESENTATION_STYLE_ASSIGNMENT((#7975));
#7977=STYLED_ITEM('',(#7976),#7970);
#7978=CARTESIAN_POINT('',(-3.45E0,-2.1E0,-2.5E-2));
#7979=DIRECTION('',(0.E0,-7.071067811865E-1,7.071067811865E-1));
#7980=DIRECTION('',(0.E0,7.071067811865E-1,7.071067811865E-1));
#7981=AXIS2_PLACEMENT_3D('',#7978,#7979,#7980);
#7982=PLANE('',#7981);
#7983=ORIENTED_EDGE('',*,*,#7961,.F.);
#7984=ORIENTED_EDGE('',*,*,#7918,.T.);
#7985=ORIENTED_EDGE('',*,*,#7725,.T.);
#7987=ORIENTED_EDGE('',*,*,#7986,.F.);
#7988=EDGE_LOOP('',(#7983,#7984,#7985,#7987));
#7989=FACE_OUTER_BOUND('',#7988,.F.);
#7991=FILL_AREA_STYLE_COLOUR('',#10);
#7992=FILL_AREA_STYLE('',(#7991));
#7993=SURFACE_STYLE_FILL_AREA(#7992);
#7994=SURFACE_SIDE_STYLE('',(#7993));
#7995=SURFACE_STYLE_USAGE(.POSITIVE.,#7994);
#7996=PRESENTATION_STYLE_ASSIGNMENT((#7995));
#7997=STYLED_ITEM('',(#7996),#7990);
#7998=CARTESIAN_POINT('',(-3.65E0,-2.1E0,3.25E-1));
#7999=DIRECTION('',(7.071067811865E-1,-7.071067811865E-1,0.E0));
#8000=DIRECTION('',(7.071067811865E-1,7.071067811865E-1,0.E0));
#8001=AXIS2_PLACEMENT_3D('',#7998,#7999,#8000);
#8002=PLANE('',#8001);
#8003=ORIENTED_EDGE('',*,*,#7723,.T.);
#8004=ORIENTED_EDGE('',*,*,#7765,.F.);
#8006=ORIENTED_EDGE('',*,*,#8005,.F.);
#8007=ORIENTED_EDGE('',*,*,#7986,.T.);
#8008=EDGE_LOOP('',(#8003,#8004,#8006,#8007));
#8009=FACE_OUTER_BOUND('',#8008,.F.);
#8011=FILL_AREA_STYLE_COLOUR('',#10);
#8012=FILL_AREA_STYLE('',(#8011));
#8013=SURFACE_STYLE_FILL_AREA(#8012);
#8014=SURFACE_SIDE_STYLE('',(#8013));
#8015=SURFACE_STYLE_USAGE(.POSITIVE.,#8014);
#8016=PRESENTATION_STYLE_ASSIGNMENT((#8015));
#8017=STYLED_ITEM('',(#8016),#8010);
#8018=CARTESIAN_POINT('',(-3.6E0,-2.15E0,6.25E-1));
#8019=DIRECTION('',(-1.E0,0.E0,0.E0));
#8020=DIRECTION('',(0.E0,0.E0,-1.E0));
#8021=AXIS2_PLACEMENT_3D('',#8018,#8019,#8020);
#8022=PLANE('',#8021);
#8023=ORIENTED_EDGE('',*,*,#8005,.T.);
#8025=ORIENTED_EDGE('',*,*,#8024,.T.);
#8027=ORIENTED_EDGE('',*,*,#8026,.T.);
#8028=ORIENTED_EDGE('',*,*,#7963,.F.);
#8029=EDGE_LOOP('',(#8023,#8025,#8027,#8028));
#8030=FACE_OUTER_BOUND('',#8029,.F.);
#8032=FILL_AREA_STYLE_COLOUR('',#10);
#8033=FILL_AREA_STYLE('',(#8032));
#8034=SURFACE_STYLE_FILL_AREA(#8033);
#8035=SURFACE_SIDE_STYLE('',(#8034));
#8036=SURFACE_STYLE_USAGE(.POSITIVE.,#8035);
#8037=PRESENTATION_STYLE_ASSIGNMENT((#8036));
#8038=STYLED_ITEM('',(#8037),#8031);
#8039=CARTESIAN_POINT('',(-3.3E0,-2.15E0,6.25E-1));
#8040=DIRECTION('',(0.E0,0.E0,1.E0));
#8041=DIRECTION('',(-1.E0,0.E0,0.E0));
#8042=AXIS2_PLACEMENT_3D('',#8039,#8040,#8041);
#8043=PLANE('',#8042);
#8044=ORIENTED_EDGE('',*,*,#7763,.T.);
#8045=ORIENTED_EDGE('',*,*,#7940,.T.);
#8047=ORIENTED_EDGE('',*,*,#8046,.T.);
#8048=ORIENTED_EDGE('',*,*,#8024,.F.);
#8049=EDGE_LOOP('',(#8044,#8045,#8047,#8048));
#8050=FACE_OUTER_BOUND('',#8049,.F.);
#8052=FILL_AREA_STYLE_COLOUR('',#10);
#8053=FILL_AREA_STYLE('',(#8052));
#8054=SURFACE_STYLE_FILL_AREA(#8053);
#8055=SURFACE_SIDE_STYLE('',(#8054));
#8056=SURFACE_STYLE_USAGE(.POSITIVE.,#8055);
#8057=PRESENTATION_STYLE_ASSIGNMENT((#8056));
#8058=STYLED_ITEM('',(#8057),#8051);
#8059=CARTESIAN_POINT('',(0.E0,4.5E-1,-1.525E0));
#8060=DIRECTION('',(0.E0,-1.E0,0.E0));
#8061=DIRECTION('',(1.E0,0.E0,0.E0));
#8062=AXIS2_PLACEMENT_3D('',#8059,#8060,#8061);
#8063=PLANE('',#8062);
#8064=ORIENTED_EDGE('',*,*,#7938,.F.);
#8065=ORIENTED_EDGE('',*,*,#7965,.F.);
#8066=ORIENTED_EDGE('',*,*,#8026,.F.);
#8067=ORIENTED_EDGE('',*,*,#8046,.F.);
#8068=EDGE_LOOP('',(#8064,#8065,#8066,#8067));
#8069=FACE_OUTER_BOUND('',#8068,.F.);
#8071=FILL_AREA_STYLE_COLOUR('',#10);
#8072=FILL_AREA_STYLE('',(#8071));
#8073=SURFACE_STYLE_FILL_AREA(#8072);
#8074=SURFACE_SIDE_STYLE('',(#8073));
#8075=SURFACE_STYLE_USAGE(.POSITIVE.,#8074);
#8076=PRESENTATION_STYLE_ASSIGNMENT((#8075));
#8077=STYLED_ITEM('',(#8076),#8070);
#8078=CARTESIAN_POINT('',(0.E0,4.5E-1,-1.525E0));
#8079=DIRECTION('',(0.E0,-1.E0,0.E0));
#8080=DIRECTION('',(1.E0,0.E0,0.E0));
#8081=AXIS2_PLACEMENT_3D('',#8078,#8079,#8080);
#8082=PLANE('',#8081);
#8083=ORIENTED_EDGE('',*,*,#7854,.T.);
#8085=ORIENTED_EDGE('',*,*,#8084,.F.);
#8087=ORIENTED_EDGE('',*,*,#8086,.F.);
#8089=ORIENTED_EDGE('',*,*,#8088,.F.);
#8090=EDGE_LOOP('',(#8083,#8085,#8087,#8089));
#8091=FACE_OUTER_BOUND('',#8090,.F.);
#8093=FILL_AREA_STYLE_COLOUR('',#10);
#8094=FILL_AREA_STYLE('',(#8093));
#8095=SURFACE_STYLE_FILL_AREA(#8094);
#8096=SURFACE_SIDE_STYLE('',(#8095));
#8097=SURFACE_STYLE_USAGE(.POSITIVE.,#8096);
#8098=PRESENTATION_STYLE_ASSIGNMENT((#8097));
#8099=STYLED_ITEM('',(#8098),#8092);
#8100=CARTESIAN_POINT('',(3.6E0,-2.15E0,6.25E-1));
#8101=DIRECTION('',(0.E0,0.E0,1.E0));
#8102=DIRECTION('',(-1.E0,0.E0,0.E0));
#8103=AXIS2_PLACEMENT_3D('',#8100,#8101,#8102);
#8104=PLANE('',#8103);
#8106=ORIENTED_EDGE('',*,*,#8105,.T.);
#8108=ORIENTED_EDGE('',*,*,#8107,.T.);
#8109=ORIENTED_EDGE('',*,*,#8084,.T.);
#8110=ORIENTED_EDGE('',*,*,#7852,.F.);
#8111=EDGE_LOOP('',(#8106,#8108,#8109,#8110));
#8112=FACE_OUTER_BOUND('',#8111,.F.);
#8114=FILL_AREA_STYLE_COLOUR('',#10);
#8115=FILL_AREA_STYLE('',(#8114));
#8116=SURFACE_STYLE_FILL_AREA(#8115);
#8117=SURFACE_SIDE_STYLE('',(#8116));
#8118=SURFACE_STYLE_USAGE(.POSITIVE.,#8117);
#8119=PRESENTATION_STYLE_ASSIGNMENT((#8118));
#8120=STYLED_ITEM('',(#8119),#8113);
#8121=CARTESIAN_POINT('',(3.45E0,-2.1E0,6.75E-1));
#8122=DIRECTION('',(0.E0,-7.071067811865E-1,-7.071067811865E-1));
#8123=DIRECTION('',(0.E0,7.071067811865E-1,-7.071067811865E-1));
#8124=AXIS2_PLACEMENT_3D('',#8121,#8122,#8123);
#8125=PLANE('',#8124);
#8126=ORIENTED_EDGE('',*,*,#8105,.F.);
#8128=ORIENTED_EDGE('',*,*,#8127,.T.);
#8129=ORIENTED_EDGE('',*,*,#7737,.T.);
#8131=ORIENTED_EDGE('',*,*,#8130,.F.);
#8132=EDGE_LOOP('',(#8126,#8128,#8129,#8131));
#8133=FACE_OUTER_BOUND('',#8132,.F.);
#8135=FILL_AREA_STYLE_COLOUR('',#10);
#8136=FILL_AREA_STYLE('',(#8135));
#8137=SURFACE_STYLE_FILL_AREA(#8136);
#8138=SURFACE_SIDE_STYLE('',(#8137));
#8139=SURFACE_STYLE_USAGE(.POSITIVE.,#8138);
#8140=PRESENTATION_STYLE_ASSIGNMENT((#8139));
#8141=STYLED_ITEM('',(#8140),#8134);
#8142=CARTESIAN_POINT('',(3.35E0,-2.1E0,8.25E-1));
#8143=DIRECTION('',(-7.071067811865E-1,-7.071067811865E-1,0.E0));
#8144=DIRECTION('',(-7.071067811865E-1,7.071067811865E-1,0.E0));
#8145=AXIS2_PLACEMENT_3D('',#8142,#8143,#8144);
#8146=PLANE('',#8145);
#8147=ORIENTED_EDGE('',*,*,#7850,.F.);
#8148=ORIENTED_EDGE('',*,*,#7807,.T.);
#8149=ORIENTED_EDGE('',*,*,#7739,.T.);
#8150=ORIENTED_EDGE('',*,*,#8127,.F.);
#8151=EDGE_LOOP('',(#8147,#8148,#8149,#8150));
#8152=FACE_OUTER_BOUND('',#8151,.F.);
#8154=FILL_AREA_STYLE_COLOUR('',#10);
#8155=FILL_AREA_STYLE('',(#8154));
#8156=SURFACE_STYLE_FILL_AREA(#8155);
#8157=SURFACE_SIDE_STYLE('',(#8156));
#8158=SURFACE_STYLE_USAGE(.POSITIVE.,#8157);
#8159=PRESENTATION_STYLE_ASSIGNMENT((#8158));
#8160=STYLED_ITEM('',(#8159),#8153);
#8161=CARTESIAN_POINT('',(3.65E0,-2.1E0,3.25E-1));
#8162=DIRECTION('',(-7.071067811865E-1,-7.071067811865E-1,0.E0));
#8163=DIRECTION('',(-7.071067811865E-1,7.071067811865E-1,0.E0));
#8164=AXIS2_PLACEMENT_3D('',#8161,#8162,#8163);
#8165=PLANE('',#8164);
#8166=ORIENTED_EDGE('',*,*,#7735,.T.);
#8168=ORIENTED_EDGE('',*,*,#8167,.F.);
#8170=ORIENTED_EDGE('',*,*,#8169,.F.);
#8171=ORIENTED_EDGE('',*,*,#8130,.T.);
#8172=EDGE_LOOP('',(#8166,#8168,#8170,#8171));
#8173=FACE_OUTER_BOUND('',#8172,.F.);
#8175=FILL_AREA_STYLE_COLOUR('',#10);
#8176=FILL_AREA_STYLE('',(#8175));
#8177=SURFACE_STYLE_FILL_AREA(#8176);
#8178=SURFACE_SIDE_STYLE('',(#8177));
#8179=SURFACE_STYLE_USAGE(.POSITIVE.,#8178);
#8180=PRESENTATION_STYLE_ASSIGNMENT((#8179));
#8181=STYLED_ITEM('',(#8180),#8174);
#8182=CARTESIAN_POINT('',(3.45E0,-2.1E0,-2.500000000001E-2));
#8183=DIRECTION('',(0.E0,-7.071067811865E-1,7.071067811865E-1));
#8184=DIRECTION('',(0.E0,7.071067811865E-1,7.071067811865E-1));
#8185=AXIS2_PLACEMENT_3D('',#8182,#8183,#8184);
#8186=PLANE('',#8185);
#8187=ORIENTED_EDGE('',*,*,#7733,.T.);
#8188=ORIENTED_EDGE('',*,*,#7877,.F.);
#8190=ORIENTED_EDGE('',*,*,#8189,.F.);
#8191=ORIENTED_EDGE('',*,*,#8167,.T.);
#8192=EDGE_LOOP('',(#8187,#8188,#8190,#8191));
#8193=FACE_OUTER_BOUND('',#8192,.F.);
#8195=FILL_AREA_STYLE_COLOUR('',#10);
#8196=FILL_AREA_STYLE('',(#8195));
#8197=SURFACE_STYLE_FILL_AREA(#8196);
#8198=SURFACE_SIDE_STYLE('',(#8197));
#8199=SURFACE_STYLE_USAGE(.POSITIVE.,#8198);
#8200=PRESENTATION_STYLE_ASSIGNMENT((#8199));
#8201=STYLED_ITEM('',(#8200),#8194);
#8202=CARTESIAN_POINT('',(3.3E0,-2.15E0,2.499999999999E-2));
#8203=DIRECTION('',(0.E0,0.E0,-1.E0));
#8204=DIRECTION('',(1.E0,0.E0,0.E0));
#8205=AXIS2_PLACEMENT_3D('',#8202,#8203,#8204);
#8206=PLANE('',#8205);
#8207=ORIENTED_EDGE('',*,*,#8189,.T.);
#8208=ORIENTED_EDGE('',*,*,#7856,.T.);
#8209=ORIENTED_EDGE('',*,*,#8088,.T.);
#8211=ORIENTED_EDGE('',*,*,#8210,.F.);
#8212=EDGE_LOOP('',(#8207,#8208,#8209,#8211));
#8213=FACE_OUTER_BOUND('',#8212,.F.);
#8215=FILL_AREA_STYLE_COLOUR('',#10);
#8216=FILL_AREA_STYLE('',(#8215));
#8217=SURFACE_STYLE_FILL_AREA(#8216);
#8218=SURFACE_SIDE_STYLE('',(#8217));
#8219=SURFACE_STYLE_USAGE(.POSITIVE.,#8218);
#8220=PRESENTATION_STYLE_ASSIGNMENT((#8219));
#8221=STYLED_ITEM('',(#8220),#8214);
#8222=CARTESIAN_POINT('',(3.6E0,-2.15E0,2.499999999999E-2));
#8223=DIRECTION('',(1.E0,0.E0,0.E0));
#8224=DIRECTION('',(0.E0,0.E0,1.E0));
#8225=AXIS2_PLACEMENT_3D('',#8222,#8223,#8224);
#8226=PLANE('',#8225);
#8227=ORIENTED_EDGE('',*,*,#8169,.T.);
#8228=ORIENTED_EDGE('',*,*,#8210,.T.);
#8229=ORIENTED_EDGE('',*,*,#8086,.T.);
#8230=ORIENTED_EDGE('',*,*,#8107,.F.);
#8231=EDGE_LOOP('',(#8227,#8228,#8229,#8230));
#8232=FACE_OUTER_BOUND('',#8231,.F.);
#8234=FILL_AREA_STYLE_COLOUR('',#10);
#8235=FILL_AREA_STYLE('',(#8234));
#8236=SURFACE_STYLE_FILL_AREA(#8235);
#8237=SURFACE_SIDE_STYLE('',(#8236));
#8238=SURFACE_STYLE_USAGE(.POSITIVE.,#8237);
#8239=PRESENTATION_STYLE_ASSIGNMENT((#8238));
#8240=STYLED_ITEM('',(#8239),#8233);
#8241=CARTESIAN_POINT('',(4.15E0,-2.15E0,-1.175E0));
#8242=DIRECTION('',(0.E0,0.E0,1.E0));
#8243=DIRECTION('',(-1.E0,0.E0,0.E0));
#8244=AXIS2_PLACEMENT_3D('',#8241,#8242,#8243);
#8245=PLANE('',#8244);
#8247=ORIENTED_EDGE('',*,*,#8246,.F.);
#8249=ORIENTED_EDGE('',*,*,#8248,.F.);
#8251=ORIENTED_EDGE('',*,*,#8250,.F.);
#8252=ORIENTED_EDGE('',*,*,#7713,.F.);
#8253=ORIENTED_EDGE('',*,*,#5976,.T.);
#8254=ORIENTED_EDGE('',*,*,#6467,.T.);
#8256=ORIENTED_EDGE('',*,*,#8255,.T.);
#8258=ORIENTED_EDGE('',*,*,#8257,.F.);
#8260=ORIENTED_EDGE('',*,*,#8259,.F.);
#8262=ORIENTED_EDGE('',*,*,#8261,.T.);
#8263=EDGE_LOOP('',(#8247,#8249,#8251,#8252,#8253,#8254,#8256,#8258,#8260,
#8262));
#8264=FACE_OUTER_BOUND('',#8263,.F.);
#8266=FILL_AREA_STYLE_COLOUR('',#10);
#8267=FILL_AREA_STYLE('',(#8266));
#8268=SURFACE_STYLE_FILL_AREA(#8267);
#8269=SURFACE_SIDE_STYLE('',(#8268));
#8270=SURFACE_STYLE_USAGE(.POSITIVE.,#8269);
#8271=PRESENTATION_STYLE_ASSIGNMENT((#8270));
#8272=STYLED_ITEM('',(#8271),#8265);
#8273=CARTESIAN_POINT('',(3.76E0,-1.95E0,-1.175E0));
#8274=DIRECTION('',(-1.E0,0.E0,0.E0));
#8275=DIRECTION('',(0.E0,1.E0,0.E0));
#8276=AXIS2_PLACEMENT_3D('',#8273,#8274,#8275);
#8277=PLANE('',#8276);
#8279=ORIENTED_EDGE('',*,*,#8278,.F.);
#8280=ORIENTED_EDGE('',*,*,#8246,.T.);
#8282=ORIENTED_EDGE('',*,*,#8281,.T.);
#8284=ORIENTED_EDGE('',*,*,#8283,.F.);
#8285=EDGE_LOOP('',(#8279,#8280,#8282,#8284));
#8286=FACE_OUTER_BOUND('',#8285,.F.);
#8288=FILL_AREA_STYLE_COLOUR('',#10);
#8289=FILL_AREA_STYLE('',(#8288));
#8290=SURFACE_STYLE_FILL_AREA(#8289);
#8291=SURFACE_SIDE_STYLE('',(#8290));
#8292=SURFACE_STYLE_USAGE(.POSITIVE.,#8291);
#8293=PRESENTATION_STYLE_ASSIGNMENT((#8292));
#8294=STYLED_ITEM('',(#8293),#8287);
#8295=CARTESIAN_POINT('',(3.46E0,-1.95E0,-1.175E0));
#8296=DIRECTION('',(0.E0,1.E0,0.E0));
#8297=DIRECTION('',(1.E0,0.E0,0.E0));
#8298=AXIS2_PLACEMENT_3D('',#8295,#8296,#8297);
#8299=PLANE('',#8298);
#8300=ORIENTED_EDGE('',*,*,#8278,.T.);
#8302=ORIENTED_EDGE('',*,*,#8301,.F.);
#8304=ORIENTED_EDGE('',*,*,#8303,.F.);
#8305=ORIENTED_EDGE('',*,*,#8248,.T.);
#8306=EDGE_LOOP('',(#8300,#8302,#8304,#8305));
#8307=FACE_OUTER_BOUND('',#8306,.F.);
#8309=FILL_AREA_STYLE_COLOUR('',#10);
#8310=FILL_AREA_STYLE('',(#8309));
#8311=SURFACE_STYLE_FILL_AREA(#8310);
#8312=SURFACE_SIDE_STYLE('',(#8311));
#8313=SURFACE_STYLE_USAGE(.POSITIVE.,#8312);
#8314=PRESENTATION_STYLE_ASSIGNMENT((#8313));
#8315=STYLED_ITEM('',(#8314),#8308);
#8316=CARTESIAN_POINT('',(0.E0,-2.15E0,-7.5E-2));
#8317=DIRECTION('',(0.E0,0.E0,1.E0));
#8318=DIRECTION('',(-1.E0,0.E0,0.E0));
#8319=AXIS2_PLACEMENT_3D('',#8316,#8317,#8318);
#8320=PLANE('',#8319);
#8321=ORIENTED_EDGE('',*,*,#8283,.T.);
#8323=ORIENTED_EDGE('',*,*,#8322,.T.);
#8325=ORIENTED_EDGE('',*,*,#8324,.T.);
#8326=ORIENTED_EDGE('',*,*,#8301,.T.);
#8327=EDGE_LOOP('',(#8321,#8323,#8325,#8326));
#8328=FACE_OUTER_BOUND('',#8327,.F.);
#8330=FILL_AREA_STYLE_COLOUR('',#10);
#8331=FILL_AREA_STYLE('',(#8330));
#8332=SURFACE_STYLE_FILL_AREA(#8331);
#8333=SURFACE_SIDE_STYLE('',(#8332));
#8334=SURFACE_STYLE_USAGE(.POSITIVE.,#8333);
#8335=PRESENTATION_STYLE_ASSIGNMENT((#8334));
#8336=STYLED_ITEM('',(#8335),#8329);
#8337=CARTESIAN_POINT('',(0.E0,-2.15E0,-7.5E-2));
#8338=DIRECTION('',(0.E0,0.E0,1.E0));
#8339=DIRECTION('',(-1.E0,0.E0,0.E0));
#8340=AXIS2_PLACEMENT_3D('',#8337,#8338,#8339);
#8341=PLANE('',#8340);
#8343=ORIENTED_EDGE('',*,*,#8342,.T.);
#8345=ORIENTED_EDGE('',*,*,#8344,.T.);
#8347=ORIENTED_EDGE('',*,*,#8346,.T.);
#8348=ORIENTED_EDGE('',*,*,#6463,.T.);
#8349=EDGE_LOOP('',(#8343,#8345,#8347,#8348));
#8350=FACE_OUTER_BOUND('',#8349,.F.);
#8352=FILL_AREA_STYLE_COLOUR('',#10);
#8353=FILL_AREA_STYLE('',(#8352));
#8354=SURFACE_STYLE_FILL_AREA(#8353);
#8355=SURFACE_SIDE_STYLE('',(#8354));
#8356=SURFACE_STYLE_USAGE(.POSITIVE.,#8355);
#8357=PRESENTATION_STYLE_ASSIGNMENT((#8356));
#8358=STYLED_ITEM('',(#8357),#8351);
#8359=CARTESIAN_POINT('',(3.76E0,-8.383E-1,-1.175E0));
#8360=DIRECTION('',(0.E0,-1.E0,0.E0));
#8361=DIRECTION('',(-1.E0,0.E0,0.E0));
#8362=AXIS2_PLACEMENT_3D('',#8359,#8360,#8361);
#8363=PLANE('',#8362);
#8364=ORIENTED_EDGE('',*,*,#8281,.F.);
#8365=ORIENTED_EDGE('',*,*,#8261,.F.);
#8367=ORIENTED_EDGE('',*,*,#8366,.T.);
#8368=ORIENTED_EDGE('',*,*,#8322,.F.);
#8369=EDGE_LOOP('',(#8364,#8365,#8367,#8368));
#8370=FACE_OUTER_BOUND('',#8369,.F.);
#8372=FILL_AREA_STYLE_COLOUR('',#10);
#8373=FILL_AREA_STYLE('',(#8372));
#8374=SURFACE_STYLE_FILL_AREA(#8373);
#8375=SURFACE_SIDE_STYLE('',(#8374));
#8376=SURFACE_STYLE_USAGE(.POSITIVE.,#8375);
#8377=PRESENTATION_STYLE_ASSIGNMENT((#8376));
#8378=STYLED_ITEM('',(#8377),#8371);
#8379=CARTESIAN_POINT('',(3.46E0,-2.15E0,-1.175E0));
#8380=DIRECTION('',(-1.E0,0.E0,0.E0));
#8381=DIRECTION('',(0.E0,0.E0,-1.E0));
#8382=AXIS2_PLACEMENT_3D('',#8379,#8380,#8381);
#8383=PLANE('',#8382);
#8384=ORIENTED_EDGE('',*,*,#6461,.F.);
#8386=ORIENTED_EDGE('',*,*,#8385,.T.);
#8388=ORIENTED_EDGE('',*,*,#8387,.F.);
#8390=ORIENTED_EDGE('',*,*,#8389,.F.);
#8391=ORIENTED_EDGE('',*,*,#7001,.F.);
#8392=ORIENTED_EDGE('',*,*,#7349,.T.);
#8393=ORIENTED_EDGE('',*,*,#7198,.T.);
#8394=ORIENTED_EDGE('',*,*,#6428,.F.);
#8396=ORIENTED_EDGE('',*,*,#8395,.F.);
#8397=ORIENTED_EDGE('',*,*,#7715,.T.);
#8398=ORIENTED_EDGE('',*,*,#8250,.T.);
#8399=ORIENTED_EDGE('',*,*,#8303,.T.);
#8400=ORIENTED_EDGE('',*,*,#8324,.F.);
#8401=ORIENTED_EDGE('',*,*,#8366,.F.);
#8402=ORIENTED_EDGE('',*,*,#8259,.T.);
#8404=ORIENTED_EDGE('',*,*,#8403,.T.);
#8405=ORIENTED_EDGE('',*,*,#8342,.F.);
#8406=EDGE_LOOP('',(#8384,#8386,#8388,#8390,#8391,#8392,#8393,#8394,#8396,#8397,
#8398,#8399,#8400,#8401,#8402,#8404,#8405));
#8407=FACE_OUTER_BOUND('',#8406,.F.);
#8409=FILL_AREA_STYLE_COLOUR('',#10);
#8410=FILL_AREA_STYLE('',(#8409));
#8411=SURFACE_STYLE_FILL_AREA(#8410);
#8412=SURFACE_SIDE_STYLE('',(#8411));
#8413=SURFACE_STYLE_USAGE(.POSITIVE.,#8412);
#8414=PRESENTATION_STYLE_ASSIGNMENT((#8413));
#8415=STYLED_ITEM('',(#8414),#8408);
#8416=CARTESIAN_POINT('',(3.46E0,1.55E0,3.25E-1));
#8417=DIRECTION('',(0.E0,0.E0,1.E0));
#8418=DIRECTION('',(1.E0,0.E0,0.E0));
#8419=AXIS2_PLACEMENT_3D('',#8416,#8417,#8418);
#8420=PLANE('',#8419);
#8421=ORIENTED_EDGE('',*,*,#8385,.F.);
#8422=ORIENTED_EDGE('',*,*,#6459,.T.);
#8424=ORIENTED_EDGE('',*,*,#8423,.T.);
#8426=ORIENTED_EDGE('',*,*,#8425,.F.);
#8427=EDGE_LOOP('',(#8421,#8422,#8424,#8426));
#8428=FACE_OUTER_BOUND('',#8427,.F.);
#8430=FILL_AREA_STYLE_COLOUR('',#10);
#8431=FILL_AREA_STYLE('',(#8430));
#8432=SURFACE_STYLE_FILL_AREA(#8431);
#8433=SURFACE_SIDE_STYLE('',(#8432));
#8434=SURFACE_STYLE_USAGE(.POSITIVE.,#8433);
#8435=PRESENTATION_STYLE_ASSIGNMENT((#8434));
#8436=STYLED_ITEM('',(#8435),#8429);
#8437=CARTESIAN_POINT('',(3.76E0,1.55E0,3.25E-1));
#8438=DIRECTION('',(-1.E0,0.E0,0.E0));
#8439=DIRECTION('',(0.E0,0.E0,1.E0));
#8440=AXIS2_PLACEMENT_3D('',#8437,#8438,#8439);
#8441=PLANE('',#8440);
#8442=ORIENTED_EDGE('',*,*,#8423,.F.);
#8443=ORIENTED_EDGE('',*,*,#6457,.T.);
#8445=ORIENTED_EDGE('',*,*,#8444,.T.);
#8447=ORIENTED_EDGE('',*,*,#8446,.F.);
#8448=EDGE_LOOP('',(#8442,#8443,#8445,#8447));
#8449=FACE_OUTER_BOUND('',#8448,.F.);
#8451=FILL_AREA_STYLE_COLOUR('',#10);
#8452=FILL_AREA_STYLE('',(#8451));
#8453=SURFACE_STYLE_FILL_AREA(#8452);
#8454=SURFACE_SIDE_STYLE('',(#8453));
#8455=SURFACE_STYLE_USAGE(.POSITIVE.,#8454);
#8456=PRESENTATION_STYLE_ASSIGNMENT((#8455));
#8457=STYLED_ITEM('',(#8456),#8450);
#8458=CARTESIAN_POINT('',(3.76E0,1.55E0,9.25E-1));
#8459=DIRECTION('',(0.E0,0.E0,-1.E0));
#8460=DIRECTION('',(-1.E0,0.E0,0.E0));
#8461=AXIS2_PLACEMENT_3D('',#8458,#8459,#8460);
#8462=PLANE('',#8461);
#8463=ORIENTED_EDGE('',*,*,#8389,.T.);
#8465=ORIENTED_EDGE('',*,*,#8464,.F.);
#8466=ORIENTED_EDGE('',*,*,#8444,.F.);
#8467=ORIENTED_EDGE('',*,*,#6455,.T.);
#8468=EDGE_LOOP('',(#8463,#8465,#8466,#8467));
#8469=FACE_OUTER_BOUND('',#8468,.F.);
#8471=FILL_AREA_STYLE_COLOUR('',#10);
#8472=FILL_AREA_STYLE('',(#8471));
#8473=SURFACE_STYLE_FILL_AREA(#8472);
#8474=SURFACE_SIDE_STYLE('',(#8473));
#8475=SURFACE_STYLE_USAGE(.POSITIVE.,#8474);
#8476=PRESENTATION_STYLE_ASSIGNMENT((#8475));
#8477=STYLED_ITEM('',(#8476),#8470);
#8478=CARTESIAN_POINT('',(4.15E0,5.5E-1,-1.525E0));
#8479=DIRECTION('',(0.E0,-1.E0,0.E0));
#8480=DIRECTION('',(-1.E0,0.E0,0.E0));
#8481=AXIS2_PLACEMENT_3D('',#8478,#8479,#8480);
#8482=PLANE('',#8481);
#8483=ORIENTED_EDGE('',*,*,#8387,.T.);
#8484=ORIENTED_EDGE('',*,*,#8425,.T.);
#8485=ORIENTED_EDGE('',*,*,#8446,.T.);
#8486=ORIENTED_EDGE('',*,*,#8464,.T.);
#8487=EDGE_LOOP('',(#8483,#8484,#8485,#8486));
#8488=FACE_OUTER_BOUND('',#8487,.F.);
#8490=FILL_AREA_STYLE_COLOUR('',#10);
#8491=FILL_AREA_STYLE('',(#8490));
#8492=SURFACE_STYLE_FILL_AREA(#8491);
#8493=SURFACE_SIDE_STYLE('',(#8492));
#8494=SURFACE_STYLE_USAGE(.POSITIVE.,#8493);
#8495=PRESENTATION_STYLE_ASSIGNMENT((#8494));
#8496=STYLED_ITEM('',(#8495),#8489);
#8497=CARTESIAN_POINT('',(0.E0,0.E0,-1.525E0));
#8498=DIRECTION('',(0.E0,0.E0,1.E0));
#8499=DIRECTION('',(1.E0,0.E0,0.E0));
#8500=AXIS2_PLACEMENT_3D('',#8497,#8498,#8499);
#8501=PLANE('',#8500);
#8502=ORIENTED_EDGE('',*,*,#6426,.F.);
#8503=ORIENTED_EDGE('',*,*,#7412,.F.);
#8504=ORIENTED_EDGE('',*,*,#7717,.T.);
#8505=ORIENTED_EDGE('',*,*,#8395,.T.);
#8506=EDGE_LOOP('',(#8502,#8503,#8504,#8505));
#8507=FACE_OUTER_BOUND('',#8506,.F.);
#8509=FILL_AREA_STYLE_COLOUR('',#10);
#8510=FILL_AREA_STYLE('',(#8509));
#8511=SURFACE_STYLE_FILL_AREA(#8510);
#8512=SURFACE_SIDE_STYLE('',(#8511));
#8513=SURFACE_STYLE_USAGE(.POSITIVE.,#8512);
#8514=PRESENTATION_STYLE_ASSIGNMENT((#8513));
#8515=STYLED_ITEM('',(#8514),#8508);
#8516=CARTESIAN_POINT('',(3.46E0,-1.893403067304E-1,-1.175E0));
#8517=DIRECTION('',(0.E0,1.E0,0.E0));
#8518=DIRECTION('',(1.E0,0.E0,0.E0));
#8519=AXIS2_PLACEMENT_3D('',#8516,#8517,#8518);
#8520=PLANE('',#8519);
#8521=ORIENTED_EDGE('',*,*,#8403,.F.);
#8522=ORIENTED_EDGE('',*,*,#8257,.T.);
#8524=ORIENTED_EDGE('',*,*,#8523,.T.);
#8525=ORIENTED_EDGE('',*,*,#8344,.F.);
#8526=EDGE_LOOP('',(#8521,#8522,#8524,#8525));
#8527=FACE_OUTER_BOUND('',#8526,.F.);
#8529=FILL_AREA_STYLE_COLOUR('',#10);
#8530=FILL_AREA_STYLE('',(#8529));
#8531=SURFACE_STYLE_FILL_AREA(#8530);
#8532=SURFACE_SIDE_STYLE('',(#8531));
#8533=SURFACE_STYLE_USAGE(.POSITIVE.,#8532);
#8534=PRESENTATION_STYLE_ASSIGNMENT((#8533));
#8535=STYLED_ITEM('',(#8534),#8528);
#8536=CARTESIAN_POINT('',(3.76E0,-1.893403067304E-1,-1.175E0));
#8537=DIRECTION('',(-1.E0,0.E0,0.E0));
#8538=DIRECTION('',(0.E0,1.E0,0.E0));
#8539=AXIS2_PLACEMENT_3D('',#8536,#8537,#8538);
#8540=PLANE('',#8539);
#8541=ORIENTED_EDGE('',*,*,#8346,.F.);
#8542=ORIENTED_EDGE('',*,*,#8523,.F.);
#8543=ORIENTED_EDGE('',*,*,#8255,.F.);
#8544=ORIENTED_EDGE('',*,*,#6465,.T.);
#8545=EDGE_LOOP('',(#8541,#8542,#8543,#8544));
#8546=FACE_OUTER_BOUND('',#8545,.F.);
#8548=FILL_AREA_STYLE_COLOUR('',#10);
#8549=FILL_AREA_STYLE('',(#8548));
#8550=SURFACE_STYLE_FILL_AREA(#8549);
#8551=SURFACE_SIDE_STYLE('',(#8550));
#8552=SURFACE_STYLE_USAGE(.POSITIVE.,#8551);
#8553=PRESENTATION_STYLE_ASSIGNMENT((#8552));
#8554=STYLED_ITEM('',(#8553),#8547);
#8555=CARTESIAN_POINT('',(-3.46E0,-1.95E0,-1.175E0));
#8556=DIRECTION('',(0.E0,-1.E0,0.E0));
#8557=DIRECTION('',(-1.E0,0.E0,0.E0));
#8558=AXIS2_PLACEMENT_3D('',#8555,#8556,#8557);
#8559=PLANE('',#8558);
#8560=ORIENTED_EDGE('',*,*,#7592,.F.);
#8561=ORIENTED_EDGE('',*,*,#7406,.T.);
#8562=ORIENTED_EDGE('',*,*,#7515,.T.);
#8563=ORIENTED_EDGE('',*,*,#7558,.F.);
#8564=EDGE_LOOP('',(#8560,#8561,#8562,#8563));
#8565=FACE_OUTER_BOUND('',#8564,.F.);
#8567=FILL_AREA_STYLE_COLOUR('',#10);
#8568=FILL_AREA_STYLE('',(#8567));
#8569=SURFACE_STYLE_FILL_AREA(#8568);
#8570=SURFACE_SIDE_STYLE('',(#8569));
#8571=SURFACE_STYLE_USAGE(.POSITIVE.,#8570);
#8572=PRESENTATION_STYLE_ASSIGNMENT((#8571));
#8573=STYLED_ITEM('',(#8572),#8566);
#8574=CARTESIAN_POINT('',(-1.73E0,2.05E0,-2.25E-1));
#8575=DIRECTION('',(7.071067811865E-1,7.071067811865E-1,0.E0));
#8576=DIRECTION('',(7.071067811865E-1,-7.071067811865E-1,0.E0));
#8577=AXIS2_PLACEMENT_3D('',#8574,#8575,#8576);
#8578=PLANE('',#8577);
#8579=ORIENTED_EDGE('',*,*,#7090,.T.);
#8581=ORIENTED_EDGE('',*,*,#8580,.F.);
#8582=ORIENTED_EDGE('',*,*,#6893,.T.);
#8583=ORIENTED_EDGE('',*,*,#7262,.T.);
#8584=EDGE_LOOP('',(#8579,#8581,#8582,#8583));
#8585=FACE_OUTER_BOUND('',#8584,.F.);
#8587=FILL_AREA_STYLE_COLOUR('',#10);
#8588=FILL_AREA_STYLE('',(#8587));
#8589=SURFACE_STYLE_FILL_AREA(#8588);
#8590=SURFACE_SIDE_STYLE('',(#8589));
#8591=SURFACE_STYLE_USAGE(.POSITIVE.,#8590);
#8592=PRESENTATION_STYLE_ASSIGNMENT((#8591));
#8593=STYLED_ITEM('',(#8592),#8586);
#8594=CARTESIAN_POINT('',(-1.63E0,2.15E0,9.25E-1));
#8595=DIRECTION('',(-1.E0,0.E0,0.E0));
#8596=DIRECTION('',(0.E0,-1.E0,0.E0));
#8597=AXIS2_PLACEMENT_3D('',#8594,#8595,#8596);
#8598=PLANE('',#8597);
#8599=ORIENTED_EDGE('',*,*,#6412,.F.);
#8600=ORIENTED_EDGE('',*,*,#6631,.F.);
#8601=ORIENTED_EDGE('',*,*,#6704,.T.);
#8603=ORIENTED_EDGE('',*,*,#8602,.T.);
#8604=ORIENTED_EDGE('',*,*,#6498,.F.);
#8605=ORIENTED_EDGE('',*,*,#6895,.F.);
#8606=ORIENTED_EDGE('',*,*,#8580,.T.);
#8607=ORIENTED_EDGE('',*,*,#7099,.F.);
#8608=EDGE_LOOP('',(#8599,#8600,#8601,#8603,#8604,#8605,#8606,#8607));
#8609=FACE_OUTER_BOUND('',#8608,.F.);
#8611=FILL_AREA_STYLE_COLOUR('',#10);
#8612=FILL_AREA_STYLE('',(#8611));
#8613=SURFACE_STYLE_FILL_AREA(#8612);
#8614=SURFACE_SIDE_STYLE('',(#8613));
#8615=SURFACE_STYLE_USAGE(.POSITIVE.,#8614);
#8616=PRESENTATION_STYLE_ASSIGNMENT((#8615));
#8617=STYLED_ITEM('',(#8616),#8610);
#8618=CARTESIAN_POINT('',(-1.37E0,8.5E-1,-4.25E-1));
#8619=DIRECTION('',(0.E0,0.E0,1.E0));
#8620=DIRECTION('',(-1.E0,0.E0,0.E0));
#8621=AXIS2_PLACEMENT_3D('',#8618,#8619,#8620);
#8622=PLANE('',#8621);
#8624=ORIENTED_EDGE('',*,*,#8623,.T.);
#8625=ORIENTED_EDGE('',*,*,#6500,.T.);
#8626=ORIENTED_EDGE('',*,*,#8602,.F.);
#8627=ORIENTED_EDGE('',*,*,#6702,.F.);
#8628=EDGE_LOOP('',(#8624,#8625,#8626,#8627));
#8629=FACE_OUTER_BOUND('',#8628,.F.);
#8631=FILL_AREA_STYLE_COLOUR('',#10);
#8632=FILL_AREA_STYLE('',(#8631));
#8633=SURFACE_STYLE_FILL_AREA(#8632);
#8634=SURFACE_SIDE_STYLE('',(#8633));
#8635=SURFACE_STYLE_USAGE(.POSITIVE.,#8634);
#8636=PRESENTATION_STYLE_ASSIGNMENT((#8635));
#8637=STYLED_ITEM('',(#8636),#8630);
#8638=CARTESIAN_POINT('',(-1.37E0,1.55E0,9.25E-1));
#8639=DIRECTION('',(1.E0,0.E0,0.E0));
#8640=DIRECTION('',(0.E0,1.E0,0.E0));
#8641=AXIS2_PLACEMENT_3D('',#8638,#8639,#8640);
#8642=PLANE('',#8641);
#8643=ORIENTED_EDGE('',*,*,#6502,.T.);
#8644=ORIENTED_EDGE('',*,*,#8623,.F.);
#8645=ORIENTED_EDGE('',*,*,#6700,.F.);
#8646=ORIENTED_EDGE('',*,*,#6634,.T.);
#8647=ORIENTED_EDGE('',*,*,#6408,.T.);
#8648=ORIENTED_EDGE('',*,*,#7122,.T.);
#8650=ORIENTED_EDGE('',*,*,#8649,.T.);
#8651=ORIENTED_EDGE('',*,*,#6924,.T.);
#8652=EDGE_LOOP('',(#8643,#8644,#8645,#8646,#8647,#8648,#8650,#8651));
#8653=FACE_OUTER_BOUND('',#8652,.F.);
#8655=FILL_AREA_STYLE_COLOUR('',#10);
#8656=FILL_AREA_STYLE('',(#8655));
#8657=SURFACE_STYLE_FILL_AREA(#8656);
#8658=SURFACE_SIDE_STYLE('',(#8657));
#8659=SURFACE_STYLE_USAGE(.POSITIVE.,#8658);
#8660=PRESENTATION_STYLE_ASSIGNMENT((#8659));
#8661=STYLED_ITEM('',(#8660),#8654);
#8662=CARTESIAN_POINT('',(-1.27E0,2.05E0,-2.25E-1));
#8663=DIRECTION('',(-7.071067811865E-1,7.071067811865E-1,0.E0));
#8664=DIRECTION('',(-7.071067811865E-1,-7.071067811865E-1,0.E0));
#8665=AXIS2_PLACEMENT_3D('',#8662,#8663,#8664);
#8666=PLANE('',#8665);
#8667=ORIENTED_EDGE('',*,*,#6926,.T.);
#8668=ORIENTED_EDGE('',*,*,#8649,.F.);
#8669=ORIENTED_EDGE('',*,*,#7120,.T.);
#8670=ORIENTED_EDGE('',*,*,#7286,.T.);
#8671=EDGE_LOOP('',(#8667,#8668,#8669,#8670));
#8672=FACE_OUTER_BOUND('',#8671,.F.);
#8674=FILL_AREA_STYLE_COLOUR('',#10);
#8675=FILL_AREA_STYLE('',(#8674));
#8676=SURFACE_STYLE_FILL_AREA(#8675);
#8677=SURFACE_SIDE_STYLE('',(#8676));
#8678=SURFACE_STYLE_USAGE(.POSITIVE.,#8677);
#8679=PRESENTATION_STYLE_ASSIGNMENT((#8678));
#8680=STYLED_ITEM('',(#8679),#8673);
#8681=CARTESIAN_POINT('',(-2.27E0,2.05E0,-2.25E-1));
#8682=DIRECTION('',(-7.071067811865E-1,7.071067811865E-1,0.E0));
#8683=DIRECTION('',(-7.071067811865E-1,-7.071067811865E-1,0.E0));
#8684=AXIS2_PLACEMENT_3D('',#8681,#8682,#8683);
#8685=PLANE('',#8684);
#8686=ORIENTED_EDGE('',*,*,#6900,.T.);
#8688=ORIENTED_EDGE('',*,*,#8687,.F.);
#8689=ORIENTED_EDGE('',*,*,#7094,.T.);
#8690=ORIENTED_EDGE('',*,*,#7265,.T.);
#8691=EDGE_LOOP('',(#8686,#8688,#8689,#8690));
#8692=FACE_OUTER_BOUND('',#8691,.F.);
#8694=FILL_AREA_STYLE_COLOUR('',#10);
#8695=FILL_AREA_STYLE('',(#8694));
#8696=SURFACE_STYLE_FILL_AREA(#8695);
#8697=SURFACE_SIDE_STYLE('',(#8696));
#8698=SURFACE_STYLE_USAGE(.POSITIVE.,#8697);
#8699=PRESENTATION_STYLE_ASSIGNMENT((#8698));
#8700=STYLED_ITEM('',(#8699),#8693);
#8701=CARTESIAN_POINT('',(-2.37E0,1.55E0,9.25E-1));
#8702=DIRECTION('',(1.E0,0.E0,0.E0));
#8703=DIRECTION('',(0.E0,1.E0,0.E0));
#8704=AXIS2_PLACEMENT_3D('',#8701,#8702,#8703);
#8705=PLANE('',#8704);
#8706=ORIENTED_EDGE('',*,*,#6494,.T.);
#8708=ORIENTED_EDGE('',*,*,#8707,.F.);
#8709=ORIENTED_EDGE('',*,*,#6707,.F.);
#8710=ORIENTED_EDGE('',*,*,#6627,.T.);
#8711=ORIENTED_EDGE('',*,*,#6416,.T.);
#8712=ORIENTED_EDGE('',*,*,#7096,.T.);
#8713=ORIENTED_EDGE('',*,*,#8687,.T.);
#8714=ORIENTED_EDGE('',*,*,#6898,.T.);
#8715=EDGE_LOOP('',(#8706,#8708,#8709,#8710,#8711,#8712,#8713,#8714));
#8716=FACE_OUTER_BOUND('',#8715,.F.);
#8718=FILL_AREA_STYLE_COLOUR('',#10);
#8719=FILL_AREA_STYLE('',(#8718));
#8720=SURFACE_STYLE_FILL_AREA(#8719);
#8721=SURFACE_SIDE_STYLE('',(#8720));
#8722=SURFACE_STYLE_USAGE(.POSITIVE.,#8721);
#8723=PRESENTATION_STYLE_ASSIGNMENT((#8722));
#8724=STYLED_ITEM('',(#8723),#8717);
#8725=CARTESIAN_POINT('',(-2.37E0,8.5E-1,-4.25E-1));
#8726=DIRECTION('',(0.E0,0.E0,1.E0));
#8727=DIRECTION('',(-1.E0,0.E0,0.E0));
#8728=AXIS2_PLACEMENT_3D('',#8725,#8726,#8727);
#8729=PLANE('',#8728);
#8730=ORIENTED_EDGE('',*,*,#6709,.F.);
#8731=ORIENTED_EDGE('',*,*,#8707,.T.);
#8732=ORIENTED_EDGE('',*,*,#6492,.T.);
#8734=ORIENTED_EDGE('',*,*,#8733,.F.);
#8735=EDGE_LOOP('',(#8730,#8731,#8732,#8734));
#8736=FACE_OUTER_BOUND('',#8735,.F.);
#8738=FILL_AREA_STYLE_COLOUR('',#10);
#8739=FILL_AREA_STYLE('',(#8738));
#8740=SURFACE_STYLE_FILL_AREA(#8739);
#8741=SURFACE_SIDE_STYLE('',(#8740));
#8742=SURFACE_STYLE_USAGE(.POSITIVE.,#8741);
#8743=PRESENTATION_STYLE_ASSIGNMENT((#8742));
#8744=STYLED_ITEM('',(#8743),#8737);
#8745=CARTESIAN_POINT('',(-2.63E0,2.15E0,9.25E-1));
#8746=DIRECTION('',(-1.E0,0.E0,0.E0));
#8747=DIRECTION('',(0.E0,-1.E0,0.E0));
#8748=AXIS2_PLACEMENT_3D('',#8745,#8746,#8747);
#8749=PLANE('',#8748);
#8750=ORIENTED_EDGE('',*,*,#6420,.F.);
#8751=ORIENTED_EDGE('',*,*,#6624,.F.);
#8752=ORIENTED_EDGE('',*,*,#6711,.T.);
#8753=ORIENTED_EDGE('',*,*,#8733,.T.);
#8754=ORIENTED_EDGE('',*,*,#6490,.F.);
#8755=ORIENTED_EDGE('',*,*,#6871,.F.);
#8756=ORIENTED_EDGE('',*,*,#7047,.T.);
#8757=ORIENTED_EDGE('',*,*,#7073,.F.);
#8758=EDGE_LOOP('',(#8750,#8751,#8752,#8753,#8754,#8755,#8756,#8757));
#8759=FACE_OUTER_BOUND('',#8758,.F.);
#8761=FILL_AREA_STYLE_COLOUR('',#10);
#8762=FILL_AREA_STYLE('',(#8761));
#8763=SURFACE_STYLE_FILL_AREA(#8762);
#8764=SURFACE_SIDE_STYLE('',(#8763));
#8765=SURFACE_STYLE_USAGE(.POSITIVE.,#8764);
#8766=PRESENTATION_STYLE_ASSIGNMENT((#8765));
#8767=STYLED_ITEM('',(#8766),#8760);
#8768=CARTESIAN_POINT('',(-7.3E-1,2.05E0,-2.25E-1));
#8769=DIRECTION('',(7.071067811865E-1,7.071067811865E-1,0.E0));
#8770=DIRECTION('',(7.071067811865E-1,-7.071067811865E-1,0.E0));
#8771=AXIS2_PLACEMENT_3D('',#8768,#8769,#8770);
#8772=PLANE('',#8771);
#8773=ORIENTED_EDGE('',*,*,#7116,.T.);
#8775=ORIENTED_EDGE('',*,*,#8774,.F.);
#8776=ORIENTED_EDGE('',*,*,#6919,.T.);
#8777=ORIENTED_EDGE('',*,*,#7283,.T.);
#8778=EDGE_LOOP('',(#8773,#8775,#8776,#8777));
#8779=FACE_OUTER_BOUND('',#8778,.F.);
#8781=FILL_AREA_STYLE_COLOUR('',#10);
#8782=FILL_AREA_STYLE('',(#8781));
#8783=SURFACE_STYLE_FILL_AREA(#8782);
#8784=SURFACE_SIDE_STYLE('',(#8783));
#8785=SURFACE_STYLE_USAGE(.POSITIVE.,#8784);
#8786=PRESENTATION_STYLE_ASSIGNMENT((#8785));
#8787=STYLED_ITEM('',(#8786),#8780);
#8788=CARTESIAN_POINT('',(-6.3E-1,2.15E0,9.25E-1));
#8789=DIRECTION('',(-1.E0,0.E0,0.E0));
#8790=DIRECTION('',(0.E0,-1.E0,0.E0));
#8791=AXIS2_PLACEMENT_3D('',#8788,#8789,#8790);
#8792=PLANE('',#8791);
#8793=ORIENTED_EDGE('',*,*,#6404,.F.);
#8794=ORIENTED_EDGE('',*,*,#6638,.F.);
#8795=ORIENTED_EDGE('',*,*,#6697,.T.);
#8797=ORIENTED_EDGE('',*,*,#8796,.T.);
#8798=ORIENTED_EDGE('',*,*,#6506,.F.);
#8799=ORIENTED_EDGE('',*,*,#6921,.F.);
#8800=ORIENTED_EDGE('',*,*,#8774,.T.);
#8801=ORIENTED_EDGE('',*,*,#7125,.F.);
#8802=EDGE_LOOP('',(#8793,#8794,#8795,#8797,#8798,#8799,#8800,#8801));
#8803=FACE_OUTER_BOUND('',#8802,.F.);
#8805=FILL_AREA_STYLE_COLOUR('',#10);
#8806=FILL_AREA_STYLE('',(#8805));
#8807=SURFACE_STYLE_FILL_AREA(#8806);
#8808=SURFACE_SIDE_STYLE('',(#8807));
#8809=SURFACE_STYLE_USAGE(.POSITIVE.,#8808);
#8810=PRESENTATION_STYLE_ASSIGNMENT((#8809));
#8811=STYLED_ITEM('',(#8810),#8804);
#8812=CARTESIAN_POINT('',(-3.7E-1,8.5E-1,-4.25E-1));
#8813=DIRECTION('',(0.E0,0.E0,1.E0));
#8814=DIRECTION('',(-1.E0,0.E0,0.E0));
#8815=AXIS2_PLACEMENT_3D('',#8812,#8813,#8814);
#8816=PLANE('',#8815);
#8818=ORIENTED_EDGE('',*,*,#8817,.T.);
#8819=ORIENTED_EDGE('',*,*,#6508,.T.);
#8820=ORIENTED_EDGE('',*,*,#8796,.F.);
#8821=ORIENTED_EDGE('',*,*,#6695,.F.);
#8822=EDGE_LOOP('',(#8818,#8819,#8820,#8821));
#8823=FACE_OUTER_BOUND('',#8822,.F.);
#8825=FILL_AREA_STYLE_COLOUR('',#10);
#8826=FILL_AREA_STYLE('',(#8825));
#8827=SURFACE_STYLE_FILL_AREA(#8826);
#8828=SURFACE_SIDE_STYLE('',(#8827));
#8829=SURFACE_STYLE_USAGE(.POSITIVE.,#8828);
#8830=PRESENTATION_STYLE_ASSIGNMENT((#8829));
#8831=STYLED_ITEM('',(#8830),#8824);
#8832=CARTESIAN_POINT('',(-3.7E-1,1.55E0,9.25E-1));
#8833=DIRECTION('',(1.E0,0.E0,0.E0));
#8834=DIRECTION('',(0.E0,1.E0,0.E0));
#8835=AXIS2_PLACEMENT_3D('',#8832,#8833,#8834);
#8836=PLANE('',#8835);
#8837=ORIENTED_EDGE('',*,*,#6510,.T.);
#8838=ORIENTED_EDGE('',*,*,#8817,.F.);
#8839=ORIENTED_EDGE('',*,*,#6693,.F.);
#8840=ORIENTED_EDGE('',*,*,#6641,.T.);
#8841=ORIENTED_EDGE('',*,*,#6400,.T.);
#8842=ORIENTED_EDGE('',*,*,#7148,.T.);
#8844=ORIENTED_EDGE('',*,*,#8843,.T.);
#8845=ORIENTED_EDGE('',*,*,#6950,.T.);
#8846=EDGE_LOOP('',(#8837,#8838,#8839,#8840,#8841,#8842,#8844,#8845));
#8847=FACE_OUTER_BOUND('',#8846,.F.);
#8849=FILL_AREA_STYLE_COLOUR('',#10);
#8850=FILL_AREA_STYLE('',(#8849));
#8851=SURFACE_STYLE_FILL_AREA(#8850);
#8852=SURFACE_SIDE_STYLE('',(#8851));
#8853=SURFACE_STYLE_USAGE(.POSITIVE.,#8852);
#8854=PRESENTATION_STYLE_ASSIGNMENT((#8853));
#8855=STYLED_ITEM('',(#8854),#8848);
#8856=CARTESIAN_POINT('',(-2.7E-1,2.05E0,-2.25E-1));
#8857=DIRECTION('',(-7.071067811865E-1,7.071067811865E-1,0.E0));
#8858=DIRECTION('',(-7.071067811865E-1,-7.071067811865E-1,0.E0));
#8859=AXIS2_PLACEMENT_3D('',#8856,#8857,#8858);
#8860=PLANE('',#8859);
#8861=ORIENTED_EDGE('',*,*,#6952,.T.);
#8862=ORIENTED_EDGE('',*,*,#8843,.F.);
#8863=ORIENTED_EDGE('',*,*,#7146,.T.);
#8864=ORIENTED_EDGE('',*,*,#7307,.T.);
#8865=EDGE_LOOP('',(#8861,#8862,#8863,#8864));
#8866=FACE_OUTER_BOUND('',#8865,.F.);
#8868=FILL_AREA_STYLE_COLOUR('',#10);
#8869=FILL_AREA_STYLE('',(#8868));
#8870=SURFACE_STYLE_FILL_AREA(#8869);
#8871=SURFACE_SIDE_STYLE('',(#8870));
#8872=SURFACE_STYLE_USAGE(.POSITIVE.,#8871);
#8873=PRESENTATION_STYLE_ASSIGNMENT((#8872));
#8874=STYLED_ITEM('',(#8873),#8867);
#8875=CARTESIAN_POINT('',(2.7E-1,2.05E0,-2.25E-1));
#8876=DIRECTION('',(7.071067811865E-1,7.071067811865E-1,0.E0));
#8877=DIRECTION('',(7.071067811865E-1,-7.071067811865E-1,0.E0));
#8878=AXIS2_PLACEMENT_3D('',#8875,#8876,#8877);
#8879=PLANE('',#8878);
#8880=ORIENTED_EDGE('',*,*,#7142,.T.);
#8882=ORIENTED_EDGE('',*,*,#8881,.F.);
#8883=ORIENTED_EDGE('',*,*,#6945,.T.);
#8884=ORIENTED_EDGE('',*,*,#7304,.T.);
#8885=EDGE_LOOP('',(#8880,#8882,#8883,#8884));
#8886=FACE_OUTER_BOUND('',#8885,.F.);
#8888=FILL_AREA_STYLE_COLOUR('',#10);
#8889=FILL_AREA_STYLE('',(#8888));
#8890=SURFACE_STYLE_FILL_AREA(#8889);
#8891=SURFACE_SIDE_STYLE('',(#8890));
#8892=SURFACE_STYLE_USAGE(.POSITIVE.,#8891);
#8893=PRESENTATION_STYLE_ASSIGNMENT((#8892));
#8894=STYLED_ITEM('',(#8893),#8887);
#8895=CARTESIAN_POINT('',(3.7E-1,2.15E0,9.25E-1));
#8896=DIRECTION('',(-1.E0,0.E0,0.E0));
#8897=DIRECTION('',(0.E0,-1.E0,0.E0));
#8898=AXIS2_PLACEMENT_3D('',#8895,#8896,#8897);
#8899=PLANE('',#8898);
#8900=ORIENTED_EDGE('',*,*,#6396,.F.);
#8901=ORIENTED_EDGE('',*,*,#6645,.F.);
#8902=ORIENTED_EDGE('',*,*,#6690,.T.);
#8904=ORIENTED_EDGE('',*,*,#8903,.T.);
#8905=ORIENTED_EDGE('',*,*,#6514,.F.);
#8906=ORIENTED_EDGE('',*,*,#6947,.F.);
#8907=ORIENTED_EDGE('',*,*,#8881,.T.);
#8908=ORIENTED_EDGE('',*,*,#7151,.F.);
#8909=EDGE_LOOP('',(#8900,#8901,#8902,#8904,#8905,#8906,#8907,#8908));
#8910=FACE_OUTER_BOUND('',#8909,.F.);
#8912=FILL_AREA_STYLE_COLOUR('',#10);
#8913=FILL_AREA_STYLE('',(#8912));
#8914=SURFACE_STYLE_FILL_AREA(#8913);
#8915=SURFACE_SIDE_STYLE('',(#8914));
#8916=SURFACE_STYLE_USAGE(.POSITIVE.,#8915);
#8917=PRESENTATION_STYLE_ASSIGNMENT((#8916));
#8918=STYLED_ITEM('',(#8917),#8911);
#8919=CARTESIAN_POINT('',(6.3E-1,8.5E-1,-4.25E-1));
#8920=DIRECTION('',(0.E0,0.E0,1.E0));
#8921=DIRECTION('',(-1.E0,0.E0,0.E0));
#8922=AXIS2_PLACEMENT_3D('',#8919,#8920,#8921);
#8923=PLANE('',#8922);
#8925=ORIENTED_EDGE('',*,*,#8924,.T.);
#8926=ORIENTED_EDGE('',*,*,#6516,.T.);
#8927=ORIENTED_EDGE('',*,*,#8903,.F.);
#8928=ORIENTED_EDGE('',*,*,#6688,.F.);
#8929=EDGE_LOOP('',(#8925,#8926,#8927,#8928));
#8930=FACE_OUTER_BOUND('',#8929,.F.);
#8932=FILL_AREA_STYLE_COLOUR('',#10);
#8933=FILL_AREA_STYLE('',(#8932));
#8934=SURFACE_STYLE_FILL_AREA(#8933);
#8935=SURFACE_SIDE_STYLE('',(#8934));
#8936=SURFACE_STYLE_USAGE(.POSITIVE.,#8935);
#8937=PRESENTATION_STYLE_ASSIGNMENT((#8936));
#8938=STYLED_ITEM('',(#8937),#8931);
#8939=CARTESIAN_POINT('',(6.3E-1,1.55E0,9.25E-1));
#8940=DIRECTION('',(1.E0,0.E0,0.E0));
#8941=DIRECTION('',(0.E0,1.E0,0.E0));
#8942=AXIS2_PLACEMENT_3D('',#8939,#8940,#8941);
#8943=PLANE('',#8942);
#8944=ORIENTED_EDGE('',*,*,#6518,.T.);
#8945=ORIENTED_EDGE('',*,*,#8924,.F.);
#8946=ORIENTED_EDGE('',*,*,#6686,.F.);
#8947=ORIENTED_EDGE('',*,*,#6648,.T.);
#8948=ORIENTED_EDGE('',*,*,#6392,.T.);
#8949=ORIENTED_EDGE('',*,*,#7174,.T.);
#8951=ORIENTED_EDGE('',*,*,#8950,.T.);
#8952=ORIENTED_EDGE('',*,*,#6976,.T.);
#8953=EDGE_LOOP('',(#8944,#8945,#8946,#8947,#8948,#8949,#8951,#8952));
#8954=FACE_OUTER_BOUND('',#8953,.F.);
#8956=FILL_AREA_STYLE_COLOUR('',#10);
#8957=FILL_AREA_STYLE('',(#8956));
#8958=SURFACE_STYLE_FILL_AREA(#8957);
#8959=SURFACE_SIDE_STYLE('',(#8958));
#8960=SURFACE_STYLE_USAGE(.POSITIVE.,#8959);
#8961=PRESENTATION_STYLE_ASSIGNMENT((#8960));
#8962=STYLED_ITEM('',(#8961),#8955);
#8963=CARTESIAN_POINT('',(7.3E-1,2.05E0,-2.25E-1));
#8964=DIRECTION('',(-7.071067811865E-1,7.071067811865E-1,0.E0));
#8965=DIRECTION('',(-7.071067811865E-1,-7.071067811865E-1,0.E0));
#8966=AXIS2_PLACEMENT_3D('',#8963,#8964,#8965);
#8967=PLANE('',#8966);
#8968=ORIENTED_EDGE('',*,*,#6978,.T.);
#8969=ORIENTED_EDGE('',*,*,#8950,.F.);
#8970=ORIENTED_EDGE('',*,*,#7172,.T.);
#8971=ORIENTED_EDGE('',*,*,#7328,.T.);
#8972=EDGE_LOOP('',(#8968,#8969,#8970,#8971));
#8973=FACE_OUTER_BOUND('',#8972,.F.);
#8975=FILL_AREA_STYLE_COLOUR('',#10);
#8976=FILL_AREA_STYLE('',(#8975));
#8977=SURFACE_STYLE_FILL_AREA(#8976);
#8978=SURFACE_SIDE_STYLE('',(#8977));
#8979=SURFACE_STYLE_USAGE(.POSITIVE.,#8978);
#8980=PRESENTATION_STYLE_ASSIGNMENT((#8979));
#8981=STYLED_ITEM('',(#8980),#8974);
#8982=CARTESIAN_POINT('',(1.27E0,2.05E0,-2.25E-1));
#8983=DIRECTION('',(7.071067811865E-1,7.071067811865E-1,0.E0));
#8984=DIRECTION('',(7.071067811865E-1,-7.071067811865E-1,0.E0));
#8985=AXIS2_PLACEMENT_3D('',#8982,#8983,#8984);
#8986=PLANE('',#8985);
#8987=ORIENTED_EDGE('',*,*,#7168,.T.);
#8989=ORIENTED_EDGE('',*,*,#8988,.F.);
#8990=ORIENTED_EDGE('',*,*,#6971,.T.);
#8991=ORIENTED_EDGE('',*,*,#7325,.T.);
#8992=EDGE_LOOP('',(#8987,#8989,#8990,#8991));
#8993=FACE_OUTER_BOUND('',#8992,.F.);
#8995=FILL_AREA_STYLE_COLOUR('',#10);
#8996=FILL_AREA_STYLE('',(#8995));
#8997=SURFACE_STYLE_FILL_AREA(#8996);
#8998=SURFACE_SIDE_STYLE('',(#8997));
#8999=SURFACE_STYLE_USAGE(.POSITIVE.,#8998);
#9000=PRESENTATION_STYLE_ASSIGNMENT((#8999));
#9001=STYLED_ITEM('',(#9000),#8994);
#9002=CARTESIAN_POINT('',(1.37E0,2.15E0,9.25E-1));
#9003=DIRECTION('',(-1.E0,0.E0,0.E0));
#9004=DIRECTION('',(0.E0,-1.E0,0.E0));
#9005=AXIS2_PLACEMENT_3D('',#9002,#9003,#9004);
#9006=PLANE('',#9005);
#9007=ORIENTED_EDGE('',*,*,#6388,.F.);
#9008=ORIENTED_EDGE('',*,*,#6652,.F.);
#9009=ORIENTED_EDGE('',*,*,#6683,.T.);
#9011=ORIENTED_EDGE('',*,*,#9010,.T.);
#9012=ORIENTED_EDGE('',*,*,#6522,.F.);
#9013=ORIENTED_EDGE('',*,*,#6973,.F.);
#9014=ORIENTED_EDGE('',*,*,#8988,.T.);
#9015=ORIENTED_EDGE('',*,*,#7177,.F.);
#9016=EDGE_LOOP('',(#9007,#9008,#9009,#9011,#9012,#9013,#9014,#9015));
#9017=FACE_OUTER_BOUND('',#9016,.F.);
#9019=FILL_AREA_STYLE_COLOUR('',#10);
#9020=FILL_AREA_STYLE('',(#9019));
#9021=SURFACE_STYLE_FILL_AREA(#9020);
#9022=SURFACE_SIDE_STYLE('',(#9021));
#9023=SURFACE_STYLE_USAGE(.POSITIVE.,#9022);
#9024=PRESENTATION_STYLE_ASSIGNMENT((#9023));
#9025=STYLED_ITEM('',(#9024),#9018);
#9026=CARTESIAN_POINT('',(1.63E0,8.5E-1,-4.25E-1));
#9027=DIRECTION('',(0.E0,0.E0,1.E0));
#9028=DIRECTION('',(-1.E0,0.E0,0.E0));
#9029=AXIS2_PLACEMENT_3D('',#9026,#9027,#9028);
#9030=PLANE('',#9029);
#9032=ORIENTED_EDGE('',*,*,#9031,.T.);
#9033=ORIENTED_EDGE('',*,*,#6524,.T.);
#9034=ORIENTED_EDGE('',*,*,#9010,.F.);
#9035=ORIENTED_EDGE('',*,*,#6681,.F.);
#9036=EDGE_LOOP('',(#9032,#9033,#9034,#9035));
#9037=FACE_OUTER_BOUND('',#9036,.F.);
#9039=FILL_AREA_STYLE_COLOUR('',#10);
#9040=FILL_AREA_STYLE('',(#9039));
#9041=SURFACE_STYLE_FILL_AREA(#9040);
#9042=SURFACE_SIDE_STYLE('',(#9041));
#9043=SURFACE_STYLE_USAGE(.POSITIVE.,#9042);
#9044=PRESENTATION_STYLE_ASSIGNMENT((#9043));
#9045=STYLED_ITEM('',(#9044),#9038);
#9046=CARTESIAN_POINT('',(1.63E0,1.55E0,9.25E-1));
#9047=DIRECTION('',(1.E0,0.E0,0.E0));
#9048=DIRECTION('',(0.E0,1.E0,0.E0));
#9049=AXIS2_PLACEMENT_3D('',#9046,#9047,#9048);
#9050=PLANE('',#9049);
#9051=ORIENTED_EDGE('',*,*,#6526,.T.);
#9052=ORIENTED_EDGE('',*,*,#9031,.F.);
#9053=ORIENTED_EDGE('',*,*,#6679,.F.);
#9054=ORIENTED_EDGE('',*,*,#6655,.T.);
#9055=ORIENTED_EDGE('',*,*,#6384,.T.);
#9056=ORIENTED_EDGE('',*,*,#7223,.T.);
#9058=ORIENTED_EDGE('',*,*,#9057,.T.);
#9059=ORIENTED_EDGE('',*,*,#7024,.T.);
#9060=EDGE_LOOP('',(#9051,#9052,#9053,#9054,#9055,#9056,#9058,#9059));
#9061=FACE_OUTER_BOUND('',#9060,.F.);
#9063=FILL_AREA_STYLE_COLOUR('',#10);
#9064=FILL_AREA_STYLE('',(#9063));
#9065=SURFACE_STYLE_FILL_AREA(#9064);
#9066=SURFACE_SIDE_STYLE('',(#9065));
#9067=SURFACE_STYLE_USAGE(.POSITIVE.,#9066);
#9068=PRESENTATION_STYLE_ASSIGNMENT((#9067));
#9069=STYLED_ITEM('',(#9068),#9062);
#9070=CARTESIAN_POINT('',(1.73E0,2.05E0,-2.25E-1));
#9071=DIRECTION('',(-7.071067811865E-1,7.071067811865E-1,0.E0));
#9072=DIRECTION('',(-7.071067811865E-1,-7.071067811865E-1,0.E0));
#9073=AXIS2_PLACEMENT_3D('',#9070,#9071,#9072);
#9074=PLANE('',#9073);
#9075=ORIENTED_EDGE('',*,*,#7026,.T.);
#9076=ORIENTED_EDGE('',*,*,#9057,.F.);
#9077=ORIENTED_EDGE('',*,*,#7221,.T.);
#9078=ORIENTED_EDGE('',*,*,#7370,.T.);
#9079=EDGE_LOOP('',(#9075,#9076,#9077,#9078));
#9080=FACE_OUTER_BOUND('',#9079,.F.);
#9082=FILL_AREA_STYLE_COLOUR('',#10);
#9083=FILL_AREA_STYLE('',(#9082));
#9084=SURFACE_STYLE_FILL_AREA(#9083);
#9085=SURFACE_SIDE_STYLE('',(#9084));
#9086=SURFACE_STYLE_USAGE(.POSITIVE.,#9085);
#9087=PRESENTATION_STYLE_ASSIGNMENT((#9086));
#9088=STYLED_ITEM('',(#9087),#9081);
#9089=CARTESIAN_POINT('',(2.73E0,2.05E0,-2.25E-1));
#9090=DIRECTION('',(-7.071067811865E-1,7.071067811865E-1,0.E0));
#9091=DIRECTION('',(-7.071067811865E-1,-7.071067811865E-1,0.E0));
#9092=AXIS2_PLACEMENT_3D('',#9089,#9090,#9091);
#9093=PLANE('',#9092);
#9094=ORIENTED_EDGE('',*,*,#6997,.T.);
#9095=ORIENTED_EDGE('',*,*,#6804,.F.);
#9096=ORIENTED_EDGE('',*,*,#7194,.T.);
#9097=ORIENTED_EDGE('',*,*,#7346,.T.);
#9098=EDGE_LOOP('',(#9094,#9095,#9096,#9097));
#9099=FACE_OUTER_BOUND('',#9098,.F.);
#9101=FILL_AREA_STYLE_COLOUR('',#10);
#9102=FILL_AREA_STYLE('',(#9101));
#9103=SURFACE_STYLE_FILL_AREA(#9102);
#9104=SURFACE_SIDE_STYLE('',(#9103));
#9105=SURFACE_STYLE_USAGE(.POSITIVE.,#9104);
#9106=PRESENTATION_STYLE_ASSIGNMENT((#9105));
#9107=STYLED_ITEM('',(#9106),#9100);
#9108=CARTESIAN_POINT('',(2.27E0,2.05E0,-2.25E-1));
#9109=DIRECTION('',(7.071067811865E-1,7.071067811865E-1,0.E0));
#9110=DIRECTION('',(7.071067811865E-1,-7.071067811865E-1,0.E0));
#9111=AXIS2_PLACEMENT_3D('',#9108,#9109,#9110);
#9112=PLANE('',#9111);
#9113=ORIENTED_EDGE('',*,*,#7217,.T.);
#9114=ORIENTED_EDGE('',*,*,#6850,.F.);
#9115=ORIENTED_EDGE('',*,*,#7020,.T.);
#9116=ORIENTED_EDGE('',*,*,#7367,.T.);
#9117=EDGE_LOOP('',(#9113,#9114,#9115,#9116));
#9118=FACE_OUTER_BOUND('',#9117,.F.);
#9120=FILL_AREA_STYLE_COLOUR('',#10);
#9121=FILL_AREA_STYLE('',(#9120));
#9122=SURFACE_STYLE_FILL_AREA(#9121);
#9123=SURFACE_SIDE_STYLE('',(#9122));
#9124=SURFACE_STYLE_USAGE(.POSITIVE.,#9123);
#9125=PRESENTATION_STYLE_ASSIGNMENT((#9124));
#9126=STYLED_ITEM('',(#9125),#9119);
#9127=CARTESIAN_POINT('',(-2.4E0,0.E0,0.E0));
#9128=DIRECTION('',(-1.E0,0.E0,0.E0));
#9129=DIRECTION('',(0.E0,0.E0,-1.E0));
#9130=AXIS2_PLACEMENT_3D('',#9127,#9128,#9129);
#9131=PLANE('',#9130);
#9132=ORIENTED_EDGE('',*,*,#6723,.F.);
#9134=ORIENTED_EDGE('',*,*,#9133,.T.);
#9136=ORIENTED_EDGE('',*,*,#9135,.T.);
#9138=ORIENTED_EDGE('',*,*,#9137,.T.);
#9140=ORIENTED_EDGE('',*,*,#9139,.T.);
#9141=EDGE_LOOP('',(#9132,#9134,#9136,#9138,#9140));
#9142=FACE_OUTER_BOUND('',#9141,.F.);
#9144=FILL_AREA_STYLE_COLOUR('',#16);
#9145=FILL_AREA_STYLE('',(#9144));
#9146=SURFACE_STYLE_FILL_AREA(#9145);
#9147=SURFACE_SIDE_STYLE('',(#9146));
#9148=SURFACE_STYLE_USAGE(.POSITIVE.,#9147);
#9149=PRESENTATION_STYLE_ASSIGNMENT((#9148));
#9150=STYLED_ITEM('',(#9149),#9143);
#9151=CARTESIAN_POINT('',(-2.4E0,0.E0,0.E0));
#9152=DIRECTION('',(-1.E0,0.E0,0.E0));
#9153=DIRECTION('',(0.E0,0.E0,-1.E0));
#9154=AXIS2_PLACEMENT_3D('',#9151,#9152,#9153);
#9155=PLANE('',#9154);
#9156=ORIENTED_EDGE('',*,*,#6534,.T.);
#9158=ORIENTED_EDGE('',*,*,#9157,.T.);
#9160=ORIENTED_EDGE('',*,*,#9159,.T.);
#9162=ORIENTED_EDGE('',*,*,#9161,.T.);
#9164=ORIENTED_EDGE('',*,*,#9163,.T.);
#9166=ORIENTED_EDGE('',*,*,#9165,.T.);
#9168=ORIENTED_EDGE('',*,*,#9167,.T.);
#9170=ORIENTED_EDGE('',*,*,#9169,.T.);
#9172=ORIENTED_EDGE('',*,*,#9171,.T.);
#9174=ORIENTED_EDGE('',*,*,#9173,.T.);
#9176=ORIENTED_EDGE('',*,*,#9175,.T.);
#9178=ORIENTED_EDGE('',*,*,#9177,.T.);
#9180=ORIENTED_EDGE('',*,*,#9179,.T.);
#9182=ORIENTED_EDGE('',*,*,#9181,.T.);
#9183=EDGE_LOOP('',(#9156,#9158,#9160,#9162,#9164,#9166,#9168,#9170,#9172,#9174,
#9176,#9178,#9180,#9182));
#9184=FACE_OUTER_BOUND('',#9183,.F.);
#9186=FILL_AREA_STYLE_COLOUR('',#16);
#9187=FILL_AREA_STYLE('',(#9186));
#9188=SURFACE_STYLE_FILL_AREA(#9187);
#9189=SURFACE_SIDE_STYLE('',(#9188));
#9190=SURFACE_STYLE_USAGE(.POSITIVE.,#9189);
#9191=PRESENTATION_STYLE_ASSIGNMENT((#9190));
#9192=STYLED_ITEM('',(#9191),#9185);
#9193=CARTESIAN_POINT('',(-2.4E0,1.6287E0,1.701690473643E-1));
#9194=DIRECTION('',(0.E0,-4.627483663151E-2,-9.989287459547E-1));
#9195=DIRECTION('',(0.E0,-9.989287459547E-1,4.627483663151E-2));
#9196=AXIS2_PLACEMENT_3D('',#9193,#9194,#9195);
#9197=PLANE('',#9196);
#9198=ORIENTED_EDGE('',*,*,#6729,.T.);
#9200=ORIENTED_EDGE('',*,*,#9199,.T.);
#9202=ORIENTED_EDGE('',*,*,#9201,.F.);
#9203=ORIENTED_EDGE('',*,*,#9133,.F.);
#9204=EDGE_LOOP('',(#9198,#9200,#9202,#9203));
#9205=FACE_OUTER_BOUND('',#9204,.F.);
#9207=FILL_AREA_STYLE_COLOUR('',#16);
#9208=FILL_AREA_STYLE('',(#9207));
#9209=SURFACE_STYLE_FILL_AREA(#9208);
#9210=SURFACE_SIDE_STYLE('',(#9209));
#9211=SURFACE_STYLE_USAGE(.POSITIVE.,#9210);
#9212=PRESENTATION_STYLE_ASSIGNMENT((#9211));
#9213=STYLED_ITEM('',(#9212),#9206);
#9214=CARTESIAN_POINT('',(-2.4E0,1.6287E0,1.701690473643E-1));
#9215=DIRECTION('',(0.E0,-4.627483663151E-2,-9.989287459547E-1));
#9216=DIRECTION('',(0.E0,-9.989287459547E-1,4.627483663151E-2));
#9217=AXIS2_PLACEMENT_3D('',#9214,#9215,#9216);
#9218=PLANE('',#9217);
#9219=ORIENTED_EDGE('',*,*,#6536,.F.);
#9220=ORIENTED_EDGE('',*,*,#9181,.F.);
#9222=ORIENTED_EDGE('',*,*,#9221,.T.);
#9224=ORIENTED_EDGE('',*,*,#9223,.T.);
#9225=EDGE_LOOP('',(#9219,#9220,#9222,#9224));
#9226=FACE_OUTER_BOUND('',#9225,.F.);
#9228=FILL_AREA_STYLE_COLOUR('',#16);
#9229=FILL_AREA_STYLE('',(#9228));
#9230=SURFACE_STYLE_FILL_AREA(#9229);
#9231=SURFACE_SIDE_STYLE('',(#9230));
#9232=SURFACE_STYLE_USAGE(.POSITIVE.,#9231);
#9233=PRESENTATION_STYLE_ASSIGNMENT((#9232));
#9234=STYLED_ITEM('',(#9233),#9227);
#9235=CARTESIAN_POINT('',(-2.6E0,0.E0,0.E0));
#9236=DIRECTION('',(-1.E0,0.E0,0.E0));
#9237=DIRECTION('',(0.E0,0.E0,-1.E0));
#9238=AXIS2_PLACEMENT_3D('',#9235,#9236,#9237);
#9239=PLANE('',#9238);
#9240=ORIENTED_EDGE('',*,*,#6727,.T.);
#9242=ORIENTED_EDGE('',*,*,#9241,.F.);
#9244=ORIENTED_EDGE('',*,*,#9243,.F.);
#9246=ORIENTED_EDGE('',*,*,#9245,.F.);
#9247=ORIENTED_EDGE('',*,*,#9199,.F.);
#9248=EDGE_LOOP('',(#9240,#9242,#9244,#9246,#9247));
#9249=FACE_OUTER_BOUND('',#9248,.F.);
#9251=FILL_AREA_STYLE_COLOUR('',#16);
#9252=FILL_AREA_STYLE('',(#9251));
#9253=SURFACE_STYLE_FILL_AREA(#9252);
#9254=SURFACE_SIDE_STYLE('',(#9253));
#9255=SURFACE_STYLE_USAGE(.POSITIVE.,#9254);
#9256=PRESENTATION_STYLE_ASSIGNMENT((#9255));
#9257=STYLED_ITEM('',(#9256),#9250);
#9258=CARTESIAN_POINT('',(-2.6E0,0.E0,0.E0));
#9259=DIRECTION('',(-1.E0,0.E0,0.E0));
#9260=DIRECTION('',(0.E0,0.E0,-1.E0));
#9261=AXIS2_PLACEMENT_3D('',#9258,#9259,#9260);
#9262=PLANE('',#9261);
#9263=ORIENTED_EDGE('',*,*,#6538,.F.);
#9264=ORIENTED_EDGE('',*,*,#9223,.F.);
#9266=ORIENTED_EDGE('',*,*,#9265,.F.);
#9268=ORIENTED_EDGE('',*,*,#9267,.F.);
#9270=ORIENTED_EDGE('',*,*,#9269,.F.);
#9272=ORIENTED_EDGE('',*,*,#9271,.F.);
#9274=ORIENTED_EDGE('',*,*,#9273,.F.);
#9276=ORIENTED_EDGE('',*,*,#9275,.F.);
#9278=ORIENTED_EDGE('',*,*,#9277,.F.);
#9280=ORIENTED_EDGE('',*,*,#9279,.F.);
#9282=ORIENTED_EDGE('',*,*,#9281,.F.);
#9284=ORIENTED_EDGE('',*,*,#9283,.F.);
#9286=ORIENTED_EDGE('',*,*,#9285,.F.);
#9288=ORIENTED_EDGE('',*,*,#9287,.F.);
#9289=EDGE_LOOP('',(#9263,#9264,#9266,#9268,#9270,#9272,#9274,#9276,#9278,#9280,
#9282,#9284,#9286,#9288));
#9290=FACE_OUTER_BOUND('',#9289,.F.);
#9292=FILL_AREA_STYLE_COLOUR('',#16);
#9293=FILL_AREA_STYLE('',(#9292));
#9294=SURFACE_STYLE_FILL_AREA(#9293);
#9295=SURFACE_SIDE_STYLE('',(#9294));
#9296=SURFACE_STYLE_USAGE(.POSITIVE.,#9295);
#9297=PRESENTATION_STYLE_ASSIGNMENT((#9296));
#9298=STYLED_ITEM('',(#9297),#9291);
#9299=CARTESIAN_POINT('',(-2.4E0,-7.722E-1,6.219E-1));
#9300=DIRECTION('',(0.E0,0.E0,1.E0));
#9301=DIRECTION('',(0.E0,1.E0,0.E0));
#9302=AXIS2_PLACEMENT_3D('',#9299,#9300,#9301);
#9303=PLANE('',#9302);
#9304=ORIENTED_EDGE('',*,*,#6725,.F.);
#9305=ORIENTED_EDGE('',*,*,#9139,.F.);
#9307=ORIENTED_EDGE('',*,*,#9306,.T.);
#9308=ORIENTED_EDGE('',*,*,#9241,.T.);
#9309=EDGE_LOOP('',(#9304,#9305,#9307,#9308));
#9310=FACE_OUTER_BOUND('',#9309,.F.);
#9312=FILL_AREA_STYLE_COLOUR('',#16);
#9313=FILL_AREA_STYLE('',(#9312));
#9314=SURFACE_STYLE_FILL_AREA(#9313);
#9315=SURFACE_SIDE_STYLE('',(#9314));
#9316=SURFACE_STYLE_USAGE(.POSITIVE.,#9315);
#9317=PRESENTATION_STYLE_ASSIGNMENT((#9316));
#9318=STYLED_ITEM('',(#9317),#9311);
#9319=CARTESIAN_POINT('',(-2.4E0,-7.722E-1,6.219E-1));
#9320=DIRECTION('',(0.E0,0.E0,1.E0));
#9321=DIRECTION('',(0.E0,1.E0,0.E0));
#9322=AXIS2_PLACEMENT_3D('',#9319,#9320,#9321);
#9323=PLANE('',#9322);
#9324=ORIENTED_EDGE('',*,*,#6540,.T.);
#9325=ORIENTED_EDGE('',*,*,#9287,.T.);
#9327=ORIENTED_EDGE('',*,*,#9326,.F.);
#9328=ORIENTED_EDGE('',*,*,#9157,.F.);
#9329=EDGE_LOOP('',(#9324,#9325,#9327,#9328));
#9330=FACE_OUTER_BOUND('',#9329,.F.);
#9332=FILL_AREA_STYLE_COLOUR('',#16);
#9333=FILL_AREA_STYLE('',(#9332));
#9334=SURFACE_STYLE_FILL_AREA(#9333);
#9335=SURFACE_SIDE_STYLE('',(#9334));
#9336=SURFACE_STYLE_USAGE(.POSITIVE.,#9335);
#9337=PRESENTATION_STYLE_ASSIGNMENT((#9336));
#9338=STYLED_ITEM('',(#9337),#9331);
#9339=CARTESIAN_POINT('',(-2.4E0,-7.722E-1,4.22E-1));
#9340=DIRECTION('',(-1.E0,0.E0,0.E0));
#9341=DIRECTION('',(0.E0,0.E0,-1.E0));
#9342=AXIS2_PLACEMENT_3D('',#9339,#9340,#9341);
#9343=CYLINDRICAL_SURFACE('',#9342,1.999E-1);
#9344=ORIENTED_EDGE('',*,*,#9137,.F.);
#9346=ORIENTED_EDGE('',*,*,#9345,.T.);
#9347=ORIENTED_EDGE('',*,*,#9243,.T.);
#9348=ORIENTED_EDGE('',*,*,#9306,.F.);
#9349=EDGE_LOOP('',(#9344,#9346,#9347,#9348));
#9350=FACE_OUTER_BOUND('',#9349,.F.);
#9352=FILL_AREA_STYLE_COLOUR('',#16);
#9353=FILL_AREA_STYLE('',(#9352));
#9354=SURFACE_STYLE_FILL_AREA(#9353);
#9355=SURFACE_SIDE_STYLE('',(#9354));
#9356=SURFACE_STYLE_USAGE(.POSITIVE.,#9355);
#9357=PRESENTATION_STYLE_ASSIGNMENT((#9356));
#9358=STYLED_ITEM('',(#9357),#9351);
#9359=CARTESIAN_POINT('',(-2.4E0,-9.721E-1,2.906497078704E-1));
#9360=DIRECTION('',(0.E0,-1.E0,0.E0));
#9361=DIRECTION('',(0.E0,0.E0,1.E0));
#9362=AXIS2_PLACEMENT_3D('',#9359,#9360,#9361);
#9363=PLANE('',#9362);
#9364=ORIENTED_EDGE('',*,*,#9135,.F.);
#9365=ORIENTED_EDGE('',*,*,#9201,.T.);
#9366=ORIENTED_EDGE('',*,*,#9245,.T.);
#9367=ORIENTED_EDGE('',*,*,#9345,.F.);
#9368=EDGE_LOOP('',(#9364,#9365,#9366,#9367));
#9369=FACE_OUTER_BOUND('',#9368,.F.);
#9371=FILL_AREA_STYLE_COLOUR('',#16);
#9372=FILL_AREA_STYLE('',(#9371));
#9373=SURFACE_STYLE_FILL_AREA(#9372);
#9374=SURFACE_SIDE_STYLE('',(#9373));
#9375=SURFACE_STYLE_USAGE(.POSITIVE.,#9374);
#9376=PRESENTATION_STYLE_ASSIGNMENT((#9375));
#9377=STYLED_ITEM('',(#9376),#9370);
#9378=CARTESIAN_POINT('',(-2.4E0,1.6287E0,6.219E-1));
#9379=DIRECTION('',(0.E0,-1.E0,0.E0));
#9380=DIRECTION('',(0.E0,0.E0,1.E0));
#9381=AXIS2_PLACEMENT_3D('',#9378,#9379,#9380);
#9382=PLANE('',#9381);
#9383=ORIENTED_EDGE('',*,*,#9159,.F.);
#9384=ORIENTED_EDGE('',*,*,#9326,.T.);
#9385=ORIENTED_EDGE('',*,*,#9285,.T.);
#9387=ORIENTED_EDGE('',*,*,#9386,.F.);
#9388=EDGE_LOOP('',(#9383,#9384,#9385,#9387));
#9389=FACE_OUTER_BOUND('',#9388,.F.);
#9391=FILL_AREA_STYLE_COLOUR('',#16);
#9392=FILL_AREA_STYLE('',(#9391));
#9393=SURFACE_STYLE_FILL_AREA(#9392);
#9394=SURFACE_SIDE_STYLE('',(#9393));
#9395=SURFACE_STYLE_USAGE(.POSITIVE.,#9394);
#9396=PRESENTATION_STYLE_ASSIGNMENT((#9395));
#9397=STYLED_ITEM('',(#9396),#9390);
#9398=CARTESIAN_POINT('',(-2.4E0,1.6287E0,9.25E-1));
#9399=DIRECTION('',(0.E0,0.E0,1.E0));
#9400=DIRECTION('',(0.E0,1.E0,0.E0));
#9401=AXIS2_PLACEMENT_3D('',#9398,#9399,#9400);
#9402=PLANE('',#9401);
#9403=ORIENTED_EDGE('',*,*,#9161,.F.);
#9404=ORIENTED_EDGE('',*,*,#9386,.T.);
#9405=ORIENTED_EDGE('',*,*,#9283,.T.);
#9407=ORIENTED_EDGE('',*,*,#9406,.F.);
#9408=EDGE_LOOP('',(#9403,#9404,#9405,#9407));
#9409=FACE_OUTER_BOUND('',#9408,.F.);
#9411=FILL_AREA_STYLE_COLOUR('',#16);
#9412=FILL_AREA_STYLE('',(#9411));
#9413=SURFACE_STYLE_FILL_AREA(#9412);
#9414=SURFACE_SIDE_STYLE('',(#9413));
#9415=SURFACE_STYLE_USAGE(.POSITIVE.,#9414);
#9416=PRESENTATION_STYLE_ASSIGNMENT((#9415));
#9417=STYLED_ITEM('',(#9416),#9410);
#9418=CARTESIAN_POINT('',(-2.4E0,1.9194E0,7.524E-1));
#9419=DIRECTION('',(-1.E0,0.E0,0.E0));
#9420=DIRECTION('',(0.E0,0.E0,-1.E0));
#9421=AXIS2_PLACEMENT_3D('',#9418,#9419,#9420);
#9422=CYLINDRICAL_SURFACE('',#9421,1.726E-1);
#9423=ORIENTED_EDGE('',*,*,#9163,.F.);
#9424=ORIENTED_EDGE('',*,*,#9406,.T.);
#9425=ORIENTED_EDGE('',*,*,#9281,.T.);
#9427=ORIENTED_EDGE('',*,*,#9426,.F.);
#9428=EDGE_LOOP('',(#9423,#9424,#9425,#9427));
#9429=FACE_OUTER_BOUND('',#9428,.F.);
#9431=FILL_AREA_STYLE_COLOUR('',#16);
#9432=FILL_AREA_STYLE('',(#9431));
#9433=SURFACE_STYLE_FILL_AREA(#9432);
#9434=SURFACE_SIDE_STYLE('',(#9433));
#9435=SURFACE_STYLE_USAGE(.POSITIVE.,#9434);
#9436=PRESENTATION_STYLE_ASSIGNMENT((#9435));
#9437=STYLED_ITEM('',(#9436),#9430);
#9438=CARTESIAN_POINT('',(-2.4E0,2.092E0,7.524E-1));
#9439=DIRECTION('',(0.E0,1.E0,0.E0));
#9440=DIRECTION('',(0.E0,0.E0,-1.E0));
#9441=AXIS2_PLACEMENT_3D('',#9438,#9439,#9440);
#9442=PLANE('',#9441);
#9443=ORIENTED_EDGE('',*,*,#9165,.F.);
#9444=ORIENTED_EDGE('',*,*,#9426,.T.);
#9445=ORIENTED_EDGE('',*,*,#9279,.T.);
#9447=ORIENTED_EDGE('',*,*,#9446,.F.);
#9448=EDGE_LOOP('',(#9443,#9444,#9445,#9447));
#9449=FACE_OUTER_BOUND('',#9448,.F.);
#9451=FILL_AREA_STYLE_COLOUR('',#16);
#9452=FILL_AREA_STYLE('',(#9451));
#9453=SURFACE_STYLE_FILL_AREA(#9452);
#9454=SURFACE_SIDE_STYLE('',(#9453));
#9455=SURFACE_STYLE_USAGE(.POSITIVE.,#9454);
#9456=PRESENTATION_STYLE_ASSIGNMENT((#9455));
#9457=STYLED_ITEM('',(#9456),#9450);
#9458=CARTESIAN_POINT('',(-2.4E0,2.092E0,-8.984E-1));
#9459=DIRECTION('',(0.E0,8.420239706227E-1,5.394401105747E-1));
#9460=DIRECTION('',(0.E0,5.394401105747E-1,-8.420239706227E-1));
#9461=AXIS2_PLACEMENT_3D('',#9458,#9459,#9460);
#9462=PLANE('',#9461);
#9463=ORIENTED_EDGE('',*,*,#9167,.F.);
#9464=ORIENTED_EDGE('',*,*,#9446,.T.);
#9465=ORIENTED_EDGE('',*,*,#9277,.T.);
#9467=ORIENTED_EDGE('',*,*,#9466,.F.);
#9468=EDGE_LOOP('',(#9463,#9464,#9465,#9467));
#9469=FACE_OUTER_BOUND('',#9468,.F.);
#9471=FILL_AREA_STYLE_COLOUR('',#16);
#9472=FILL_AREA_STYLE('',(#9471));
#9473=SURFACE_STYLE_FILL_AREA(#9472);
#9474=SURFACE_SIDE_STYLE('',(#9473));
#9475=SURFACE_STYLE_USAGE(.POSITIVE.,#9474);
#9476=PRESENTATION_STYLE_ASSIGNMENT((#9475));
#9477=STYLED_ITEM('',(#9476),#9470);
#9478=CARTESIAN_POINT('',(-2.4E0,2.3653E0,-1.325E0));
#9479=DIRECTION('',(0.E0,0.E0,1.E0));
#9480=DIRECTION('',(0.E0,1.E0,0.E0));
#9481=AXIS2_PLACEMENT_3D('',#9478,#9479,#9480);
#9482=PLANE('',#9481);
#9483=ORIENTED_EDGE('',*,*,#9169,.F.);
#9484=ORIENTED_EDGE('',*,*,#9466,.T.);
#9485=ORIENTED_EDGE('',*,*,#9275,.T.);
#9487=ORIENTED_EDGE('',*,*,#9486,.F.);
#9488=EDGE_LOOP('',(#9483,#9484,#9485,#9487));
#9489=FACE_OUTER_BOUND('',#9488,.F.);
#9491=FILL_AREA_STYLE_COLOUR('',#16);
#9492=FILL_AREA_STYLE('',(#9491));
#9493=SURFACE_STYLE_FILL_AREA(#9492);
#9494=SURFACE_SIDE_STYLE('',(#9493));
#9495=SURFACE_STYLE_USAGE(.POSITIVE.,#9494);
#9496=PRESENTATION_STYLE_ASSIGNMENT((#9495));
#9497=STYLED_ITEM('',(#9496),#9490);
#9498=CARTESIAN_POINT('',(-2.4E0,2.739430503005E0,-1.475569496995E0));
#9499=DIRECTION('',(-1.E0,0.E0,0.E0));
#9500=DIRECTION('',(0.E0,0.E0,-1.E0));
#9501=AXIS2_PLACEMENT_3D('',#9498,#9499,#9500);
#9502=CYLINDRICAL_SURFACE('',#9501,1.505694969951E-1);
#9503=ORIENTED_EDGE('',*,*,#9171,.F.);
#9504=ORIENTED_EDGE('',*,*,#9486,.T.);
#9505=ORIENTED_EDGE('',*,*,#9273,.T.);
#9507=ORIENTED_EDGE('',*,*,#9506,.F.);
#9508=EDGE_LOOP('',(#9503,#9504,#9505,#9507));
#9509=FACE_OUTER_BOUND('',#9508,.F.);
#9511=FILL_AREA_STYLE_COLOUR('',#16);
#9512=FILL_AREA_STYLE('',(#9511));
#9513=SURFACE_STYLE_FILL_AREA(#9512);
#9514=SURFACE_SIDE_STYLE('',(#9513));
#9515=SURFACE_STYLE_USAGE(.POSITIVE.,#9514);
#9516=PRESENTATION_STYLE_ASSIGNMENT((#9515));
#9517=STYLED_ITEM('',(#9516),#9510);
#9518=CARTESIAN_POINT('',(-2.4E0,2.89E0,-1.475569496995E0));
#9519=DIRECTION('',(0.E0,1.E0,0.E0));
#9520=DIRECTION('',(0.E0,0.E0,-1.E0));
#9521=AXIS2_PLACEMENT_3D('',#9518,#9519,#9520);
#9522=PLANE('',#9521);
#9523=ORIENTED_EDGE('',*,*,#9173,.F.);
#9524=ORIENTED_EDGE('',*,*,#9506,.T.);
#9525=ORIENTED_EDGE('',*,*,#9271,.T.);
#9527=ORIENTED_EDGE('',*,*,#9526,.F.);
#9528=EDGE_LOOP('',(#9523,#9524,#9525,#9527));
#9529=FACE_OUTER_BOUND('',#9528,.F.);
#9531=FILL_AREA_STYLE_COLOUR('',#16);
#9532=FILL_AREA_STYLE('',(#9531));
#9533=SURFACE_STYLE_FILL_AREA(#9532);
#9534=SURFACE_SIDE_STYLE('',(#9533));
#9535=SURFACE_STYLE_USAGE(.POSITIVE.,#9534);
#9536=PRESENTATION_STYLE_ASSIGNMENT((#9535));
#9537=STYLED_ITEM('',(#9536),#9530);
#9538=CARTESIAN_POINT('',(-2.4E0,2.89E0,-1.625E0));
#9539=DIRECTION('',(0.E0,0.E0,-1.E0));
#9540=DIRECTION('',(0.E0,-1.E0,0.E0));
#9541=AXIS2_PLACEMENT_3D('',#9538,#9539,#9540);
#9542=PLANE('',#9541);
#9543=ORIENTED_EDGE('',*,*,#9175,.F.);
#9544=ORIENTED_EDGE('',*,*,#9526,.T.);
#9545=ORIENTED_EDGE('',*,*,#9269,.T.);
#9547=ORIENTED_EDGE('',*,*,#9546,.F.);
#9548=EDGE_LOOP('',(#9543,#9544,#9545,#9547));
#9549=FACE_OUTER_BOUND('',#9548,.F.);
#9551=FILL_AREA_STYLE_COLOUR('',#16);
#9552=FILL_AREA_STYLE('',(#9551));
#9553=SURFACE_STYLE_FILL_AREA(#9552);
#9554=SURFACE_SIDE_STYLE('',(#9553));
#9555=SURFACE_STYLE_USAGE(.POSITIVE.,#9554);
#9556=PRESENTATION_STYLE_ASSIGNMENT((#9555));
#9557=STYLED_ITEM('',(#9556),#9550);
#9558=CARTESIAN_POINT('',(-2.4E0,2.15E0,-1.625E0));
#9559=DIRECTION('',(0.E0,-7.027046097443E-1,-7.114817154672E-1));
#9560=DIRECTION('',(0.E0,-7.114817154672E-1,7.027046097443E-1));
#9561=AXIS2_PLACEMENT_3D('',#9558,#9559,#9560);
#9562=PLANE('',#9561);
#9563=ORIENTED_EDGE('',*,*,#9177,.F.);
#9564=ORIENTED_EDGE('',*,*,#9546,.T.);
#9565=ORIENTED_EDGE('',*,*,#9267,.T.);
#9567=ORIENTED_EDGE('',*,*,#9566,.F.);
#9568=EDGE_LOOP('',(#9563,#9564,#9565,#9567));
#9569=FACE_OUTER_BOUND('',#9568,.F.);
#9571=FILL_AREA_STYLE_COLOUR('',#16);
#9572=FILL_AREA_STYLE('',(#9571));
#9573=SURFACE_STYLE_FILL_AREA(#9572);
#9574=SURFACE_SIDE_STYLE('',(#9573));
#9575=SURFACE_STYLE_USAGE(.POSITIVE.,#9574);
#9576=PRESENTATION_STYLE_ASSIGNMENT((#9575));
#9577=STYLED_ITEM('',(#9576),#9570);
#9578=CARTESIAN_POINT('',(-2.4E0,1.6287E0,-1.110130952636E0));
#9579=DIRECTION('',(0.E0,-1.E0,0.E0));
#9580=DIRECTION('',(0.E0,0.E0,1.E0));
#9581=AXIS2_PLACEMENT_3D('',#9578,#9579,#9580);
#9582=PLANE('',#9581);
#9583=ORIENTED_EDGE('',*,*,#9179,.F.);
#9584=ORIENTED_EDGE('',*,*,#9566,.T.);
#9585=ORIENTED_EDGE('',*,*,#9265,.T.);
#9586=ORIENTED_EDGE('',*,*,#9221,.F.);
#9587=EDGE_LOOP('',(#9583,#9584,#9585,#9586));
#9588=FACE_OUTER_BOUND('',#9587,.F.);
#9590=FILL_AREA_STYLE_COLOUR('',#16);
#9591=FILL_AREA_STYLE('',(#9590));
#9592=SURFACE_STYLE_FILL_AREA(#9591);
#9593=SURFACE_SIDE_STYLE('',(#9592));
#9594=SURFACE_STYLE_USAGE(.POSITIVE.,#9593);
#9595=PRESENTATION_STYLE_ASSIGNMENT((#9594));
#9596=STYLED_ITEM('',(#9595),#9589);
#9597=CARTESIAN_POINT('',(-1.4E0,0.E0,0.E0));
#9598=DIRECTION('',(-1.E0,0.E0,0.E0));
#9599=DIRECTION('',(0.E0,0.E0,-1.E0));
#9600=AXIS2_PLACEMENT_3D('',#9597,#9598,#9599);
#9601=PLANE('',#9600);
#9602=ORIENTED_EDGE('',*,*,#6733,.F.);
#9604=ORIENTED_EDGE('',*,*,#9603,.T.);
#9606=ORIENTED_EDGE('',*,*,#9605,.T.);
#9608=ORIENTED_EDGE('',*,*,#9607,.T.);
#9610=ORIENTED_EDGE('',*,*,#9609,.T.);
#9611=EDGE_LOOP('',(#9602,#9604,#9606,#9608,#9610));
#9612=FACE_OUTER_BOUND('',#9611,.F.);
#9614=FILL_AREA_STYLE_COLOUR('',#16);
#9615=FILL_AREA_STYLE('',(#9614));
#9616=SURFACE_STYLE_FILL_AREA(#9615);
#9617=SURFACE_SIDE_STYLE('',(#9616));
#9618=SURFACE_STYLE_USAGE(.POSITIVE.,#9617);
#9619=PRESENTATION_STYLE_ASSIGNMENT((#9618));
#9620=STYLED_ITEM('',(#9619),#9613);
#9621=CARTESIAN_POINT('',(-1.4E0,0.E0,0.E0));
#9622=DIRECTION('',(-1.E0,0.E0,0.E0));
#9623=DIRECTION('',(0.E0,0.E0,-1.E0));
#9624=AXIS2_PLACEMENT_3D('',#9621,#9622,#9623);
#9625=PLANE('',#9624);
#9626=ORIENTED_EDGE('',*,*,#6544,.T.);
#9628=ORIENTED_EDGE('',*,*,#9627,.T.);
#9630=ORIENTED_EDGE('',*,*,#9629,.T.);
#9632=ORIENTED_EDGE('',*,*,#9631,.T.);
#9634=ORIENTED_EDGE('',*,*,#9633,.T.);
#9636=ORIENTED_EDGE('',*,*,#9635,.T.);
#9638=ORIENTED_EDGE('',*,*,#9637,.T.);
#9640=ORIENTED_EDGE('',*,*,#9639,.T.);
#9642=ORIENTED_EDGE('',*,*,#9641,.T.);
#9644=ORIENTED_EDGE('',*,*,#9643,.T.);
#9646=ORIENTED_EDGE('',*,*,#9645,.T.);
#9648=ORIENTED_EDGE('',*,*,#9647,.T.);
#9650=ORIENTED_EDGE('',*,*,#9649,.T.);
#9652=ORIENTED_EDGE('',*,*,#9651,.T.);
#9653=EDGE_LOOP('',(#9626,#9628,#9630,#9632,#9634,#9636,#9638,#9640,#9642,#9644,
#9646,#9648,#9650,#9652));
#9654=FACE_OUTER_BOUND('',#9653,.F.);
#9656=FILL_AREA_STYLE_COLOUR('',#16);
#9657=FILL_AREA_STYLE('',(#9656));
#9658=SURFACE_STYLE_FILL_AREA(#9657);
#9659=SURFACE_SIDE_STYLE('',(#9658));
#9660=SURFACE_STYLE_USAGE(.POSITIVE.,#9659);
#9661=PRESENTATION_STYLE_ASSIGNMENT((#9660));
#9662=STYLED_ITEM('',(#9661),#9655);
#9663=CARTESIAN_POINT('',(-1.4E0,1.6287E0,1.701690473643E-1));
#9664=DIRECTION('',(0.E0,-4.627483663151E-2,-9.989287459547E-1));
#9665=DIRECTION('',(0.E0,-9.989287459547E-1,4.627483663151E-2));
#9666=AXIS2_PLACEMENT_3D('',#9663,#9664,#9665);
#9667=PLANE('',#9666);
#9668=ORIENTED_EDGE('',*,*,#6739,.T.);
#9670=ORIENTED_EDGE('',*,*,#9669,.T.);
#9672=ORIENTED_EDGE('',*,*,#9671,.F.);
#9673=ORIENTED_EDGE('',*,*,#9603,.F.);
#9674=EDGE_LOOP('',(#9668,#9670,#9672,#9673));
#9675=FACE_OUTER_BOUND('',#9674,.F.);
#9677=FILL_AREA_STYLE_COLOUR('',#16);
#9678=FILL_AREA_STYLE('',(#9677));
#9679=SURFACE_STYLE_FILL_AREA(#9678);
#9680=SURFACE_SIDE_STYLE('',(#9679));
#9681=SURFACE_STYLE_USAGE(.POSITIVE.,#9680);
#9682=PRESENTATION_STYLE_ASSIGNMENT((#9681));
#9683=STYLED_ITEM('',(#9682),#9676);
#9684=CARTESIAN_POINT('',(-1.4E0,1.6287E0,1.701690473643E-1));
#9685=DIRECTION('',(0.E0,-4.627483663151E-2,-9.989287459547E-1));
#9686=DIRECTION('',(0.E0,-9.989287459547E-1,4.627483663151E-2));
#9687=AXIS2_PLACEMENT_3D('',#9684,#9685,#9686);
#9688=PLANE('',#9687);
#9689=ORIENTED_EDGE('',*,*,#6546,.F.);
#9690=ORIENTED_EDGE('',*,*,#9651,.F.);
#9692=ORIENTED_EDGE('',*,*,#9691,.T.);
#9694=ORIENTED_EDGE('',*,*,#9693,.T.);
#9695=EDGE_LOOP('',(#9689,#9690,#9692,#9694));
#9696=FACE_OUTER_BOUND('',#9695,.F.);
#9698=FILL_AREA_STYLE_COLOUR('',#16);
#9699=FILL_AREA_STYLE('',(#9698));
#9700=SURFACE_STYLE_FILL_AREA(#9699);
#9701=SURFACE_SIDE_STYLE('',(#9700));
#9702=SURFACE_STYLE_USAGE(.POSITIVE.,#9701);
#9703=PRESENTATION_STYLE_ASSIGNMENT((#9702));
#9704=STYLED_ITEM('',(#9703),#9697);
#9705=CARTESIAN_POINT('',(-1.6E0,0.E0,0.E0));
#9706=DIRECTION('',(-1.E0,0.E0,0.E0));
#9707=DIRECTION('',(0.E0,0.E0,-1.E0));
#9708=AXIS2_PLACEMENT_3D('',#9705,#9706,#9707);
#9709=PLANE('',#9708);
#9710=ORIENTED_EDGE('',*,*,#6737,.T.);
#9712=ORIENTED_EDGE('',*,*,#9711,.F.);
#9714=ORIENTED_EDGE('',*,*,#9713,.F.);
#9716=ORIENTED_EDGE('',*,*,#9715,.F.);
#9717=ORIENTED_EDGE('',*,*,#9669,.F.);
#9718=EDGE_LOOP('',(#9710,#9712,#9714,#9716,#9717));
#9719=FACE_OUTER_BOUND('',#9718,.F.);
#9721=FILL_AREA_STYLE_COLOUR('',#16);
#9722=FILL_AREA_STYLE('',(#9721));
#9723=SURFACE_STYLE_FILL_AREA(#9722);
#9724=SURFACE_SIDE_STYLE('',(#9723));
#9725=SURFACE_STYLE_USAGE(.POSITIVE.,#9724);
#9726=PRESENTATION_STYLE_ASSIGNMENT((#9725));
#9727=STYLED_ITEM('',(#9726),#9720);
#9728=CARTESIAN_POINT('',(-1.6E0,0.E0,0.E0));
#9729=DIRECTION('',(-1.E0,0.E0,0.E0));
#9730=DIRECTION('',(0.E0,0.E0,-1.E0));
#9731=AXIS2_PLACEMENT_3D('',#9728,#9729,#9730);
#9732=PLANE('',#9731);
#9733=ORIENTED_EDGE('',*,*,#6548,.F.);
#9734=ORIENTED_EDGE('',*,*,#9693,.F.);
#9736=ORIENTED_EDGE('',*,*,#9735,.F.);
#9738=ORIENTED_EDGE('',*,*,#9737,.F.);
#9740=ORIENTED_EDGE('',*,*,#9739,.F.);
#9742=ORIENTED_EDGE('',*,*,#9741,.F.);
#9744=ORIENTED_EDGE('',*,*,#9743,.F.);
#9746=ORIENTED_EDGE('',*,*,#9745,.F.);
#9748=ORIENTED_EDGE('',*,*,#9747,.F.);
#9750=ORIENTED_EDGE('',*,*,#9749,.F.);
#9752=ORIENTED_EDGE('',*,*,#9751,.F.);
#9754=ORIENTED_EDGE('',*,*,#9753,.F.);
#9756=ORIENTED_EDGE('',*,*,#9755,.F.);
#9758=ORIENTED_EDGE('',*,*,#9757,.F.);
#9759=EDGE_LOOP('',(#9733,#9734,#9736,#9738,#9740,#9742,#9744,#9746,#9748,#9750,
#9752,#9754,#9756,#9758));
#9760=FACE_OUTER_BOUND('',#9759,.F.);
#9762=FILL_AREA_STYLE_COLOUR('',#16);
#9763=FILL_AREA_STYLE('',(#9762));
#9764=SURFACE_STYLE_FILL_AREA(#9763);
#9765=SURFACE_SIDE_STYLE('',(#9764));
#9766=SURFACE_STYLE_USAGE(.POSITIVE.,#9765);
#9767=PRESENTATION_STYLE_ASSIGNMENT((#9766));
#9768=STYLED_ITEM('',(#9767),#9761);
#9769=CARTESIAN_POINT('',(-1.4E0,-7.722E-1,6.219E-1));
#9770=DIRECTION('',(0.E0,0.E0,1.E0));
#9771=DIRECTION('',(0.E0,1.E0,0.E0));
#9772=AXIS2_PLACEMENT_3D('',#9769,#9770,#9771);
#9773=PLANE('',#9772);
#9774=ORIENTED_EDGE('',*,*,#6735,.F.);
#9775=ORIENTED_EDGE('',*,*,#9609,.F.);
#9777=ORIENTED_EDGE('',*,*,#9776,.T.);
#9778=ORIENTED_EDGE('',*,*,#9711,.T.);
#9779=EDGE_LOOP('',(#9774,#9775,#9777,#9778));
#9780=FACE_OUTER_BOUND('',#9779,.F.);
#9782=FILL_AREA_STYLE_COLOUR('',#16);
#9783=FILL_AREA_STYLE('',(#9782));
#9784=SURFACE_STYLE_FILL_AREA(#9783);
#9785=SURFACE_SIDE_STYLE('',(#9784));
#9786=SURFACE_STYLE_USAGE(.POSITIVE.,#9785);
#9787=PRESENTATION_STYLE_ASSIGNMENT((#9786));
#9788=STYLED_ITEM('',(#9787),#9781);
#9789=CARTESIAN_POINT('',(-1.4E0,-7.722E-1,6.219E-1));
#9790=DIRECTION('',(0.E0,0.E0,1.E0));
#9791=DIRECTION('',(0.E0,1.E0,0.E0));
#9792=AXIS2_PLACEMENT_3D('',#9789,#9790,#9791);
#9793=PLANE('',#9792);
#9794=ORIENTED_EDGE('',*,*,#6550,.T.);
#9795=ORIENTED_EDGE('',*,*,#9757,.T.);
#9797=ORIENTED_EDGE('',*,*,#9796,.F.);
#9798=ORIENTED_EDGE('',*,*,#9627,.F.);
#9799=EDGE_LOOP('',(#9794,#9795,#9797,#9798));
#9800=FACE_OUTER_BOUND('',#9799,.F.);
#9802=FILL_AREA_STYLE_COLOUR('',#16);
#9803=FILL_AREA_STYLE('',(#9802));
#9804=SURFACE_STYLE_FILL_AREA(#9803);
#9805=SURFACE_SIDE_STYLE('',(#9804));
#9806=SURFACE_STYLE_USAGE(.POSITIVE.,#9805);
#9807=PRESENTATION_STYLE_ASSIGNMENT((#9806));
#9808=STYLED_ITEM('',(#9807),#9801);
#9809=CARTESIAN_POINT('',(-1.4E0,-7.722E-1,4.22E-1));
#9810=DIRECTION('',(-1.E0,0.E0,0.E0));
#9811=DIRECTION('',(0.E0,0.E0,-1.E0));
#9812=AXIS2_PLACEMENT_3D('',#9809,#9810,#9811);
#9813=CYLINDRICAL_SURFACE('',#9812,1.999E-1);
#9814=ORIENTED_EDGE('',*,*,#9607,.F.);
#9816=ORIENTED_EDGE('',*,*,#9815,.T.);
#9817=ORIENTED_EDGE('',*,*,#9713,.T.);
#9818=ORIENTED_EDGE('',*,*,#9776,.F.);
#9819=EDGE_LOOP('',(#9814,#9816,#9817,#9818));
#9820=FACE_OUTER_BOUND('',#9819,.F.);
#9822=FILL_AREA_STYLE_COLOUR('',#16);
#9823=FILL_AREA_STYLE('',(#9822));
#9824=SURFACE_STYLE_FILL_AREA(#9823);
#9825=SURFACE_SIDE_STYLE('',(#9824));
#9826=SURFACE_STYLE_USAGE(.POSITIVE.,#9825);
#9827=PRESENTATION_STYLE_ASSIGNMENT((#9826));
#9828=STYLED_ITEM('',(#9827),#9821);
#9829=CARTESIAN_POINT('',(-1.4E0,-9.721E-1,2.906497078704E-1));
#9830=DIRECTION('',(0.E0,-1.E0,0.E0));
#9831=DIRECTION('',(0.E0,0.E0,1.E0));
#9832=AXIS2_PLACEMENT_3D('',#9829,#9830,#9831);
#9833=PLANE('',#9832);
#9834=ORIENTED_EDGE('',*,*,#9605,.F.);
#9835=ORIENTED_EDGE('',*,*,#9671,.T.);
#9836=ORIENTED_EDGE('',*,*,#9715,.T.);
#9837=ORIENTED_EDGE('',*,*,#9815,.F.);
#9838=EDGE_LOOP('',(#9834,#9835,#9836,#9837));
#9839=FACE_OUTER_BOUND('',#9838,.F.);
#9841=FILL_AREA_STYLE_COLOUR('',#16);
#9842=FILL_AREA_STYLE('',(#9841));
#9843=SURFACE_STYLE_FILL_AREA(#9842);
#9844=SURFACE_SIDE_STYLE('',(#9843));
#9845=SURFACE_STYLE_USAGE(.POSITIVE.,#9844);
#9846=PRESENTATION_STYLE_ASSIGNMENT((#9845));
#9847=STYLED_ITEM('',(#9846),#9840);
#9848=CARTESIAN_POINT('',(-1.4E0,1.6287E0,6.219E-1));
#9849=DIRECTION('',(0.E0,-1.E0,0.E0));
#9850=DIRECTION('',(0.E0,0.E0,1.E0));
#9851=AXIS2_PLACEMENT_3D('',#9848,#9849,#9850);
#9852=PLANE('',#9851);
#9853=ORIENTED_EDGE('',*,*,#9629,.F.);
#9854=ORIENTED_EDGE('',*,*,#9796,.T.);
#9855=ORIENTED_EDGE('',*,*,#9755,.T.);
#9857=ORIENTED_EDGE('',*,*,#9856,.F.);
#9858=EDGE_LOOP('',(#9853,#9854,#9855,#9857));
#9859=FACE_OUTER_BOUND('',#9858,.F.);
#9861=FILL_AREA_STYLE_COLOUR('',#16);
#9862=FILL_AREA_STYLE('',(#9861));
#9863=SURFACE_STYLE_FILL_AREA(#9862);
#9864=SURFACE_SIDE_STYLE('',(#9863));
#9865=SURFACE_STYLE_USAGE(.POSITIVE.,#9864);
#9866=PRESENTATION_STYLE_ASSIGNMENT((#9865));
#9867=STYLED_ITEM('',(#9866),#9860);
#9868=CARTESIAN_POINT('',(-1.4E0,1.6287E0,9.25E-1));
#9869=DIRECTION('',(0.E0,0.E0,1.E0));
#9870=DIRECTION('',(0.E0,1.E0,0.E0));
#9871=AXIS2_PLACEMENT_3D('',#9868,#9869,#9870);
#9872=PLANE('',#9871);
#9873=ORIENTED_EDGE('',*,*,#9631,.F.);
#9874=ORIENTED_EDGE('',*,*,#9856,.T.);
#9875=ORIENTED_EDGE('',*,*,#9753,.T.);
#9877=ORIENTED_EDGE('',*,*,#9876,.F.);
#9878=EDGE_LOOP('',(#9873,#9874,#9875,#9877));
#9879=FACE_OUTER_BOUND('',#9878,.F.);
#9881=FILL_AREA_STYLE_COLOUR('',#16);
#9882=FILL_AREA_STYLE('',(#9881));
#9883=SURFACE_STYLE_FILL_AREA(#9882);
#9884=SURFACE_SIDE_STYLE('',(#9883));
#9885=SURFACE_STYLE_USAGE(.POSITIVE.,#9884);
#9886=PRESENTATION_STYLE_ASSIGNMENT((#9885));
#9887=STYLED_ITEM('',(#9886),#9880);
#9888=CARTESIAN_POINT('',(-1.4E0,1.9194E0,7.524E-1));
#9889=DIRECTION('',(-1.E0,0.E0,0.E0));
#9890=DIRECTION('',(0.E0,0.E0,-1.E0));
#9891=AXIS2_PLACEMENT_3D('',#9888,#9889,#9890);
#9892=CYLINDRICAL_SURFACE('',#9891,1.726E-1);
#9893=ORIENTED_EDGE('',*,*,#9633,.F.);
#9894=ORIENTED_EDGE('',*,*,#9876,.T.);
#9895=ORIENTED_EDGE('',*,*,#9751,.T.);
#9897=ORIENTED_EDGE('',*,*,#9896,.F.);
#9898=EDGE_LOOP('',(#9893,#9894,#9895,#9897));
#9899=FACE_OUTER_BOUND('',#9898,.F.);
#9901=FILL_AREA_STYLE_COLOUR('',#16);
#9902=FILL_AREA_STYLE('',(#9901));
#9903=SURFACE_STYLE_FILL_AREA(#9902);
#9904=SURFACE_SIDE_STYLE('',(#9903));
#9905=SURFACE_STYLE_USAGE(.POSITIVE.,#9904);
#9906=PRESENTATION_STYLE_ASSIGNMENT((#9905));
#9907=STYLED_ITEM('',(#9906),#9900);
#9908=CARTESIAN_POINT('',(-1.4E0,2.092E0,7.524E-1));
#9909=DIRECTION('',(0.E0,1.E0,0.E0));
#9910=DIRECTION('',(0.E0,0.E0,-1.E0));
#9911=AXIS2_PLACEMENT_3D('',#9908,#9909,#9910);
#9912=PLANE('',#9911);
#9913=ORIENTED_EDGE('',*,*,#9635,.F.);
#9914=ORIENTED_EDGE('',*,*,#9896,.T.);
#9915=ORIENTED_EDGE('',*,*,#9749,.T.);
#9917=ORIENTED_EDGE('',*,*,#9916,.F.);
#9918=EDGE_LOOP('',(#9913,#9914,#9915,#9917));
#9919=FACE_OUTER_BOUND('',#9918,.F.);
#9921=FILL_AREA_STYLE_COLOUR('',#16);
#9922=FILL_AREA_STYLE('',(#9921));
#9923=SURFACE_STYLE_FILL_AREA(#9922);
#9924=SURFACE_SIDE_STYLE('',(#9923));
#9925=SURFACE_STYLE_USAGE(.POSITIVE.,#9924);
#9926=PRESENTATION_STYLE_ASSIGNMENT((#9925));
#9927=STYLED_ITEM('',(#9926),#9920);
#9928=CARTESIAN_POINT('',(-1.4E0,2.092E0,-8.984E-1));
#9929=DIRECTION('',(0.E0,8.420239706227E-1,5.394401105747E-1));
#9930=DIRECTION('',(0.E0,5.394401105747E-1,-8.420239706227E-1));
#9931=AXIS2_PLACEMENT_3D('',#9928,#9929,#9930);
#9932=PLANE('',#9931);
#9933=ORIENTED_EDGE('',*,*,#9637,.F.);
#9934=ORIENTED_EDGE('',*,*,#9916,.T.);
#9935=ORIENTED_EDGE('',*,*,#9747,.T.);
#9937=ORIENTED_EDGE('',*,*,#9936,.F.);
#9938=EDGE_LOOP('',(#9933,#9934,#9935,#9937));
#9939=FACE_OUTER_BOUND('',#9938,.F.);
#9941=FILL_AREA_STYLE_COLOUR('',#16);
#9942=FILL_AREA_STYLE('',(#9941));
#9943=SURFACE_STYLE_FILL_AREA(#9942);
#9944=SURFACE_SIDE_STYLE('',(#9943));
#9945=SURFACE_STYLE_USAGE(.POSITIVE.,#9944);
#9946=PRESENTATION_STYLE_ASSIGNMENT((#9945));
#9947=STYLED_ITEM('',(#9946),#9940);
#9948=CARTESIAN_POINT('',(-1.4E0,2.3653E0,-1.325E0));
#9949=DIRECTION('',(0.E0,0.E0,1.E0));
#9950=DIRECTION('',(0.E0,1.E0,0.E0));
#9951=AXIS2_PLACEMENT_3D('',#9948,#9949,#9950);
#9952=PLANE('',#9951);
#9953=ORIENTED_EDGE('',*,*,#9639,.F.);
#9954=ORIENTED_EDGE('',*,*,#9936,.T.);
#9955=ORIENTED_EDGE('',*,*,#9745,.T.);
#9957=ORIENTED_EDGE('',*,*,#9956,.F.);
#9958=EDGE_LOOP('',(#9953,#9954,#9955,#9957));
#9959=FACE_OUTER_BOUND('',#9958,.F.);
#9961=FILL_AREA_STYLE_COLOUR('',#16);
#9962=FILL_AREA_STYLE('',(#9961));
#9963=SURFACE_STYLE_FILL_AREA(#9962);
#9964=SURFACE_SIDE_STYLE('',(#9963));
#9965=SURFACE_STYLE_USAGE(.POSITIVE.,#9964);
#9966=PRESENTATION_STYLE_ASSIGNMENT((#9965));
#9967=STYLED_ITEM('',(#9966),#9960);
#9968=CARTESIAN_POINT('',(-1.4E0,2.739430503005E0,-1.475569496995E0));
#9969=DIRECTION('',(-1.E0,0.E0,0.E0));
#9970=DIRECTION('',(0.E0,0.E0,-1.E0));
#9971=AXIS2_PLACEMENT_3D('',#9968,#9969,#9970);
#9972=CYLINDRICAL_SURFACE('',#9971,1.505694969951E-1);
#9973=ORIENTED_EDGE('',*,*,#9641,.F.);
#9974=ORIENTED_EDGE('',*,*,#9956,.T.);
#9975=ORIENTED_EDGE('',*,*,#9743,.T.);
#9977=ORIENTED_EDGE('',*,*,#9976,.F.);
#9978=EDGE_LOOP('',(#9973,#9974,#9975,#9977));
#9979=FACE_OUTER_BOUND('',#9978,.F.);
#9981=FILL_AREA_STYLE_COLOUR('',#16);
#9982=FILL_AREA_STYLE('',(#9981));
#9983=SURFACE_STYLE_FILL_AREA(#9982);
#9984=SURFACE_SIDE_STYLE('',(#9983));
#9985=SURFACE_STYLE_USAGE(.POSITIVE.,#9984);
#9986=PRESENTATION_STYLE_ASSIGNMENT((#9985));
#9987=STYLED_ITEM('',(#9986),#9980);
#9988=CARTESIAN_POINT('',(-1.4E0,2.89E0,-1.475569496995E0));
#9989=DIRECTION('',(0.E0,1.E0,0.E0));
#9990=DIRECTION('',(0.E0,0.E0,-1.E0));
#9991=AXIS2_PLACEMENT_3D('',#9988,#9989,#9990);
#9992=PLANE('',#9991);
#9993=ORIENTED_EDGE('',*,*,#9643,.F.);
#9994=ORIENTED_EDGE('',*,*,#9976,.T.);
#9995=ORIENTED_EDGE('',*,*,#9741,.T.);
#9997=ORIENTED_EDGE('',*,*,#9996,.F.);
#9998=EDGE_LOOP('',(#9993,#9994,#9995,#9997));
#9999=FACE_OUTER_BOUND('',#9998,.F.);
#10001=FILL_AREA_STYLE_COLOUR('',#16);
#10002=FILL_AREA_STYLE('',(#10001));
#10003=SURFACE_STYLE_FILL_AREA(#10002);
#10004=SURFACE_SIDE_STYLE('',(#10003));
#10005=SURFACE_STYLE_USAGE(.POSITIVE.,#10004);
#10006=PRESENTATION_STYLE_ASSIGNMENT((#10005));
#10007=STYLED_ITEM('',(#10006),#10000);
#10008=CARTESIAN_POINT('',(-1.4E0,2.89E0,-1.625E0));
#10009=DIRECTION('',(0.E0,0.E0,-1.E0));
#10010=DIRECTION('',(0.E0,-1.E0,0.E0));
#10011=AXIS2_PLACEMENT_3D('',#10008,#10009,#10010);
#10012=PLANE('',#10011);
#10013=ORIENTED_EDGE('',*,*,#9645,.F.);
#10014=ORIENTED_EDGE('',*,*,#9996,.T.);
#10015=ORIENTED_EDGE('',*,*,#9739,.T.);
#10017=ORIENTED_EDGE('',*,*,#10016,.F.);
#10018=EDGE_LOOP('',(#10013,#10014,#10015,#10017));
#10019=FACE_OUTER_BOUND('',#10018,.F.);
#10021=FILL_AREA_STYLE_COLOUR('',#16);
#10022=FILL_AREA_STYLE('',(#10021));
#10023=SURFACE_STYLE_FILL_AREA(#10022);
#10024=SURFACE_SIDE_STYLE('',(#10023));
#10025=SURFACE_STYLE_USAGE(.POSITIVE.,#10024);
#10026=PRESENTATION_STYLE_ASSIGNMENT((#10025));
#10027=STYLED_ITEM('',(#10026),#10020);
#10028=CARTESIAN_POINT('',(-1.4E0,2.15E0,-1.625E0));
#10029=DIRECTION('',(0.E0,-7.027046097443E-1,-7.114817154672E-1));
#10030=DIRECTION('',(0.E0,-7.114817154672E-1,7.027046097443E-1));
#10031=AXIS2_PLACEMENT_3D('',#10028,#10029,#10030);
#10032=PLANE('',#10031);
#10033=ORIENTED_EDGE('',*,*,#9647,.F.);
#10034=ORIENTED_EDGE('',*,*,#10016,.T.);
#10035=ORIENTED_EDGE('',*,*,#9737,.T.);
#10037=ORIENTED_EDGE('',*,*,#10036,.F.);
#10038=EDGE_LOOP('',(#10033,#10034,#10035,#10037));
#10039=FACE_OUTER_BOUND('',#10038,.F.);
#10041=FILL_AREA_STYLE_COLOUR('',#16);
#10042=FILL_AREA_STYLE('',(#10041));
#10043=SURFACE_STYLE_FILL_AREA(#10042);
#10044=SURFACE_SIDE_STYLE('',(#10043));
#10045=SURFACE_STYLE_USAGE(.POSITIVE.,#10044);
#10046=PRESENTATION_STYLE_ASSIGNMENT((#10045));
#10047=STYLED_ITEM('',(#10046),#10040);
#10048=CARTESIAN_POINT('',(-1.4E0,1.6287E0,-1.110130952636E0));
#10049=DIRECTION('',(0.E0,-1.E0,0.E0));
#10050=DIRECTION('',(0.E0,0.E0,1.E0));
#10051=AXIS2_PLACEMENT_3D('',#10048,#10049,#10050);
#10052=PLANE('',#10051);
#10053=ORIENTED_EDGE('',*,*,#9649,.F.);
#10054=ORIENTED_EDGE('',*,*,#10036,.T.);
#10055=ORIENTED_EDGE('',*,*,#9735,.T.);
#10056=ORIENTED_EDGE('',*,*,#9691,.F.);
#10057=EDGE_LOOP('',(#10053,#10054,#10055,#10056));
#10058=FACE_OUTER_BOUND('',#10057,.F.);
#10060=FILL_AREA_STYLE_COLOUR('',#16);
#10061=FILL_AREA_STYLE('',(#10060));
#10062=SURFACE_STYLE_FILL_AREA(#10061);
#10063=SURFACE_SIDE_STYLE('',(#10062));
#10064=SURFACE_STYLE_USAGE(.POSITIVE.,#10063);
#10065=PRESENTATION_STYLE_ASSIGNMENT((#10064));
#10066=STYLED_ITEM('',(#10065),#10059);
#10067=CARTESIAN_POINT('',(-4.E-1,0.E0,0.E0));
#10068=DIRECTION('',(-1.E0,0.E0,0.E0));
#10069=DIRECTION('',(0.E0,0.E0,-1.E0));
#10070=AXIS2_PLACEMENT_3D('',#10067,#10068,#10069);
#10071=PLANE('',#10070);
#10072=ORIENTED_EDGE('',*,*,#6743,.F.);
#10074=ORIENTED_EDGE('',*,*,#10073,.T.);
#10076=ORIENTED_EDGE('',*,*,#10075,.T.);
#10078=ORIENTED_EDGE('',*,*,#10077,.T.);
#10080=ORIENTED_EDGE('',*,*,#10079,.T.);
#10081=EDGE_LOOP('',(#10072,#10074,#10076,#10078,#10080));
#10082=FACE_OUTER_BOUND('',#10081,.F.);
#10084=FILL_AREA_STYLE_COLOUR('',#16);
#10085=FILL_AREA_STYLE('',(#10084));
#10086=SURFACE_STYLE_FILL_AREA(#10085);
#10087=SURFACE_SIDE_STYLE('',(#10086));
#10088=SURFACE_STYLE_USAGE(.POSITIVE.,#10087);
#10089=PRESENTATION_STYLE_ASSIGNMENT((#10088));
#10090=STYLED_ITEM('',(#10089),#10083);
#10091=CARTESIAN_POINT('',(-4.E-1,0.E0,0.E0));
#10092=DIRECTION('',(-1.E0,0.E0,0.E0));
#10093=DIRECTION('',(0.E0,0.E0,-1.E0));
#10094=AXIS2_PLACEMENT_3D('',#10091,#10092,#10093);
#10095=PLANE('',#10094);
#10096=ORIENTED_EDGE('',*,*,#6554,.T.);
#10098=ORIENTED_EDGE('',*,*,#10097,.T.);
#10100=ORIENTED_EDGE('',*,*,#10099,.T.);
#10102=ORIENTED_EDGE('',*,*,#10101,.T.);
#10104=ORIENTED_EDGE('',*,*,#10103,.T.);
#10106=ORIENTED_EDGE('',*,*,#10105,.T.);
#10108=ORIENTED_EDGE('',*,*,#10107,.T.);
#10110=ORIENTED_EDGE('',*,*,#10109,.T.);
#10112=ORIENTED_EDGE('',*,*,#10111,.T.);
#10114=ORIENTED_EDGE('',*,*,#10113,.T.);
#10116=ORIENTED_EDGE('',*,*,#10115,.T.);
#10118=ORIENTED_EDGE('',*,*,#10117,.T.);
#10120=ORIENTED_EDGE('',*,*,#10119,.T.);
#10122=ORIENTED_EDGE('',*,*,#10121,.T.);
#10123=EDGE_LOOP('',(#10096,#10098,#10100,#10102,#10104,#10106,#10108,#10110,
#10112,#10114,#10116,#10118,#10120,#10122));
#10124=FACE_OUTER_BOUND('',#10123,.F.);
#10126=FILL_AREA_STYLE_COLOUR('',#16);
#10127=FILL_AREA_STYLE('',(#10126));
#10128=SURFACE_STYLE_FILL_AREA(#10127);
#10129=SURFACE_SIDE_STYLE('',(#10128));
#10130=SURFACE_STYLE_USAGE(.POSITIVE.,#10129);
#10131=PRESENTATION_STYLE_ASSIGNMENT((#10130));
#10132=STYLED_ITEM('',(#10131),#10125);
#10133=CARTESIAN_POINT('',(-4.E-1,1.6287E0,1.701690473643E-1));
#10134=DIRECTION('',(0.E0,-4.627483663151E-2,-9.989287459547E-1));
#10135=DIRECTION('',(0.E0,-9.989287459547E-1,4.627483663151E-2));
#10136=AXIS2_PLACEMENT_3D('',#10133,#10134,#10135);
#10137=PLANE('',#10136);
#10138=ORIENTED_EDGE('',*,*,#6749,.T.);
#10140=ORIENTED_EDGE('',*,*,#10139,.T.);
#10142=ORIENTED_EDGE('',*,*,#10141,.F.);
#10143=ORIENTED_EDGE('',*,*,#10073,.F.);
#10144=EDGE_LOOP('',(#10138,#10140,#10142,#10143));
#10145=FACE_OUTER_BOUND('',#10144,.F.);
#10147=FILL_AREA_STYLE_COLOUR('',#16);
#10148=FILL_AREA_STYLE('',(#10147));
#10149=SURFACE_STYLE_FILL_AREA(#10148);
#10150=SURFACE_SIDE_STYLE('',(#10149));
#10151=SURFACE_STYLE_USAGE(.POSITIVE.,#10150);
#10152=PRESENTATION_STYLE_ASSIGNMENT((#10151));
#10153=STYLED_ITEM('',(#10152),#10146);
#10154=CARTESIAN_POINT('',(-4.E-1,1.6287E0,1.701690473643E-1));
#10155=DIRECTION('',(0.E0,-4.627483663151E-2,-9.989287459547E-1));
#10156=DIRECTION('',(0.E0,-9.989287459547E-1,4.627483663151E-2));
#10157=AXIS2_PLACEMENT_3D('',#10154,#10155,#10156);
#10158=PLANE('',#10157);
#10159=ORIENTED_EDGE('',*,*,#6556,.F.);
#10160=ORIENTED_EDGE('',*,*,#10121,.F.);
#10162=ORIENTED_EDGE('',*,*,#10161,.T.);
#10164=ORIENTED_EDGE('',*,*,#10163,.T.);
#10165=EDGE_LOOP('',(#10159,#10160,#10162,#10164));
#10166=FACE_OUTER_BOUND('',#10165,.F.);
#10168=FILL_AREA_STYLE_COLOUR('',#16);
#10169=FILL_AREA_STYLE('',(#10168));
#10170=SURFACE_STYLE_FILL_AREA(#10169);
#10171=SURFACE_SIDE_STYLE('',(#10170));
#10172=SURFACE_STYLE_USAGE(.POSITIVE.,#10171);
#10173=PRESENTATION_STYLE_ASSIGNMENT((#10172));
#10174=STYLED_ITEM('',(#10173),#10167);
#10175=CARTESIAN_POINT('',(-6.E-1,0.E0,0.E0));
#10176=DIRECTION('',(-1.E0,0.E0,0.E0));
#10177=DIRECTION('',(0.E0,0.E0,-1.E0));
#10178=AXIS2_PLACEMENT_3D('',#10175,#10176,#10177);
#10179=PLANE('',#10178);
#10180=ORIENTED_EDGE('',*,*,#6747,.T.);
#10182=ORIENTED_EDGE('',*,*,#10181,.F.);
#10184=ORIENTED_EDGE('',*,*,#10183,.F.);
#10186=ORIENTED_EDGE('',*,*,#10185,.F.);
#10187=ORIENTED_EDGE('',*,*,#10139,.F.);
#10188=EDGE_LOOP('',(#10180,#10182,#10184,#10186,#10187));
#10189=FACE_OUTER_BOUND('',#10188,.F.);
#10191=FILL_AREA_STYLE_COLOUR('',#16);
#10192=FILL_AREA_STYLE('',(#10191));
#10193=SURFACE_STYLE_FILL_AREA(#10192);
#10194=SURFACE_SIDE_STYLE('',(#10193));
#10195=SURFACE_STYLE_USAGE(.POSITIVE.,#10194);
#10196=PRESENTATION_STYLE_ASSIGNMENT((#10195));
#10197=STYLED_ITEM('',(#10196),#10190);
#10198=CARTESIAN_POINT('',(-6.E-1,0.E0,0.E0));
#10199=DIRECTION('',(-1.E0,0.E0,0.E0));
#10200=DIRECTION('',(0.E0,0.E0,-1.E0));
#10201=AXIS2_PLACEMENT_3D('',#10198,#10199,#10200);
#10202=PLANE('',#10201);
#10203=ORIENTED_EDGE('',*,*,#6558,.F.);
#10204=ORIENTED_EDGE('',*,*,#10163,.F.);
#10206=ORIENTED_EDGE('',*,*,#10205,.F.);
#10208=ORIENTED_EDGE('',*,*,#10207,.F.);
#10210=ORIENTED_EDGE('',*,*,#10209,.F.);
#10212=ORIENTED_EDGE('',*,*,#10211,.F.);
#10214=ORIENTED_EDGE('',*,*,#10213,.F.);
#10216=ORIENTED_EDGE('',*,*,#10215,.F.);
#10218=ORIENTED_EDGE('',*,*,#10217,.F.);
#10220=ORIENTED_EDGE('',*,*,#10219,.F.);
#10222=ORIENTED_EDGE('',*,*,#10221,.F.);
#10224=ORIENTED_EDGE('',*,*,#10223,.F.);
#10226=ORIENTED_EDGE('',*,*,#10225,.F.);
#10228=ORIENTED_EDGE('',*,*,#10227,.F.);
#10229=EDGE_LOOP('',(#10203,#10204,#10206,#10208,#10210,#10212,#10214,#10216,
#10218,#10220,#10222,#10224,#10226,#10228));
#10230=FACE_OUTER_BOUND('',#10229,.F.);
#10232=FILL_AREA_STYLE_COLOUR('',#16);
#10233=FILL_AREA_STYLE('',(#10232));
#10234=SURFACE_STYLE_FILL_AREA(#10233);
#10235=SURFACE_SIDE_STYLE('',(#10234));
#10236=SURFACE_STYLE_USAGE(.POSITIVE.,#10235);
#10237=PRESENTATION_STYLE_ASSIGNMENT((#10236));
#10238=STYLED_ITEM('',(#10237),#10231);
#10239=CARTESIAN_POINT('',(-4.E-1,-7.722E-1,6.219E-1));
#10240=DIRECTION('',(0.E0,0.E0,1.E0));
#10241=DIRECTION('',(0.E0,1.E0,0.E0));
#10242=AXIS2_PLACEMENT_3D('',#10239,#10240,#10241);
#10243=PLANE('',#10242);
#10244=ORIENTED_EDGE('',*,*,#6745,.F.);
#10245=ORIENTED_EDGE('',*,*,#10079,.F.);
#10247=ORIENTED_EDGE('',*,*,#10246,.T.);
#10248=ORIENTED_EDGE('',*,*,#10181,.T.);
#10249=EDGE_LOOP('',(#10244,#10245,#10247,#10248));
#10250=FACE_OUTER_BOUND('',#10249,.F.);
#10252=FILL_AREA_STYLE_COLOUR('',#16);
#10253=FILL_AREA_STYLE('',(#10252));
#10254=SURFACE_STYLE_FILL_AREA(#10253);
#10255=SURFACE_SIDE_STYLE('',(#10254));
#10256=SURFACE_STYLE_USAGE(.POSITIVE.,#10255);
#10257=PRESENTATION_STYLE_ASSIGNMENT((#10256));
#10258=STYLED_ITEM('',(#10257),#10251);
#10259=CARTESIAN_POINT('',(-4.E-1,-7.722E-1,6.219E-1));
#10260=DIRECTION('',(0.E0,0.E0,1.E0));
#10261=DIRECTION('',(0.E0,1.E0,0.E0));
#10262=AXIS2_PLACEMENT_3D('',#10259,#10260,#10261);
#10263=PLANE('',#10262);
#10264=ORIENTED_EDGE('',*,*,#6560,.T.);
#10265=ORIENTED_EDGE('',*,*,#10227,.T.);
#10267=ORIENTED_EDGE('',*,*,#10266,.F.);
#10268=ORIENTED_EDGE('',*,*,#10097,.F.);
#10269=EDGE_LOOP('',(#10264,#10265,#10267,#10268));
#10270=FACE_OUTER_BOUND('',#10269,.F.);
#10272=FILL_AREA_STYLE_COLOUR('',#16);
#10273=FILL_AREA_STYLE('',(#10272));
#10274=SURFACE_STYLE_FILL_AREA(#10273);
#10275=SURFACE_SIDE_STYLE('',(#10274));
#10276=SURFACE_STYLE_USAGE(.POSITIVE.,#10275);
#10277=PRESENTATION_STYLE_ASSIGNMENT((#10276));
#10278=STYLED_ITEM('',(#10277),#10271);
#10279=CARTESIAN_POINT('',(-4.E-1,-7.722E-1,4.22E-1));
#10280=DIRECTION('',(-1.E0,0.E0,0.E0));
#10281=DIRECTION('',(0.E0,0.E0,-1.E0));
#10282=AXIS2_PLACEMENT_3D('',#10279,#10280,#10281);
#10283=CYLINDRICAL_SURFACE('',#10282,1.999E-1);
#10284=ORIENTED_EDGE('',*,*,#10077,.F.);
#10286=ORIENTED_EDGE('',*,*,#10285,.T.);
#10287=ORIENTED_EDGE('',*,*,#10183,.T.);
#10288=ORIENTED_EDGE('',*,*,#10246,.F.);
#10289=EDGE_LOOP('',(#10284,#10286,#10287,#10288));
#10290=FACE_OUTER_BOUND('',#10289,.F.);
#10292=FILL_AREA_STYLE_COLOUR('',#16);
#10293=FILL_AREA_STYLE('',(#10292));
#10294=SURFACE_STYLE_FILL_AREA(#10293);
#10295=SURFACE_SIDE_STYLE('',(#10294));
#10296=SURFACE_STYLE_USAGE(.POSITIVE.,#10295);
#10297=PRESENTATION_STYLE_ASSIGNMENT((#10296));
#10298=STYLED_ITEM('',(#10297),#10291);
#10299=CARTESIAN_POINT('',(-4.E-1,-9.721E-1,2.906497078704E-1));
#10300=DIRECTION('',(0.E0,-1.E0,0.E0));
#10301=DIRECTION('',(0.E0,0.E0,1.E0));
#10302=AXIS2_PLACEMENT_3D('',#10299,#10300,#10301);
#10303=PLANE('',#10302);
#10304=ORIENTED_EDGE('',*,*,#10075,.F.);
#10305=ORIENTED_EDGE('',*,*,#10141,.T.);
#10306=ORIENTED_EDGE('',*,*,#10185,.T.);
#10307=ORIENTED_EDGE('',*,*,#10285,.F.);
#10308=EDGE_LOOP('',(#10304,#10305,#10306,#10307));
#10309=FACE_OUTER_BOUND('',#10308,.F.);
#10311=FILL_AREA_STYLE_COLOUR('',#16);
#10312=FILL_AREA_STYLE('',(#10311));
#10313=SURFACE_STYLE_FILL_AREA(#10312);
#10314=SURFACE_SIDE_STYLE('',(#10313));
#10315=SURFACE_STYLE_USAGE(.POSITIVE.,#10314);
#10316=PRESENTATION_STYLE_ASSIGNMENT((#10315));
#10317=STYLED_ITEM('',(#10316),#10310);
#10318=CARTESIAN_POINT('',(-4.E-1,1.6287E0,6.219E-1));
#10319=DIRECTION('',(0.E0,-1.E0,0.E0));
#10320=DIRECTION('',(0.E0,0.E0,1.E0));
#10321=AXIS2_PLACEMENT_3D('',#10318,#10319,#10320);
#10322=PLANE('',#10321);
#10323=ORIENTED_EDGE('',*,*,#10099,.F.);
#10324=ORIENTED_EDGE('',*,*,#10266,.T.);
#10325=ORIENTED_EDGE('',*,*,#10225,.T.);
#10327=ORIENTED_EDGE('',*,*,#10326,.F.);
#10328=EDGE_LOOP('',(#10323,#10324,#10325,#10327));
#10329=FACE_OUTER_BOUND('',#10328,.F.);
#10331=FILL_AREA_STYLE_COLOUR('',#16);
#10332=FILL_AREA_STYLE('',(#10331));
#10333=SURFACE_STYLE_FILL_AREA(#10332);
#10334=SURFACE_SIDE_STYLE('',(#10333));
#10335=SURFACE_STYLE_USAGE(.POSITIVE.,#10334);
#10336=PRESENTATION_STYLE_ASSIGNMENT((#10335));
#10337=STYLED_ITEM('',(#10336),#10330);
#10338=CARTESIAN_POINT('',(-4.E-1,1.6287E0,9.25E-1));
#10339=DIRECTION('',(0.E0,0.E0,1.E0));
#10340=DIRECTION('',(0.E0,1.E0,0.E0));
#10341=AXIS2_PLACEMENT_3D('',#10338,#10339,#10340);
#10342=PLANE('',#10341);
#10343=ORIENTED_EDGE('',*,*,#10101,.F.);
#10344=ORIENTED_EDGE('',*,*,#10326,.T.);
#10345=ORIENTED_EDGE('',*,*,#10223,.T.);
#10347=ORIENTED_EDGE('',*,*,#10346,.F.);
#10348=EDGE_LOOP('',(#10343,#10344,#10345,#10347));
#10349=FACE_OUTER_BOUND('',#10348,.F.);
#10351=FILL_AREA_STYLE_COLOUR('',#16);
#10352=FILL_AREA_STYLE('',(#10351));
#10353=SURFACE_STYLE_FILL_AREA(#10352);
#10354=SURFACE_SIDE_STYLE('',(#10353));
#10355=SURFACE_STYLE_USAGE(.POSITIVE.,#10354);
#10356=PRESENTATION_STYLE_ASSIGNMENT((#10355));
#10357=STYLED_ITEM('',(#10356),#10350);
#10358=CARTESIAN_POINT('',(-4.E-1,1.9194E0,7.524E-1));
#10359=DIRECTION('',(-1.E0,0.E0,0.E0));
#10360=DIRECTION('',(0.E0,0.E0,-1.E0));
#10361=AXIS2_PLACEMENT_3D('',#10358,#10359,#10360);
#10362=CYLINDRICAL_SURFACE('',#10361,1.726E-1);
#10363=ORIENTED_EDGE('',*,*,#10103,.F.);
#10364=ORIENTED_EDGE('',*,*,#10346,.T.);
#10365=ORIENTED_EDGE('',*,*,#10221,.T.);
#10367=ORIENTED_EDGE('',*,*,#10366,.F.);
#10368=EDGE_LOOP('',(#10363,#10364,#10365,#10367));
#10369=FACE_OUTER_BOUND('',#10368,.F.);
#10371=FILL_AREA_STYLE_COLOUR('',#16);
#10372=FILL_AREA_STYLE('',(#10371));
#10373=SURFACE_STYLE_FILL_AREA(#10372);
#10374=SURFACE_SIDE_STYLE('',(#10373));
#10375=SURFACE_STYLE_USAGE(.POSITIVE.,#10374);
#10376=PRESENTATION_STYLE_ASSIGNMENT((#10375));
#10377=STYLED_ITEM('',(#10376),#10370);
#10378=CARTESIAN_POINT('',(-4.E-1,2.092E0,7.524E-1));
#10379=DIRECTION('',(0.E0,1.E0,0.E0));
#10380=DIRECTION('',(0.E0,0.E0,-1.E0));
#10381=AXIS2_PLACEMENT_3D('',#10378,#10379,#10380);
#10382=PLANE('',#10381);
#10383=ORIENTED_EDGE('',*,*,#10105,.F.);
#10384=ORIENTED_EDGE('',*,*,#10366,.T.);
#10385=ORIENTED_EDGE('',*,*,#10219,.T.);
#10387=ORIENTED_EDGE('',*,*,#10386,.F.);
#10388=EDGE_LOOP('',(#10383,#10384,#10385,#10387));
#10389=FACE_OUTER_BOUND('',#10388,.F.);
#10391=FILL_AREA_STYLE_COLOUR('',#16);
#10392=FILL_AREA_STYLE('',(#10391));
#10393=SURFACE_STYLE_FILL_AREA(#10392);
#10394=SURFACE_SIDE_STYLE('',(#10393));
#10395=SURFACE_STYLE_USAGE(.POSITIVE.,#10394);
#10396=PRESENTATION_STYLE_ASSIGNMENT((#10395));
#10397=STYLED_ITEM('',(#10396),#10390);
#10398=CARTESIAN_POINT('',(-4.E-1,2.092E0,-8.984E-1));
#10399=DIRECTION('',(0.E0,8.420239706227E-1,5.394401105747E-1));
#10400=DIRECTION('',(0.E0,5.394401105747E-1,-8.420239706227E-1));
#10401=AXIS2_PLACEMENT_3D('',#10398,#10399,#10400);
#10402=PLANE('',#10401);
#10403=ORIENTED_EDGE('',*,*,#10107,.F.);
#10404=ORIENTED_EDGE('',*,*,#10386,.T.);
#10405=ORIENTED_EDGE('',*,*,#10217,.T.);
#10407=ORIENTED_EDGE('',*,*,#10406,.F.);
#10408=EDGE_LOOP('',(#10403,#10404,#10405,#10407));
#10409=FACE_OUTER_BOUND('',#10408,.F.);
#10411=FILL_AREA_STYLE_COLOUR('',#16);
#10412=FILL_AREA_STYLE('',(#10411));
#10413=SURFACE_STYLE_FILL_AREA(#10412);
#10414=SURFACE_SIDE_STYLE('',(#10413));
#10415=SURFACE_STYLE_USAGE(.POSITIVE.,#10414);
#10416=PRESENTATION_STYLE_ASSIGNMENT((#10415));
#10417=STYLED_ITEM('',(#10416),#10410);
#10418=CARTESIAN_POINT('',(-4.E-1,2.3653E0,-1.325E0));
#10419=DIRECTION('',(0.E0,0.E0,1.E0));
#10420=DIRECTION('',(0.E0,1.E0,0.E0));
#10421=AXIS2_PLACEMENT_3D('',#10418,#10419,#10420);
#10422=PLANE('',#10421);
#10423=ORIENTED_EDGE('',*,*,#10109,.F.);
#10424=ORIENTED_EDGE('',*,*,#10406,.T.);
#10425=ORIENTED_EDGE('',*,*,#10215,.T.);
#10427=ORIENTED_EDGE('',*,*,#10426,.F.);
#10428=EDGE_LOOP('',(#10423,#10424,#10425,#10427));
#10429=FACE_OUTER_BOUND('',#10428,.F.);
#10431=FILL_AREA_STYLE_COLOUR('',#16);
#10432=FILL_AREA_STYLE('',(#10431));
#10433=SURFACE_STYLE_FILL_AREA(#10432);
#10434=SURFACE_SIDE_STYLE('',(#10433));
#10435=SURFACE_STYLE_USAGE(.POSITIVE.,#10434);
#10436=PRESENTATION_STYLE_ASSIGNMENT((#10435));
#10437=STYLED_ITEM('',(#10436),#10430);
#10438=CARTESIAN_POINT('',(-4.E-1,2.739430503005E0,-1.475569496995E0));
#10439=DIRECTION('',(-1.E0,0.E0,0.E0));
#10440=DIRECTION('',(0.E0,0.E0,-1.E0));
#10441=AXIS2_PLACEMENT_3D('',#10438,#10439,#10440);
#10442=CYLINDRICAL_SURFACE('',#10441,1.505694969951E-1);
#10443=ORIENTED_EDGE('',*,*,#10111,.F.);
#10444=ORIENTED_EDGE('',*,*,#10426,.T.);
#10445=ORIENTED_EDGE('',*,*,#10213,.T.);
#10447=ORIENTED_EDGE('',*,*,#10446,.F.);
#10448=EDGE_LOOP('',(#10443,#10444,#10445,#10447));
#10449=FACE_OUTER_BOUND('',#10448,.F.);
#10451=FILL_AREA_STYLE_COLOUR('',#16);
#10452=FILL_AREA_STYLE('',(#10451));
#10453=SURFACE_STYLE_FILL_AREA(#10452);
#10454=SURFACE_SIDE_STYLE('',(#10453));
#10455=SURFACE_STYLE_USAGE(.POSITIVE.,#10454);
#10456=PRESENTATION_STYLE_ASSIGNMENT((#10455));
#10457=STYLED_ITEM('',(#10456),#10450);
#10458=CARTESIAN_POINT('',(-4.E-1,2.89E0,-1.475569496995E0));
#10459=DIRECTION('',(0.E0,1.E0,0.E0));
#10460=DIRECTION('',(0.E0,0.E0,-1.E0));
#10461=AXIS2_PLACEMENT_3D('',#10458,#10459,#10460);
#10462=PLANE('',#10461);
#10463=ORIENTED_EDGE('',*,*,#10113,.F.);
#10464=ORIENTED_EDGE('',*,*,#10446,.T.);
#10465=ORIENTED_EDGE('',*,*,#10211,.T.);
#10467=ORIENTED_EDGE('',*,*,#10466,.F.);
#10468=EDGE_LOOP('',(#10463,#10464,#10465,#10467));
#10469=FACE_OUTER_BOUND('',#10468,.F.);
#10471=FILL_AREA_STYLE_COLOUR('',#16);
#10472=FILL_AREA_STYLE('',(#10471));
#10473=SURFACE_STYLE_FILL_AREA(#10472);
#10474=SURFACE_SIDE_STYLE('',(#10473));
#10475=SURFACE_STYLE_USAGE(.POSITIVE.,#10474);
#10476=PRESENTATION_STYLE_ASSIGNMENT((#10475));
#10477=STYLED_ITEM('',(#10476),#10470);
#10478=CARTESIAN_POINT('',(-4.E-1,2.89E0,-1.625E0));
#10479=DIRECTION('',(0.E0,0.E0,-1.E0));
#10480=DIRECTION('',(0.E0,-1.E0,0.E0));
#10481=AXIS2_PLACEMENT_3D('',#10478,#10479,#10480);
#10482=PLANE('',#10481);
#10483=ORIENTED_EDGE('',*,*,#10115,.F.);
#10484=ORIENTED_EDGE('',*,*,#10466,.T.);
#10485=ORIENTED_EDGE('',*,*,#10209,.T.);
#10487=ORIENTED_EDGE('',*,*,#10486,.F.);
#10488=EDGE_LOOP('',(#10483,#10484,#10485,#10487));
#10489=FACE_OUTER_BOUND('',#10488,.F.);
#10491=FILL_AREA_STYLE_COLOUR('',#16);
#10492=FILL_AREA_STYLE('',(#10491));
#10493=SURFACE_STYLE_FILL_AREA(#10492);
#10494=SURFACE_SIDE_STYLE('',(#10493));
#10495=SURFACE_STYLE_USAGE(.POSITIVE.,#10494);
#10496=PRESENTATION_STYLE_ASSIGNMENT((#10495));
#10497=STYLED_ITEM('',(#10496),#10490);
#10498=CARTESIAN_POINT('',(-4.E-1,2.15E0,-1.625E0));
#10499=DIRECTION('',(0.E0,-7.027046097443E-1,-7.114817154672E-1));
#10500=DIRECTION('',(0.E0,-7.114817154672E-1,7.027046097443E-1));
#10501=AXIS2_PLACEMENT_3D('',#10498,#10499,#10500);
#10502=PLANE('',#10501);
#10503=ORIENTED_EDGE('',*,*,#10117,.F.);
#10504=ORIENTED_EDGE('',*,*,#10486,.T.);
#10505=ORIENTED_EDGE('',*,*,#10207,.T.);
#10507=ORIENTED_EDGE('',*,*,#10506,.F.);
#10508=EDGE_LOOP('',(#10503,#10504,#10505,#10507));
#10509=FACE_OUTER_BOUND('',#10508,.F.);
#10511=FILL_AREA_STYLE_COLOUR('',#16);
#10512=FILL_AREA_STYLE('',(#10511));
#10513=SURFACE_STYLE_FILL_AREA(#10512);
#10514=SURFACE_SIDE_STYLE('',(#10513));
#10515=SURFACE_STYLE_USAGE(.POSITIVE.,#10514);
#10516=PRESENTATION_STYLE_ASSIGNMENT((#10515));
#10517=STYLED_ITEM('',(#10516),#10510);
#10518=CARTESIAN_POINT('',(-4.E-1,1.6287E0,-1.110130952636E0));
#10519=DIRECTION('',(0.E0,-1.E0,0.E0));
#10520=DIRECTION('',(0.E0,0.E0,1.E0));
#10521=AXIS2_PLACEMENT_3D('',#10518,#10519,#10520);
#10522=PLANE('',#10521);
#10523=ORIENTED_EDGE('',*,*,#10119,.F.);
#10524=ORIENTED_EDGE('',*,*,#10506,.T.);
#10525=ORIENTED_EDGE('',*,*,#10205,.T.);
#10526=ORIENTED_EDGE('',*,*,#10161,.F.);
#10527=EDGE_LOOP('',(#10523,#10524,#10525,#10526));
#10528=FACE_OUTER_BOUND('',#10527,.F.);
#10530=FILL_AREA_STYLE_COLOUR('',#16);
#10531=FILL_AREA_STYLE('',(#10530));
#10532=SURFACE_STYLE_FILL_AREA(#10531);
#10533=SURFACE_SIDE_STYLE('',(#10532));
#10534=SURFACE_STYLE_USAGE(.POSITIVE.,#10533);
#10535=PRESENTATION_STYLE_ASSIGNMENT((#10534));
#10536=STYLED_ITEM('',(#10535),#10529);
#10537=CARTESIAN_POINT('',(6.E-1,0.E0,0.E0));
#10538=DIRECTION('',(-1.E0,0.E0,0.E0));
#10539=DIRECTION('',(0.E0,0.E0,-1.E0));
#10540=AXIS2_PLACEMENT_3D('',#10537,#10538,#10539);
#10541=PLANE('',#10540);
#10542=ORIENTED_EDGE('',*,*,#6753,.F.);
#10544=ORIENTED_EDGE('',*,*,#10543,.T.);
#10546=ORIENTED_EDGE('',*,*,#10545,.T.);
#10548=ORIENTED_EDGE('',*,*,#10547,.T.);
#10550=ORIENTED_EDGE('',*,*,#10549,.T.);
#10551=EDGE_LOOP('',(#10542,#10544,#10546,#10548,#10550));
#10552=FACE_OUTER_BOUND('',#10551,.F.);
#10554=FILL_AREA_STYLE_COLOUR('',#16);
#10555=FILL_AREA_STYLE('',(#10554));
#10556=SURFACE_STYLE_FILL_AREA(#10555);
#10557=SURFACE_SIDE_STYLE('',(#10556));
#10558=SURFACE_STYLE_USAGE(.POSITIVE.,#10557);
#10559=PRESENTATION_STYLE_ASSIGNMENT((#10558));
#10560=STYLED_ITEM('',(#10559),#10553);
#10561=CARTESIAN_POINT('',(6.E-1,0.E0,0.E0));
#10562=DIRECTION('',(-1.E0,0.E0,0.E0));
#10563=DIRECTION('',(0.E0,0.E0,-1.E0));
#10564=AXIS2_PLACEMENT_3D('',#10561,#10562,#10563);
#10565=PLANE('',#10564);
#10566=ORIENTED_EDGE('',*,*,#6564,.T.);
#10568=ORIENTED_EDGE('',*,*,#10567,.T.);
#10570=ORIENTED_EDGE('',*,*,#10569,.T.);
#10572=ORIENTED_EDGE('',*,*,#10571,.T.);
#10574=ORIENTED_EDGE('',*,*,#10573,.T.);
#10576=ORIENTED_EDGE('',*,*,#10575,.T.);
#10578=ORIENTED_EDGE('',*,*,#10577,.T.);
#10580=ORIENTED_EDGE('',*,*,#10579,.T.);
#10582=ORIENTED_EDGE('',*,*,#10581,.T.);
#10584=ORIENTED_EDGE('',*,*,#10583,.T.);
#10586=ORIENTED_EDGE('',*,*,#10585,.T.);
#10588=ORIENTED_EDGE('',*,*,#10587,.T.);
#10590=ORIENTED_EDGE('',*,*,#10589,.T.);
#10592=ORIENTED_EDGE('',*,*,#10591,.T.);
#10593=EDGE_LOOP('',(#10566,#10568,#10570,#10572,#10574,#10576,#10578,#10580,
#10582,#10584,#10586,#10588,#10590,#10592));
#10594=FACE_OUTER_BOUND('',#10593,.F.);
#10596=FILL_AREA_STYLE_COLOUR('',#16);
#10597=FILL_AREA_STYLE('',(#10596));
#10598=SURFACE_STYLE_FILL_AREA(#10597);
#10599=SURFACE_SIDE_STYLE('',(#10598));
#10600=SURFACE_STYLE_USAGE(.POSITIVE.,#10599);
#10601=PRESENTATION_STYLE_ASSIGNMENT((#10600));
#10602=STYLED_ITEM('',(#10601),#10595);
#10603=CARTESIAN_POINT('',(6.E-1,1.6287E0,1.701690473643E-1));
#10604=DIRECTION('',(0.E0,-4.627483663151E-2,-9.989287459547E-1));
#10605=DIRECTION('',(0.E0,-9.989287459547E-1,4.627483663151E-2));
#10606=AXIS2_PLACEMENT_3D('',#10603,#10604,#10605);
#10607=PLANE('',#10606);
#10608=ORIENTED_EDGE('',*,*,#6759,.T.);
#10610=ORIENTED_EDGE('',*,*,#10609,.T.);
#10612=ORIENTED_EDGE('',*,*,#10611,.F.);
#10613=ORIENTED_EDGE('',*,*,#10543,.F.);
#10614=EDGE_LOOP('',(#10608,#10610,#10612,#10613));
#10615=FACE_OUTER_BOUND('',#10614,.F.);
#10617=FILL_AREA_STYLE_COLOUR('',#16);
#10618=FILL_AREA_STYLE('',(#10617));
#10619=SURFACE_STYLE_FILL_AREA(#10618);
#10620=SURFACE_SIDE_STYLE('',(#10619));
#10621=SURFACE_STYLE_USAGE(.POSITIVE.,#10620);
#10622=PRESENTATION_STYLE_ASSIGNMENT((#10621));
#10623=STYLED_ITEM('',(#10622),#10616);
#10624=CARTESIAN_POINT('',(6.E-1,1.6287E0,1.701690473643E-1));
#10625=DIRECTION('',(0.E0,-4.627483663151E-2,-9.989287459547E-1));
#10626=DIRECTION('',(0.E0,-9.989287459547E-1,4.627483663151E-2));
#10627=AXIS2_PLACEMENT_3D('',#10624,#10625,#10626);
#10628=PLANE('',#10627);
#10629=ORIENTED_EDGE('',*,*,#6566,.F.);
#10630=ORIENTED_EDGE('',*,*,#10591,.F.);
#10632=ORIENTED_EDGE('',*,*,#10631,.T.);
#10634=ORIENTED_EDGE('',*,*,#10633,.T.);
#10635=EDGE_LOOP('',(#10629,#10630,#10632,#10634));
#10636=FACE_OUTER_BOUND('',#10635,.F.);
#10638=FILL_AREA_STYLE_COLOUR('',#16);
#10639=FILL_AREA_STYLE('',(#10638));
#10640=SURFACE_STYLE_FILL_AREA(#10639);
#10641=SURFACE_SIDE_STYLE('',(#10640));
#10642=SURFACE_STYLE_USAGE(.POSITIVE.,#10641);
#10643=PRESENTATION_STYLE_ASSIGNMENT((#10642));
#10644=STYLED_ITEM('',(#10643),#10637);
#10645=CARTESIAN_POINT('',(4.E-1,0.E0,0.E0));
#10646=DIRECTION('',(-1.E0,0.E0,0.E0));
#10647=DIRECTION('',(0.E0,0.E0,-1.E0));
#10648=AXIS2_PLACEMENT_3D('',#10645,#10646,#10647);
#10649=PLANE('',#10648);
#10650=ORIENTED_EDGE('',*,*,#6757,.T.);
#10652=ORIENTED_EDGE('',*,*,#10651,.F.);
#10654=ORIENTED_EDGE('',*,*,#10653,.F.);
#10656=ORIENTED_EDGE('',*,*,#10655,.F.);
#10657=ORIENTED_EDGE('',*,*,#10609,.F.);
#10658=EDGE_LOOP('',(#10650,#10652,#10654,#10656,#10657));
#10659=FACE_OUTER_BOUND('',#10658,.F.);
#10661=FILL_AREA_STYLE_COLOUR('',#16);
#10662=FILL_AREA_STYLE('',(#10661));
#10663=SURFACE_STYLE_FILL_AREA(#10662);
#10664=SURFACE_SIDE_STYLE('',(#10663));
#10665=SURFACE_STYLE_USAGE(.POSITIVE.,#10664);
#10666=PRESENTATION_STYLE_ASSIGNMENT((#10665));
#10667=STYLED_ITEM('',(#10666),#10660);
#10668=CARTESIAN_POINT('',(4.E-1,0.E0,0.E0));
#10669=DIRECTION('',(-1.E0,0.E0,0.E0));
#10670=DIRECTION('',(0.E0,0.E0,-1.E0));
#10671=AXIS2_PLACEMENT_3D('',#10668,#10669,#10670);
#10672=PLANE('',#10671);
#10673=ORIENTED_EDGE('',*,*,#6568,.F.);
#10674=ORIENTED_EDGE('',*,*,#10633,.F.);
#10676=ORIENTED_EDGE('',*,*,#10675,.F.);
#10678=ORIENTED_EDGE('',*,*,#10677,.F.);
#10680=ORIENTED_EDGE('',*,*,#10679,.F.);
#10682=ORIENTED_EDGE('',*,*,#10681,.F.);
#10684=ORIENTED_EDGE('',*,*,#10683,.F.);
#10686=ORIENTED_EDGE('',*,*,#10685,.F.);
#10688=ORIENTED_EDGE('',*,*,#10687,.F.);
#10690=ORIENTED_EDGE('',*,*,#10689,.F.);
#10692=ORIENTED_EDGE('',*,*,#10691,.F.);
#10694=ORIENTED_EDGE('',*,*,#10693,.F.);
#10696=ORIENTED_EDGE('',*,*,#10695,.F.);
#10698=ORIENTED_EDGE('',*,*,#10697,.F.);
#10699=EDGE_LOOP('',(#10673,#10674,#10676,#10678,#10680,#10682,#10684,#10686,
#10688,#10690,#10692,#10694,#10696,#10698));
#10700=FACE_OUTER_BOUND('',#10699,.F.);
#10702=FILL_AREA_STYLE_COLOUR('',#16);
#10703=FILL_AREA_STYLE('',(#10702));
#10704=SURFACE_STYLE_FILL_AREA(#10703);
#10705=SURFACE_SIDE_STYLE('',(#10704));
#10706=SURFACE_STYLE_USAGE(.POSITIVE.,#10705);
#10707=PRESENTATION_STYLE_ASSIGNMENT((#10706));
#10708=STYLED_ITEM('',(#10707),#10701);
#10709=CARTESIAN_POINT('',(6.E-1,-7.722E-1,6.219E-1));
#10710=DIRECTION('',(0.E0,0.E0,1.E0));
#10711=DIRECTION('',(0.E0,1.E0,0.E0));
#10712=AXIS2_PLACEMENT_3D('',#10709,#10710,#10711);
#10713=PLANE('',#10712);
#10714=ORIENTED_EDGE('',*,*,#6755,.F.);
#10715=ORIENTED_EDGE('',*,*,#10549,.F.);
#10717=ORIENTED_EDGE('',*,*,#10716,.T.);
#10718=ORIENTED_EDGE('',*,*,#10651,.T.);
#10719=EDGE_LOOP('',(#10714,#10715,#10717,#10718));
#10720=FACE_OUTER_BOUND('',#10719,.F.);
#10722=FILL_AREA_STYLE_COLOUR('',#16);
#10723=FILL_AREA_STYLE('',(#10722));
#10724=SURFACE_STYLE_FILL_AREA(#10723);
#10725=SURFACE_SIDE_STYLE('',(#10724));
#10726=SURFACE_STYLE_USAGE(.POSITIVE.,#10725);
#10727=PRESENTATION_STYLE_ASSIGNMENT((#10726));
#10728=STYLED_ITEM('',(#10727),#10721);
#10729=CARTESIAN_POINT('',(6.E-1,-7.722E-1,6.219E-1));
#10730=DIRECTION('',(0.E0,0.E0,1.E0));
#10731=DIRECTION('',(0.E0,1.E0,0.E0));
#10732=AXIS2_PLACEMENT_3D('',#10729,#10730,#10731);
#10733=PLANE('',#10732);
#10734=ORIENTED_EDGE('',*,*,#6570,.T.);
#10735=ORIENTED_EDGE('',*,*,#10697,.T.);
#10737=ORIENTED_EDGE('',*,*,#10736,.F.);
#10738=ORIENTED_EDGE('',*,*,#10567,.F.);
#10739=EDGE_LOOP('',(#10734,#10735,#10737,#10738));
#10740=FACE_OUTER_BOUND('',#10739,.F.);
#10742=FILL_AREA_STYLE_COLOUR('',#16);
#10743=FILL_AREA_STYLE('',(#10742));
#10744=SURFACE_STYLE_FILL_AREA(#10743);
#10745=SURFACE_SIDE_STYLE('',(#10744));
#10746=SURFACE_STYLE_USAGE(.POSITIVE.,#10745);
#10747=PRESENTATION_STYLE_ASSIGNMENT((#10746));
#10748=STYLED_ITEM('',(#10747),#10741);
#10749=CARTESIAN_POINT('',(6.E-1,-7.722E-1,4.22E-1));
#10750=DIRECTION('',(-1.E0,0.E0,0.E0));
#10751=DIRECTION('',(0.E0,0.E0,-1.E0));
#10752=AXIS2_PLACEMENT_3D('',#10749,#10750,#10751);
#10753=CYLINDRICAL_SURFACE('',#10752,1.999E-1);
#10754=ORIENTED_EDGE('',*,*,#10547,.F.);
#10756=ORIENTED_EDGE('',*,*,#10755,.T.);
#10757=ORIENTED_EDGE('',*,*,#10653,.T.);
#10758=ORIENTED_EDGE('',*,*,#10716,.F.);
#10759=EDGE_LOOP('',(#10754,#10756,#10757,#10758));
#10760=FACE_OUTER_BOUND('',#10759,.F.);
#10762=FILL_AREA_STYLE_COLOUR('',#16);
#10763=FILL_AREA_STYLE('',(#10762));
#10764=SURFACE_STYLE_FILL_AREA(#10763);
#10765=SURFACE_SIDE_STYLE('',(#10764));
#10766=SURFACE_STYLE_USAGE(.POSITIVE.,#10765);
#10767=PRESENTATION_STYLE_ASSIGNMENT((#10766));
#10768=STYLED_ITEM('',(#10767),#10761);
#10769=CARTESIAN_POINT('',(6.E-1,-9.721E-1,2.906497078704E-1));
#10770=DIRECTION('',(0.E0,-1.E0,0.E0));
#10771=DIRECTION('',(0.E0,0.E0,1.E0));
#10772=AXIS2_PLACEMENT_3D('',#10769,#10770,#10771);
#10773=PLANE('',#10772);
#10774=ORIENTED_EDGE('',*,*,#10545,.F.);
#10775=ORIENTED_EDGE('',*,*,#10611,.T.);
#10776=ORIENTED_EDGE('',*,*,#10655,.T.);
#10777=ORIENTED_EDGE('',*,*,#10755,.F.);
#10778=EDGE_LOOP('',(#10774,#10775,#10776,#10777));
#10779=FACE_OUTER_BOUND('',#10778,.F.);
#10781=FILL_AREA_STYLE_COLOUR('',#16);
#10782=FILL_AREA_STYLE('',(#10781));
#10783=SURFACE_STYLE_FILL_AREA(#10782);
#10784=SURFACE_SIDE_STYLE('',(#10783));
#10785=SURFACE_STYLE_USAGE(.POSITIVE.,#10784);
#10786=PRESENTATION_STYLE_ASSIGNMENT((#10785));
#10787=STYLED_ITEM('',(#10786),#10780);
#10788=CARTESIAN_POINT('',(6.E-1,1.6287E0,6.219E-1));
#10789=DIRECTION('',(0.E0,-1.E0,0.E0));
#10790=DIRECTION('',(0.E0,0.E0,1.E0));
#10791=AXIS2_PLACEMENT_3D('',#10788,#10789,#10790);
#10792=PLANE('',#10791);
#10793=ORIENTED_EDGE('',*,*,#10569,.F.);
#10794=ORIENTED_EDGE('',*,*,#10736,.T.);
#10795=ORIENTED_EDGE('',*,*,#10695,.T.);
#10797=ORIENTED_EDGE('',*,*,#10796,.F.);
#10798=EDGE_LOOP('',(#10793,#10794,#10795,#10797));
#10799=FACE_OUTER_BOUND('',#10798,.F.);
#10801=FILL_AREA_STYLE_COLOUR('',#16);
#10802=FILL_AREA_STYLE('',(#10801));
#10803=SURFACE_STYLE_FILL_AREA(#10802);
#10804=SURFACE_SIDE_STYLE('',(#10803));
#10805=SURFACE_STYLE_USAGE(.POSITIVE.,#10804);
#10806=PRESENTATION_STYLE_ASSIGNMENT((#10805));
#10807=STYLED_ITEM('',(#10806),#10800);
#10808=CARTESIAN_POINT('',(6.E-1,1.6287E0,9.25E-1));
#10809=DIRECTION('',(0.E0,0.E0,1.E0));
#10810=DIRECTION('',(0.E0,1.E0,0.E0));
#10811=AXIS2_PLACEMENT_3D('',#10808,#10809,#10810);
#10812=PLANE('',#10811);
#10813=ORIENTED_EDGE('',*,*,#10571,.F.);
#10814=ORIENTED_EDGE('',*,*,#10796,.T.);
#10815=ORIENTED_EDGE('',*,*,#10693,.T.);
#10817=ORIENTED_EDGE('',*,*,#10816,.F.);
#10818=EDGE_LOOP('',(#10813,#10814,#10815,#10817));
#10819=FACE_OUTER_BOUND('',#10818,.F.);
#10821=FILL_AREA_STYLE_COLOUR('',#16);
#10822=FILL_AREA_STYLE('',(#10821));
#10823=SURFACE_STYLE_FILL_AREA(#10822);
#10824=SURFACE_SIDE_STYLE('',(#10823));
#10825=SURFACE_STYLE_USAGE(.POSITIVE.,#10824);
#10826=PRESENTATION_STYLE_ASSIGNMENT((#10825));
#10827=STYLED_ITEM('',(#10826),#10820);
#10828=CARTESIAN_POINT('',(6.E-1,1.9194E0,7.524E-1));
#10829=DIRECTION('',(-1.E0,0.E0,0.E0));
#10830=DIRECTION('',(0.E0,0.E0,-1.E0));
#10831=AXIS2_PLACEMENT_3D('',#10828,#10829,#10830);
#10832=CYLINDRICAL_SURFACE('',#10831,1.726E-1);
#10833=ORIENTED_EDGE('',*,*,#10573,.F.);
#10834=ORIENTED_EDGE('',*,*,#10816,.T.);
#10835=ORIENTED_EDGE('',*,*,#10691,.T.);
#10837=ORIENTED_EDGE('',*,*,#10836,.F.);
#10838=EDGE_LOOP('',(#10833,#10834,#10835,#10837));
#10839=FACE_OUTER_BOUND('',#10838,.F.);
#10841=FILL_AREA_STYLE_COLOUR('',#16);
#10842=FILL_AREA_STYLE('',(#10841));
#10843=SURFACE_STYLE_FILL_AREA(#10842);
#10844=SURFACE_SIDE_STYLE('',(#10843));
#10845=SURFACE_STYLE_USAGE(.POSITIVE.,#10844);
#10846=PRESENTATION_STYLE_ASSIGNMENT((#10845));
#10847=STYLED_ITEM('',(#10846),#10840);
#10848=CARTESIAN_POINT('',(6.E-1,2.092E0,7.524E-1));
#10849=DIRECTION('',(0.E0,1.E0,0.E0));
#10850=DIRECTION('',(0.E0,0.E0,-1.E0));
#10851=AXIS2_PLACEMENT_3D('',#10848,#10849,#10850);
#10852=PLANE('',#10851);
#10853=ORIENTED_EDGE('',*,*,#10575,.F.);
#10854=ORIENTED_EDGE('',*,*,#10836,.T.);
#10855=ORIENTED_EDGE('',*,*,#10689,.T.);
#10857=ORIENTED_EDGE('',*,*,#10856,.F.);
#10858=EDGE_LOOP('',(#10853,#10854,#10855,#10857));
#10859=FACE_OUTER_BOUND('',#10858,.F.);
#10861=FILL_AREA_STYLE_COLOUR('',#16);
#10862=FILL_AREA_STYLE('',(#10861));
#10863=SURFACE_STYLE_FILL_AREA(#10862);
#10864=SURFACE_SIDE_STYLE('',(#10863));
#10865=SURFACE_STYLE_USAGE(.POSITIVE.,#10864);
#10866=PRESENTATION_STYLE_ASSIGNMENT((#10865));
#10867=STYLED_ITEM('',(#10866),#10860);
#10868=CARTESIAN_POINT('',(6.E-1,2.092E0,-8.984E-1));
#10869=DIRECTION('',(0.E0,8.420239706227E-1,5.394401105747E-1));
#10870=DIRECTION('',(0.E0,5.394401105747E-1,-8.420239706227E-1));
#10871=AXIS2_PLACEMENT_3D('',#10868,#10869,#10870);
#10872=PLANE('',#10871);
#10873=ORIENTED_EDGE('',*,*,#10577,.F.);
#10874=ORIENTED_EDGE('',*,*,#10856,.T.);
#10875=ORIENTED_EDGE('',*,*,#10687,.T.);
#10877=ORIENTED_EDGE('',*,*,#10876,.F.);
#10878=EDGE_LOOP('',(#10873,#10874,#10875,#10877));
#10879=FACE_OUTER_BOUND('',#10878,.F.);
#10881=FILL_AREA_STYLE_COLOUR('',#16);
#10882=FILL_AREA_STYLE('',(#10881));
#10883=SURFACE_STYLE_FILL_AREA(#10882);
#10884=SURFACE_SIDE_STYLE('',(#10883));
#10885=SURFACE_STYLE_USAGE(.POSITIVE.,#10884);
#10886=PRESENTATION_STYLE_ASSIGNMENT((#10885));
#10887=STYLED_ITEM('',(#10886),#10880);
#10888=CARTESIAN_POINT('',(6.E-1,2.3653E0,-1.325E0));
#10889=DIRECTION('',(0.E0,0.E0,1.E0));
#10890=DIRECTION('',(0.E0,1.E0,0.E0));
#10891=AXIS2_PLACEMENT_3D('',#10888,#10889,#10890);
#10892=PLANE('',#10891);
#10893=ORIENTED_EDGE('',*,*,#10579,.F.);
#10894=ORIENTED_EDGE('',*,*,#10876,.T.);
#10895=ORIENTED_EDGE('',*,*,#10685,.T.);
#10897=ORIENTED_EDGE('',*,*,#10896,.F.);
#10898=EDGE_LOOP('',(#10893,#10894,#10895,#10897));
#10899=FACE_OUTER_BOUND('',#10898,.F.);
#10901=FILL_AREA_STYLE_COLOUR('',#16);
#10902=FILL_AREA_STYLE('',(#10901));
#10903=SURFACE_STYLE_FILL_AREA(#10902);
#10904=SURFACE_SIDE_STYLE('',(#10903));
#10905=SURFACE_STYLE_USAGE(.POSITIVE.,#10904);
#10906=PRESENTATION_STYLE_ASSIGNMENT((#10905));
#10907=STYLED_ITEM('',(#10906),#10900);
#10908=CARTESIAN_POINT('',(6.E-1,2.739430503005E0,-1.475569496995E0));
#10909=DIRECTION('',(-1.E0,0.E0,0.E0));
#10910=DIRECTION('',(0.E0,0.E0,-1.E0));
#10911=AXIS2_PLACEMENT_3D('',#10908,#10909,#10910);
#10912=CYLINDRICAL_SURFACE('',#10911,1.505694969951E-1);
#10913=ORIENTED_EDGE('',*,*,#10581,.F.);
#10914=ORIENTED_EDGE('',*,*,#10896,.T.);
#10915=ORIENTED_EDGE('',*,*,#10683,.T.);
#10917=ORIENTED_EDGE('',*,*,#10916,.F.);
#10918=EDGE_LOOP('',(#10913,#10914,#10915,#10917));
#10919=FACE_OUTER_BOUND('',#10918,.F.);
#10921=FILL_AREA_STYLE_COLOUR('',#16);
#10922=FILL_AREA_STYLE('',(#10921));
#10923=SURFACE_STYLE_FILL_AREA(#10922);
#10924=SURFACE_SIDE_STYLE('',(#10923));
#10925=SURFACE_STYLE_USAGE(.POSITIVE.,#10924);
#10926=PRESENTATION_STYLE_ASSIGNMENT((#10925));
#10927=STYLED_ITEM('',(#10926),#10920);
#10928=CARTESIAN_POINT('',(6.E-1,2.89E0,-1.475569496995E0));
#10929=DIRECTION('',(0.E0,1.E0,0.E0));
#10930=DIRECTION('',(0.E0,0.E0,-1.E0));
#10931=AXIS2_PLACEMENT_3D('',#10928,#10929,#10930);
#10932=PLANE('',#10931);
#10933=ORIENTED_EDGE('',*,*,#10583,.F.);
#10934=ORIENTED_EDGE('',*,*,#10916,.T.);
#10935=ORIENTED_EDGE('',*,*,#10681,.T.);
#10937=ORIENTED_EDGE('',*,*,#10936,.F.);
#10938=EDGE_LOOP('',(#10933,#10934,#10935,#10937));
#10939=FACE_OUTER_BOUND('',#10938,.F.);
#10941=FILL_AREA_STYLE_COLOUR('',#16);
#10942=FILL_AREA_STYLE('',(#10941));
#10943=SURFACE_STYLE_FILL_AREA(#10942);
#10944=SURFACE_SIDE_STYLE('',(#10943));
#10945=SURFACE_STYLE_USAGE(.POSITIVE.,#10944);
#10946=PRESENTATION_STYLE_ASSIGNMENT((#10945));
#10947=STYLED_ITEM('',(#10946),#10940);
#10948=CARTESIAN_POINT('',(6.E-1,2.89E0,-1.625E0));
#10949=DIRECTION('',(0.E0,0.E0,-1.E0));
#10950=DIRECTION('',(0.E0,-1.E0,0.E0));
#10951=AXIS2_PLACEMENT_3D('',#10948,#10949,#10950);
#10952=PLANE('',#10951);
#10953=ORIENTED_EDGE('',*,*,#10585,.F.);
#10954=ORIENTED_EDGE('',*,*,#10936,.T.);
#10955=ORIENTED_EDGE('',*,*,#10679,.T.);
#10957=ORIENTED_EDGE('',*,*,#10956,.F.);
#10958=EDGE_LOOP('',(#10953,#10954,#10955,#10957));
#10959=FACE_OUTER_BOUND('',#10958,.F.);
#10961=FILL_AREA_STYLE_COLOUR('',#16);
#10962=FILL_AREA_STYLE('',(#10961));
#10963=SURFACE_STYLE_FILL_AREA(#10962);
#10964=SURFACE_SIDE_STYLE('',(#10963));
#10965=SURFACE_STYLE_USAGE(.POSITIVE.,#10964);
#10966=PRESENTATION_STYLE_ASSIGNMENT((#10965));
#10967=STYLED_ITEM('',(#10966),#10960);
#10968=CARTESIAN_POINT('',(6.E-1,2.15E0,-1.625E0));
#10969=DIRECTION('',(0.E0,-7.027046097443E-1,-7.114817154672E-1));
#10970=DIRECTION('',(0.E0,-7.114817154672E-1,7.027046097443E-1));
#10971=AXIS2_PLACEMENT_3D('',#10968,#10969,#10970);
#10972=PLANE('',#10971);
#10973=ORIENTED_EDGE('',*,*,#10587,.F.);
#10974=ORIENTED_EDGE('',*,*,#10956,.T.);
#10975=ORIENTED_EDGE('',*,*,#10677,.T.);
#10977=ORIENTED_EDGE('',*,*,#10976,.F.);
#10978=EDGE_LOOP('',(#10973,#10974,#10975,#10977));
#10979=FACE_OUTER_BOUND('',#10978,.F.);
#10981=FILL_AREA_STYLE_COLOUR('',#16);
#10982=FILL_AREA_STYLE('',(#10981));
#10983=SURFACE_STYLE_FILL_AREA(#10982);
#10984=SURFACE_SIDE_STYLE('',(#10983));
#10985=SURFACE_STYLE_USAGE(.POSITIVE.,#10984);
#10986=PRESENTATION_STYLE_ASSIGNMENT((#10985));
#10987=STYLED_ITEM('',(#10986),#10980);
#10988=CARTESIAN_POINT('',(6.E-1,1.6287E0,-1.110130952636E0));
#10989=DIRECTION('',(0.E0,-1.E0,0.E0));
#10990=DIRECTION('',(0.E0,0.E0,1.E0));
#10991=AXIS2_PLACEMENT_3D('',#10988,#10989,#10990);
#10992=PLANE('',#10991);
#10993=ORIENTED_EDGE('',*,*,#10589,.F.);
#10994=ORIENTED_EDGE('',*,*,#10976,.T.);
#10995=ORIENTED_EDGE('',*,*,#10675,.T.);
#10996=ORIENTED_EDGE('',*,*,#10631,.F.);
#10997=EDGE_LOOP('',(#10993,#10994,#10995,#10996));
#10998=FACE_OUTER_BOUND('',#10997,.F.);
#11000=FILL_AREA_STYLE_COLOUR('',#16);
#11001=FILL_AREA_STYLE('',(#11000));
#11002=SURFACE_STYLE_FILL_AREA(#11001);
#11003=SURFACE_SIDE_STYLE('',(#11002));
#11004=SURFACE_STYLE_USAGE(.POSITIVE.,#11003);
#11005=PRESENTATION_STYLE_ASSIGNMENT((#11004));
#11006=STYLED_ITEM('',(#11005),#10999);
#11007=CARTESIAN_POINT('',(1.6E0,0.E0,0.E0));
#11008=DIRECTION('',(-1.E0,0.E0,0.E0));
#11009=DIRECTION('',(0.E0,0.E0,-1.E0));
#11010=AXIS2_PLACEMENT_3D('',#11007,#11008,#11009);
#11011=PLANE('',#11010);
#11012=ORIENTED_EDGE('',*,*,#6763,.F.);
#11014=ORIENTED_EDGE('',*,*,#11013,.T.);
#11016=ORIENTED_EDGE('',*,*,#11015,.T.);
#11018=ORIENTED_EDGE('',*,*,#11017,.T.);
#11020=ORIENTED_EDGE('',*,*,#11019,.T.);
#11021=EDGE_LOOP('',(#11012,#11014,#11016,#11018,#11020));
#11022=FACE_OUTER_BOUND('',#11021,.F.);
#11024=FILL_AREA_STYLE_COLOUR('',#16);
#11025=FILL_AREA_STYLE('',(#11024));
#11026=SURFACE_STYLE_FILL_AREA(#11025);
#11027=SURFACE_SIDE_STYLE('',(#11026));
#11028=SURFACE_STYLE_USAGE(.POSITIVE.,#11027);
#11029=PRESENTATION_STYLE_ASSIGNMENT((#11028));
#11030=STYLED_ITEM('',(#11029),#11023);
#11031=CARTESIAN_POINT('',(1.6E0,0.E0,0.E0));
#11032=DIRECTION('',(-1.E0,0.E0,0.E0));
#11033=DIRECTION('',(0.E0,0.E0,-1.E0));
#11034=AXIS2_PLACEMENT_3D('',#11031,#11032,#11033);
#11035=PLANE('',#11034);
#11036=ORIENTED_EDGE('',*,*,#6574,.T.);
#11038=ORIENTED_EDGE('',*,*,#11037,.T.);
#11040=ORIENTED_EDGE('',*,*,#11039,.T.);
#11042=ORIENTED_EDGE('',*,*,#11041,.T.);
#11044=ORIENTED_EDGE('',*,*,#11043,.T.);
#11046=ORIENTED_EDGE('',*,*,#11045,.T.);
#11048=ORIENTED_EDGE('',*,*,#11047,.T.);
#11050=ORIENTED_EDGE('',*,*,#11049,.T.);
#11052=ORIENTED_EDGE('',*,*,#11051,.T.);
#11054=ORIENTED_EDGE('',*,*,#11053,.T.);
#11056=ORIENTED_EDGE('',*,*,#11055,.T.);
#11058=ORIENTED_EDGE('',*,*,#11057,.T.);
#11060=ORIENTED_EDGE('',*,*,#11059,.T.);
#11062=ORIENTED_EDGE('',*,*,#11061,.T.);
#11063=EDGE_LOOP('',(#11036,#11038,#11040,#11042,#11044,#11046,#11048,#11050,
#11052,#11054,#11056,#11058,#11060,#11062));
#11064=FACE_OUTER_BOUND('',#11063,.F.);
#11066=FILL_AREA_STYLE_COLOUR('',#16);
#11067=FILL_AREA_STYLE('',(#11066));
#11068=SURFACE_STYLE_FILL_AREA(#11067);
#11069=SURFACE_SIDE_STYLE('',(#11068));
#11070=SURFACE_STYLE_USAGE(.POSITIVE.,#11069);
#11071=PRESENTATION_STYLE_ASSIGNMENT((#11070));
#11072=STYLED_ITEM('',(#11071),#11065);
#11073=CARTESIAN_POINT('',(1.6E0,1.6287E0,1.701690473643E-1));
#11074=DIRECTION('',(0.E0,-4.627483663151E-2,-9.989287459547E-1));
#11075=DIRECTION('',(0.E0,-9.989287459547E-1,4.627483663151E-2));
#11076=AXIS2_PLACEMENT_3D('',#11073,#11074,#11075);
#11077=PLANE('',#11076);
#11078=ORIENTED_EDGE('',*,*,#6769,.T.);
#11080=ORIENTED_EDGE('',*,*,#11079,.T.);
#11082=ORIENTED_EDGE('',*,*,#11081,.F.);
#11083=ORIENTED_EDGE('',*,*,#11013,.F.);
#11084=EDGE_LOOP('',(#11078,#11080,#11082,#11083));
#11085=FACE_OUTER_BOUND('',#11084,.F.);
#11087=FILL_AREA_STYLE_COLOUR('',#16);
#11088=FILL_AREA_STYLE('',(#11087));
#11089=SURFACE_STYLE_FILL_AREA(#11088);
#11090=SURFACE_SIDE_STYLE('',(#11089));
#11091=SURFACE_STYLE_USAGE(.POSITIVE.,#11090);
#11092=PRESENTATION_STYLE_ASSIGNMENT((#11091));
#11093=STYLED_ITEM('',(#11092),#11086);
#11094=CARTESIAN_POINT('',(1.6E0,1.6287E0,1.701690473643E-1));
#11095=DIRECTION('',(0.E0,-4.627483663151E-2,-9.989287459547E-1));
#11096=DIRECTION('',(0.E0,-9.989287459547E-1,4.627483663151E-2));
#11097=AXIS2_PLACEMENT_3D('',#11094,#11095,#11096);
#11098=PLANE('',#11097);
#11099=ORIENTED_EDGE('',*,*,#6576,.F.);
#11100=ORIENTED_EDGE('',*,*,#11061,.F.);
#11102=ORIENTED_EDGE('',*,*,#11101,.T.);
#11104=ORIENTED_EDGE('',*,*,#11103,.T.);
#11105=EDGE_LOOP('',(#11099,#11100,#11102,#11104));
#11106=FACE_OUTER_BOUND('',#11105,.F.);
#11108=FILL_AREA_STYLE_COLOUR('',#16);
#11109=FILL_AREA_STYLE('',(#11108));
#11110=SURFACE_STYLE_FILL_AREA(#11109);
#11111=SURFACE_SIDE_STYLE('',(#11110));
#11112=SURFACE_STYLE_USAGE(.POSITIVE.,#11111);
#11113=PRESENTATION_STYLE_ASSIGNMENT((#11112));
#11114=STYLED_ITEM('',(#11113),#11107);
#11115=CARTESIAN_POINT('',(1.4E0,0.E0,0.E0));
#11116=DIRECTION('',(-1.E0,0.E0,0.E0));
#11117=DIRECTION('',(0.E0,0.E0,-1.E0));
#11118=AXIS2_PLACEMENT_3D('',#11115,#11116,#11117);
#11119=PLANE('',#11118);
#11120=ORIENTED_EDGE('',*,*,#6767,.T.);
#11122=ORIENTED_EDGE('',*,*,#11121,.F.);
#11124=ORIENTED_EDGE('',*,*,#11123,.F.);
#11126=ORIENTED_EDGE('',*,*,#11125,.F.);
#11127=ORIENTED_EDGE('',*,*,#11079,.F.);
#11128=EDGE_LOOP('',(#11120,#11122,#11124,#11126,#11127));
#11129=FACE_OUTER_BOUND('',#11128,.F.);
#11131=FILL_AREA_STYLE_COLOUR('',#16);
#11132=FILL_AREA_STYLE('',(#11131));
#11133=SURFACE_STYLE_FILL_AREA(#11132);
#11134=SURFACE_SIDE_STYLE('',(#11133));
#11135=SURFACE_STYLE_USAGE(.POSITIVE.,#11134);
#11136=PRESENTATION_STYLE_ASSIGNMENT((#11135));
#11137=STYLED_ITEM('',(#11136),#11130);
#11138=CARTESIAN_POINT('',(1.4E0,0.E0,0.E0));
#11139=DIRECTION('',(-1.E0,0.E0,0.E0));
#11140=DIRECTION('',(0.E0,0.E0,-1.E0));
#11141=AXIS2_PLACEMENT_3D('',#11138,#11139,#11140);
#11142=PLANE('',#11141);
#11143=ORIENTED_EDGE('',*,*,#6578,.F.);
#11144=ORIENTED_EDGE('',*,*,#11103,.F.);
#11146=ORIENTED_EDGE('',*,*,#11145,.F.);
#11148=ORIENTED_EDGE('',*,*,#11147,.F.);
#11150=ORIENTED_EDGE('',*,*,#11149,.F.);
#11152=ORIENTED_EDGE('',*,*,#11151,.F.);
#11154=ORIENTED_EDGE('',*,*,#11153,.F.);
#11156=ORIENTED_EDGE('',*,*,#11155,.F.);
#11158=ORIENTED_EDGE('',*,*,#11157,.F.);
#11160=ORIENTED_EDGE('',*,*,#11159,.F.);
#11162=ORIENTED_EDGE('',*,*,#11161,.F.);
#11164=ORIENTED_EDGE('',*,*,#11163,.F.);
#11166=ORIENTED_EDGE('',*,*,#11165,.F.);
#11168=ORIENTED_EDGE('',*,*,#11167,.F.);
#11169=EDGE_LOOP('',(#11143,#11144,#11146,#11148,#11150,#11152,#11154,#11156,
#11158,#11160,#11162,#11164,#11166,#11168));
#11170=FACE_OUTER_BOUND('',#11169,.F.);
#11172=FILL_AREA_STYLE_COLOUR('',#16);
#11173=FILL_AREA_STYLE('',(#11172));
#11174=SURFACE_STYLE_FILL_AREA(#11173);
#11175=SURFACE_SIDE_STYLE('',(#11174));
#11176=SURFACE_STYLE_USAGE(.POSITIVE.,#11175);
#11177=PRESENTATION_STYLE_ASSIGNMENT((#11176));
#11178=STYLED_ITEM('',(#11177),#11171);
#11179=CARTESIAN_POINT('',(1.6E0,-7.722E-1,6.219E-1));
#11180=DIRECTION('',(0.E0,0.E0,1.E0));
#11181=DIRECTION('',(0.E0,1.E0,0.E0));
#11182=AXIS2_PLACEMENT_3D('',#11179,#11180,#11181);
#11183=PLANE('',#11182);
#11184=ORIENTED_EDGE('',*,*,#6765,.F.);
#11185=ORIENTED_EDGE('',*,*,#11019,.F.);
#11187=ORIENTED_EDGE('',*,*,#11186,.T.);
#11188=ORIENTED_EDGE('',*,*,#11121,.T.);
#11189=EDGE_LOOP('',(#11184,#11185,#11187,#11188));
#11190=FACE_OUTER_BOUND('',#11189,.F.);
#11192=FILL_AREA_STYLE_COLOUR('',#16);
#11193=FILL_AREA_STYLE('',(#11192));
#11194=SURFACE_STYLE_FILL_AREA(#11193);
#11195=SURFACE_SIDE_STYLE('',(#11194));
#11196=SURFACE_STYLE_USAGE(.POSITIVE.,#11195);
#11197=PRESENTATION_STYLE_ASSIGNMENT((#11196));
#11198=STYLED_ITEM('',(#11197),#11191);
#11199=CARTESIAN_POINT('',(1.6E0,-7.722E-1,6.219E-1));
#11200=DIRECTION('',(0.E0,0.E0,1.E0));
#11201=DIRECTION('',(0.E0,1.E0,0.E0));
#11202=AXIS2_PLACEMENT_3D('',#11199,#11200,#11201);
#11203=PLANE('',#11202);
#11204=ORIENTED_EDGE('',*,*,#6580,.T.);
#11205=ORIENTED_EDGE('',*,*,#11167,.T.);
#11207=ORIENTED_EDGE('',*,*,#11206,.F.);
#11208=ORIENTED_EDGE('',*,*,#11037,.F.);
#11209=EDGE_LOOP('',(#11204,#11205,#11207,#11208));
#11210=FACE_OUTER_BOUND('',#11209,.F.);
#11212=FILL_AREA_STYLE_COLOUR('',#16);
#11213=FILL_AREA_STYLE('',(#11212));
#11214=SURFACE_STYLE_FILL_AREA(#11213);
#11215=SURFACE_SIDE_STYLE('',(#11214));
#11216=SURFACE_STYLE_USAGE(.POSITIVE.,#11215);
#11217=PRESENTATION_STYLE_ASSIGNMENT((#11216));
#11218=STYLED_ITEM('',(#11217),#11211);
#11219=CARTESIAN_POINT('',(1.6E0,-7.722E-1,4.22E-1));
#11220=DIRECTION('',(-1.E0,0.E0,0.E0));
#11221=DIRECTION('',(0.E0,0.E0,-1.E0));
#11222=AXIS2_PLACEMENT_3D('',#11219,#11220,#11221);
#11223=CYLINDRICAL_SURFACE('',#11222,1.999E-1);
#11224=ORIENTED_EDGE('',*,*,#11017,.F.);
#11226=ORIENTED_EDGE('',*,*,#11225,.T.);
#11227=ORIENTED_EDGE('',*,*,#11123,.T.);
#11228=ORIENTED_EDGE('',*,*,#11186,.F.);
#11229=EDGE_LOOP('',(#11224,#11226,#11227,#11228));
#11230=FACE_OUTER_BOUND('',#11229,.F.);
#11232=FILL_AREA_STYLE_COLOUR('',#16);
#11233=FILL_AREA_STYLE('',(#11232));
#11234=SURFACE_STYLE_FILL_AREA(#11233);
#11235=SURFACE_SIDE_STYLE('',(#11234));
#11236=SURFACE_STYLE_USAGE(.POSITIVE.,#11235);
#11237=PRESENTATION_STYLE_ASSIGNMENT((#11236));
#11238=STYLED_ITEM('',(#11237),#11231);
#11239=CARTESIAN_POINT('',(1.6E0,-9.721E-1,2.906497078704E-1));
#11240=DIRECTION('',(0.E0,-1.E0,0.E0));
#11241=DIRECTION('',(0.E0,0.E0,1.E0));
#11242=AXIS2_PLACEMENT_3D('',#11239,#11240,#11241);
#11243=PLANE('',#11242);
#11244=ORIENTED_EDGE('',*,*,#11015,.F.);
#11245=ORIENTED_EDGE('',*,*,#11081,.T.);
#11246=ORIENTED_EDGE('',*,*,#11125,.T.);
#11247=ORIENTED_EDGE('',*,*,#11225,.F.);
#11248=EDGE_LOOP('',(#11244,#11245,#11246,#11247));
#11249=FACE_OUTER_BOUND('',#11248,.F.);
#11251=FILL_AREA_STYLE_COLOUR('',#16);
#11252=FILL_AREA_STYLE('',(#11251));
#11253=SURFACE_STYLE_FILL_AREA(#11252);
#11254=SURFACE_SIDE_STYLE('',(#11253));
#11255=SURFACE_STYLE_USAGE(.POSITIVE.,#11254);
#11256=PRESENTATION_STYLE_ASSIGNMENT((#11255));
#11257=STYLED_ITEM('',(#11256),#11250);
#11258=CARTESIAN_POINT('',(1.6E0,1.6287E0,6.219E-1));
#11259=DIRECTION('',(0.E0,-1.E0,0.E0));
#11260=DIRECTION('',(0.E0,0.E0,1.E0));
#11261=AXIS2_PLACEMENT_3D('',#11258,#11259,#11260);
#11262=PLANE('',#11261);
#11263=ORIENTED_EDGE('',*,*,#11039,.F.);
#11264=ORIENTED_EDGE('',*,*,#11206,.T.);
#11265=ORIENTED_EDGE('',*,*,#11165,.T.);
#11267=ORIENTED_EDGE('',*,*,#11266,.F.);
#11268=EDGE_LOOP('',(#11263,#11264,#11265,#11267));
#11269=FACE_OUTER_BOUND('',#11268,.F.);
#11271=FILL_AREA_STYLE_COLOUR('',#16);
#11272=FILL_AREA_STYLE('',(#11271));
#11273=SURFACE_STYLE_FILL_AREA(#11272);
#11274=SURFACE_SIDE_STYLE('',(#11273));
#11275=SURFACE_STYLE_USAGE(.POSITIVE.,#11274);
#11276=PRESENTATION_STYLE_ASSIGNMENT((#11275));
#11277=STYLED_ITEM('',(#11276),#11270);
#11278=CARTESIAN_POINT('',(1.6E0,1.6287E0,9.25E-1));
#11279=DIRECTION('',(0.E0,0.E0,1.E0));
#11280=DIRECTION('',(0.E0,1.E0,0.E0));
#11281=AXIS2_PLACEMENT_3D('',#11278,#11279,#11280);
#11282=PLANE('',#11281);
#11283=ORIENTED_EDGE('',*,*,#11041,.F.);
#11284=ORIENTED_EDGE('',*,*,#11266,.T.);
#11285=ORIENTED_EDGE('',*,*,#11163,.T.);
#11287=ORIENTED_EDGE('',*,*,#11286,.F.);
#11288=EDGE_LOOP('',(#11283,#11284,#11285,#11287));
#11289=FACE_OUTER_BOUND('',#11288,.F.);
#11291=FILL_AREA_STYLE_COLOUR('',#16);
#11292=FILL_AREA_STYLE('',(#11291));
#11293=SURFACE_STYLE_FILL_AREA(#11292);
#11294=SURFACE_SIDE_STYLE('',(#11293));
#11295=SURFACE_STYLE_USAGE(.POSITIVE.,#11294);
#11296=PRESENTATION_STYLE_ASSIGNMENT((#11295));
#11297=STYLED_ITEM('',(#11296),#11290);
#11298=CARTESIAN_POINT('',(1.6E0,1.9194E0,7.524E-1));
#11299=DIRECTION('',(-1.E0,0.E0,0.E0));
#11300=DIRECTION('',(0.E0,0.E0,-1.E0));
#11301=AXIS2_PLACEMENT_3D('',#11298,#11299,#11300);
#11302=CYLINDRICAL_SURFACE('',#11301,1.726E-1);
#11303=ORIENTED_EDGE('',*,*,#11043,.F.);
#11304=ORIENTED_EDGE('',*,*,#11286,.T.);
#11305=ORIENTED_EDGE('',*,*,#11161,.T.);
#11307=ORIENTED_EDGE('',*,*,#11306,.F.);
#11308=EDGE_LOOP('',(#11303,#11304,#11305,#11307));
#11309=FACE_OUTER_BOUND('',#11308,.F.);
#11311=FILL_AREA_STYLE_COLOUR('',#16);
#11312=FILL_AREA_STYLE('',(#11311));
#11313=SURFACE_STYLE_FILL_AREA(#11312);
#11314=SURFACE_SIDE_STYLE('',(#11313));
#11315=SURFACE_STYLE_USAGE(.POSITIVE.,#11314);
#11316=PRESENTATION_STYLE_ASSIGNMENT((#11315));
#11317=STYLED_ITEM('',(#11316),#11310);
#11318=CARTESIAN_POINT('',(1.6E0,2.092E0,7.524E-1));
#11319=DIRECTION('',(0.E0,1.E0,0.E0));
#11320=DIRECTION('',(0.E0,0.E0,-1.E0));
#11321=AXIS2_PLACEMENT_3D('',#11318,#11319,#11320);
#11322=PLANE('',#11321);
#11323=ORIENTED_EDGE('',*,*,#11045,.F.);
#11324=ORIENTED_EDGE('',*,*,#11306,.T.);
#11325=ORIENTED_EDGE('',*,*,#11159,.T.);
#11327=ORIENTED_EDGE('',*,*,#11326,.F.);
#11328=EDGE_LOOP('',(#11323,#11324,#11325,#11327));
#11329=FACE_OUTER_BOUND('',#11328,.F.);
#11331=FILL_AREA_STYLE_COLOUR('',#16);
#11332=FILL_AREA_STYLE('',(#11331));
#11333=SURFACE_STYLE_FILL_AREA(#11332);
#11334=SURFACE_SIDE_STYLE('',(#11333));
#11335=SURFACE_STYLE_USAGE(.POSITIVE.,#11334);
#11336=PRESENTATION_STYLE_ASSIGNMENT((#11335));
#11337=STYLED_ITEM('',(#11336),#11330);
#11338=CARTESIAN_POINT('',(1.6E0,2.092E0,-8.984E-1));
#11339=DIRECTION('',(0.E0,8.420239706227E-1,5.394401105747E-1));
#11340=DIRECTION('',(0.E0,5.394401105747E-1,-8.420239706227E-1));
#11341=AXIS2_PLACEMENT_3D('',#11338,#11339,#11340);
#11342=PLANE('',#11341);
#11343=ORIENTED_EDGE('',*,*,#11047,.F.);
#11344=ORIENTED_EDGE('',*,*,#11326,.T.);
#11345=ORIENTED_EDGE('',*,*,#11157,.T.);
#11347=ORIENTED_EDGE('',*,*,#11346,.F.);
#11348=EDGE_LOOP('',(#11343,#11344,#11345,#11347));
#11349=FACE_OUTER_BOUND('',#11348,.F.);
#11351=FILL_AREA_STYLE_COLOUR('',#16);
#11352=FILL_AREA_STYLE('',(#11351));
#11353=SURFACE_STYLE_FILL_AREA(#11352);
#11354=SURFACE_SIDE_STYLE('',(#11353));
#11355=SURFACE_STYLE_USAGE(.POSITIVE.,#11354);
#11356=PRESENTATION_STYLE_ASSIGNMENT((#11355));
#11357=STYLED_ITEM('',(#11356),#11350);
#11358=CARTESIAN_POINT('',(1.6E0,2.3653E0,-1.325E0));
#11359=DIRECTION('',(0.E0,0.E0,1.E0));
#11360=DIRECTION('',(0.E0,1.E0,0.E0));
#11361=AXIS2_PLACEMENT_3D('',#11358,#11359,#11360);
#11362=PLANE('',#11361);
#11363=ORIENTED_EDGE('',*,*,#11049,.F.);
#11364=ORIENTED_EDGE('',*,*,#11346,.T.);
#11365=ORIENTED_EDGE('',*,*,#11155,.T.);
#11367=ORIENTED_EDGE('',*,*,#11366,.F.);
#11368=EDGE_LOOP('',(#11363,#11364,#11365,#11367));
#11369=FACE_OUTER_BOUND('',#11368,.F.);
#11371=FILL_AREA_STYLE_COLOUR('',#16);
#11372=FILL_AREA_STYLE('',(#11371));
#11373=SURFACE_STYLE_FILL_AREA(#11372);
#11374=SURFACE_SIDE_STYLE('',(#11373));
#11375=SURFACE_STYLE_USAGE(.POSITIVE.,#11374);
#11376=PRESENTATION_STYLE_ASSIGNMENT((#11375));
#11377=STYLED_ITEM('',(#11376),#11370);
#11378=CARTESIAN_POINT('',(1.6E0,2.739430503005E0,-1.475569496995E0));
#11379=DIRECTION('',(-1.E0,0.E0,0.E0));
#11380=DIRECTION('',(0.E0,0.E0,-1.E0));
#11381=AXIS2_PLACEMENT_3D('',#11378,#11379,#11380);
#11382=CYLINDRICAL_SURFACE('',#11381,1.505694969951E-1);
#11383=ORIENTED_EDGE('',*,*,#11051,.F.);
#11384=ORIENTED_EDGE('',*,*,#11366,.T.);
#11385=ORIENTED_EDGE('',*,*,#11153,.T.);
#11387=ORIENTED_EDGE('',*,*,#11386,.F.);
#11388=EDGE_LOOP('',(#11383,#11384,#11385,#11387));
#11389=FACE_OUTER_BOUND('',#11388,.F.);
#11391=FILL_AREA_STYLE_COLOUR('',#16);
#11392=FILL_AREA_STYLE('',(#11391));
#11393=SURFACE_STYLE_FILL_AREA(#11392);
#11394=SURFACE_SIDE_STYLE('',(#11393));
#11395=SURFACE_STYLE_USAGE(.POSITIVE.,#11394);
#11396=PRESENTATION_STYLE_ASSIGNMENT((#11395));
#11397=STYLED_ITEM('',(#11396),#11390);
#11398=CARTESIAN_POINT('',(1.6E0,2.89E0,-1.475569496995E0));
#11399=DIRECTION('',(0.E0,1.E0,0.E0));
#11400=DIRECTION('',(0.E0,0.E0,-1.E0));
#11401=AXIS2_PLACEMENT_3D('',#11398,#11399,#11400);
#11402=PLANE('',#11401);
#11403=ORIENTED_EDGE('',*,*,#11053,.F.);
#11404=ORIENTED_EDGE('',*,*,#11386,.T.);
#11405=ORIENTED_EDGE('',*,*,#11151,.T.);
#11407=ORIENTED_EDGE('',*,*,#11406,.F.);
#11408=EDGE_LOOP('',(#11403,#11404,#11405,#11407));
#11409=FACE_OUTER_BOUND('',#11408,.F.);
#11411=FILL_AREA_STYLE_COLOUR('',#16);
#11412=FILL_AREA_STYLE('',(#11411));
#11413=SURFACE_STYLE_FILL_AREA(#11412);
#11414=SURFACE_SIDE_STYLE('',(#11413));
#11415=SURFACE_STYLE_USAGE(.POSITIVE.,#11414);
#11416=PRESENTATION_STYLE_ASSIGNMENT((#11415));
#11417=STYLED_ITEM('',(#11416),#11410);
#11418=CARTESIAN_POINT('',(1.6E0,2.89E0,-1.625E0));
#11419=DIRECTION('',(0.E0,0.E0,-1.E0));
#11420=DIRECTION('',(0.E0,-1.E0,0.E0));
#11421=AXIS2_PLACEMENT_3D('',#11418,#11419,#11420);
#11422=PLANE('',#11421);
#11423=ORIENTED_EDGE('',*,*,#11055,.F.);
#11424=ORIENTED_EDGE('',*,*,#11406,.T.);
#11425=ORIENTED_EDGE('',*,*,#11149,.T.);
#11427=ORIENTED_EDGE('',*,*,#11426,.F.);
#11428=EDGE_LOOP('',(#11423,#11424,#11425,#11427));
#11429=FACE_OUTER_BOUND('',#11428,.F.);
#11431=FILL_AREA_STYLE_COLOUR('',#16);
#11432=FILL_AREA_STYLE('',(#11431));
#11433=SURFACE_STYLE_FILL_AREA(#11432);
#11434=SURFACE_SIDE_STYLE('',(#11433));
#11435=SURFACE_STYLE_USAGE(.POSITIVE.,#11434);
#11436=PRESENTATION_STYLE_ASSIGNMENT((#11435));
#11437=STYLED_ITEM('',(#11436),#11430);
#11438=CARTESIAN_POINT('',(1.6E0,2.15E0,-1.625E0));
#11439=DIRECTION('',(0.E0,-7.027046097443E-1,-7.114817154672E-1));
#11440=DIRECTION('',(0.E0,-7.114817154672E-1,7.027046097443E-1));
#11441=AXIS2_PLACEMENT_3D('',#11438,#11439,#11440);
#11442=PLANE('',#11441);
#11443=ORIENTED_EDGE('',*,*,#11057,.F.);
#11444=ORIENTED_EDGE('',*,*,#11426,.T.);
#11445=ORIENTED_EDGE('',*,*,#11147,.T.);
#11447=ORIENTED_EDGE('',*,*,#11446,.F.);
#11448=EDGE_LOOP('',(#11443,#11444,#11445,#11447));
#11449=FACE_OUTER_BOUND('',#11448,.F.);
#11451=FILL_AREA_STYLE_COLOUR('',#16);
#11452=FILL_AREA_STYLE('',(#11451));
#11453=SURFACE_STYLE_FILL_AREA(#11452);
#11454=SURFACE_SIDE_STYLE('',(#11453));
#11455=SURFACE_STYLE_USAGE(.POSITIVE.,#11454);
#11456=PRESENTATION_STYLE_ASSIGNMENT((#11455));
#11457=STYLED_ITEM('',(#11456),#11450);
#11458=CARTESIAN_POINT('',(1.6E0,1.6287E0,-1.110130952636E0));
#11459=DIRECTION('',(0.E0,-1.E0,0.E0));
#11460=DIRECTION('',(0.E0,0.E0,1.E0));
#11461=AXIS2_PLACEMENT_3D('',#11458,#11459,#11460);
#11462=PLANE('',#11461);
#11463=ORIENTED_EDGE('',*,*,#11059,.F.);
#11464=ORIENTED_EDGE('',*,*,#11446,.T.);
#11465=ORIENTED_EDGE('',*,*,#11145,.T.);
#11466=ORIENTED_EDGE('',*,*,#11101,.F.);
#11467=EDGE_LOOP('',(#11463,#11464,#11465,#11466));
#11468=FACE_OUTER_BOUND('',#11467,.F.);
#11470=FILL_AREA_STYLE_COLOUR('',#16);
#11471=FILL_AREA_STYLE('',(#11470));
#11472=SURFACE_STYLE_FILL_AREA(#11471);
#11473=SURFACE_SIDE_STYLE('',(#11472));
#11474=SURFACE_STYLE_USAGE(.POSITIVE.,#11473);
#11475=PRESENTATION_STYLE_ASSIGNMENT((#11474));
#11476=STYLED_ITEM('',(#11475),#11469);
#11477=CARTESIAN_POINT('',(2.6E0,0.E0,0.E0));
#11478=DIRECTION('',(-1.E0,0.E0,0.E0));
#11479=DIRECTION('',(0.E0,0.E0,-1.E0));
#11480=AXIS2_PLACEMENT_3D('',#11477,#11478,#11479);
#11481=PLANE('',#11480);
#11482=ORIENTED_EDGE('',*,*,#6773,.F.);
#11484=ORIENTED_EDGE('',*,*,#11483,.T.);
#11486=ORIENTED_EDGE('',*,*,#11485,.T.);
#11488=ORIENTED_EDGE('',*,*,#11487,.T.);
#11490=ORIENTED_EDGE('',*,*,#11489,.T.);
#11491=EDGE_LOOP('',(#11482,#11484,#11486,#11488,#11490));
#11492=FACE_OUTER_BOUND('',#11491,.F.);
#11494=FILL_AREA_STYLE_COLOUR('',#16);
#11495=FILL_AREA_STYLE('',(#11494));
#11496=SURFACE_STYLE_FILL_AREA(#11495);
#11497=SURFACE_SIDE_STYLE('',(#11496));
#11498=SURFACE_STYLE_USAGE(.POSITIVE.,#11497);
#11499=PRESENTATION_STYLE_ASSIGNMENT((#11498));
#11500=STYLED_ITEM('',(#11499),#11493);
#11501=CARTESIAN_POINT('',(2.6E0,0.E0,0.E0));
#11502=DIRECTION('',(-1.E0,0.E0,0.E0));
#11503=DIRECTION('',(0.E0,0.E0,-1.E0));
#11504=AXIS2_PLACEMENT_3D('',#11501,#11502,#11503);
#11505=PLANE('',#11504);
#11506=ORIENTED_EDGE('',*,*,#6584,.T.);
#11508=ORIENTED_EDGE('',*,*,#11507,.T.);
#11510=ORIENTED_EDGE('',*,*,#11509,.T.);
#11512=ORIENTED_EDGE('',*,*,#11511,.T.);
#11514=ORIENTED_EDGE('',*,*,#11513,.T.);
#11516=ORIENTED_EDGE('',*,*,#11515,.T.);
#11518=ORIENTED_EDGE('',*,*,#11517,.T.);
#11520=ORIENTED_EDGE('',*,*,#11519,.T.);
#11522=ORIENTED_EDGE('',*,*,#11521,.T.);
#11524=ORIENTED_EDGE('',*,*,#11523,.T.);
#11526=ORIENTED_EDGE('',*,*,#11525,.T.);
#11528=ORIENTED_EDGE('',*,*,#11527,.T.);
#11530=ORIENTED_EDGE('',*,*,#11529,.T.);
#11532=ORIENTED_EDGE('',*,*,#11531,.T.);
#11533=EDGE_LOOP('',(#11506,#11508,#11510,#11512,#11514,#11516,#11518,#11520,
#11522,#11524,#11526,#11528,#11530,#11532));
#11534=FACE_OUTER_BOUND('',#11533,.F.);
#11536=FILL_AREA_STYLE_COLOUR('',#16);
#11537=FILL_AREA_STYLE('',(#11536));
#11538=SURFACE_STYLE_FILL_AREA(#11537);
#11539=SURFACE_SIDE_STYLE('',(#11538));
#11540=SURFACE_STYLE_USAGE(.POSITIVE.,#11539);
#11541=PRESENTATION_STYLE_ASSIGNMENT((#11540));
#11542=STYLED_ITEM('',(#11541),#11535);
#11543=CARTESIAN_POINT('',(2.6E0,1.6287E0,1.701690473643E-1));
#11544=DIRECTION('',(0.E0,-4.627483663151E-2,-9.989287459547E-1));
#11545=DIRECTION('',(0.E0,-9.989287459547E-1,4.627483663151E-2));
#11546=AXIS2_PLACEMENT_3D('',#11543,#11544,#11545);
#11547=PLANE('',#11546);
#11548=ORIENTED_EDGE('',*,*,#6779,.T.);
#11550=ORIENTED_EDGE('',*,*,#11549,.T.);
#11552=ORIENTED_EDGE('',*,*,#11551,.F.);
#11553=ORIENTED_EDGE('',*,*,#11483,.F.);
#11554=EDGE_LOOP('',(#11548,#11550,#11552,#11553));
#11555=FACE_OUTER_BOUND('',#11554,.F.);
#11557=FILL_AREA_STYLE_COLOUR('',#16);
#11558=FILL_AREA_STYLE('',(#11557));
#11559=SURFACE_STYLE_FILL_AREA(#11558);
#11560=SURFACE_SIDE_STYLE('',(#11559));
#11561=SURFACE_STYLE_USAGE(.POSITIVE.,#11560);
#11562=PRESENTATION_STYLE_ASSIGNMENT((#11561));
#11563=STYLED_ITEM('',(#11562),#11556);
#11564=CARTESIAN_POINT('',(2.6E0,1.6287E0,1.701690473643E-1));
#11565=DIRECTION('',(0.E0,-4.627483663151E-2,-9.989287459547E-1));
#11566=DIRECTION('',(0.E0,-9.989287459547E-1,4.627483663151E-2));
#11567=AXIS2_PLACEMENT_3D('',#11564,#11565,#11566);
#11568=PLANE('',#11567);
#11569=ORIENTED_EDGE('',*,*,#6586,.F.);
#11570=ORIENTED_EDGE('',*,*,#11531,.F.);
#11572=ORIENTED_EDGE('',*,*,#11571,.T.);
#11574=ORIENTED_EDGE('',*,*,#11573,.T.);
#11575=EDGE_LOOP('',(#11569,#11570,#11572,#11574));
#11576=FACE_OUTER_BOUND('',#11575,.F.);
#11578=FILL_AREA_STYLE_COLOUR('',#16);
#11579=FILL_AREA_STYLE('',(#11578));
#11580=SURFACE_STYLE_FILL_AREA(#11579);
#11581=SURFACE_SIDE_STYLE('',(#11580));
#11582=SURFACE_STYLE_USAGE(.POSITIVE.,#11581);
#11583=PRESENTATION_STYLE_ASSIGNMENT((#11582));
#11584=STYLED_ITEM('',(#11583),#11577);
#11585=CARTESIAN_POINT('',(2.4E0,0.E0,0.E0));
#11586=DIRECTION('',(-1.E0,0.E0,0.E0));
#11587=DIRECTION('',(0.E0,0.E0,-1.E0));
#11588=AXIS2_PLACEMENT_3D('',#11585,#11586,#11587);
#11589=PLANE('',#11588);
#11590=ORIENTED_EDGE('',*,*,#6777,.T.);
#11592=ORIENTED_EDGE('',*,*,#11591,.F.);
#11594=ORIENTED_EDGE('',*,*,#11593,.F.);
#11596=ORIENTED_EDGE('',*,*,#11595,.F.);
#11597=ORIENTED_EDGE('',*,*,#11549,.F.);
#11598=EDGE_LOOP('',(#11590,#11592,#11594,#11596,#11597));
#11599=FACE_OUTER_BOUND('',#11598,.F.);
#11601=FILL_AREA_STYLE_COLOUR('',#16);
#11602=FILL_AREA_STYLE('',(#11601));
#11603=SURFACE_STYLE_FILL_AREA(#11602);
#11604=SURFACE_SIDE_STYLE('',(#11603));
#11605=SURFACE_STYLE_USAGE(.POSITIVE.,#11604);
#11606=PRESENTATION_STYLE_ASSIGNMENT((#11605));
#11607=STYLED_ITEM('',(#11606),#11600);
#11608=CARTESIAN_POINT('',(2.4E0,0.E0,0.E0));
#11609=DIRECTION('',(-1.E0,0.E0,0.E0));
#11610=DIRECTION('',(0.E0,0.E0,-1.E0));
#11611=AXIS2_PLACEMENT_3D('',#11608,#11609,#11610);
#11612=PLANE('',#11611);
#11613=ORIENTED_EDGE('',*,*,#6588,.F.);
#11614=ORIENTED_EDGE('',*,*,#11573,.F.);
#11616=ORIENTED_EDGE('',*,*,#11615,.F.);
#11618=ORIENTED_EDGE('',*,*,#11617,.F.);
#11620=ORIENTED_EDGE('',*,*,#11619,.F.);
#11622=ORIENTED_EDGE('',*,*,#11621,.F.);
#11624=ORIENTED_EDGE('',*,*,#11623,.F.);
#11626=ORIENTED_EDGE('',*,*,#11625,.F.);
#11628=ORIENTED_EDGE('',*,*,#11627,.F.);
#11630=ORIENTED_EDGE('',*,*,#11629,.F.);
#11632=ORIENTED_EDGE('',*,*,#11631,.F.);
#11634=ORIENTED_EDGE('',*,*,#11633,.F.);
#11636=ORIENTED_EDGE('',*,*,#11635,.F.);
#11638=ORIENTED_EDGE('',*,*,#11637,.F.);
#11639=EDGE_LOOP('',(#11613,#11614,#11616,#11618,#11620,#11622,#11624,#11626,
#11628,#11630,#11632,#11634,#11636,#11638));
#11640=FACE_OUTER_BOUND('',#11639,.F.);
#11642=FILL_AREA_STYLE_COLOUR('',#16);
#11643=FILL_AREA_STYLE('',(#11642));
#11644=SURFACE_STYLE_FILL_AREA(#11643);
#11645=SURFACE_SIDE_STYLE('',(#11644));
#11646=SURFACE_STYLE_USAGE(.POSITIVE.,#11645);
#11647=PRESENTATION_STYLE_ASSIGNMENT((#11646));
#11648=STYLED_ITEM('',(#11647),#11641);
#11649=CARTESIAN_POINT('',(2.6E0,-7.722E-1,6.219E-1));
#11650=DIRECTION('',(0.E0,0.E0,1.E0));
#11651=DIRECTION('',(0.E0,1.E0,0.E0));
#11652=AXIS2_PLACEMENT_3D('',#11649,#11650,#11651);
#11653=PLANE('',#11652);
#11654=ORIENTED_EDGE('',*,*,#6775,.F.);
#11655=ORIENTED_EDGE('',*,*,#11489,.F.);
#11657=ORIENTED_EDGE('',*,*,#11656,.T.);
#11658=ORIENTED_EDGE('',*,*,#11591,.T.);
#11659=EDGE_LOOP('',(#11654,#11655,#11657,#11658));
#11660=FACE_OUTER_BOUND('',#11659,.F.);
#11662=FILL_AREA_STYLE_COLOUR('',#16);
#11663=FILL_AREA_STYLE('',(#11662));
#11664=SURFACE_STYLE_FILL_AREA(#11663);
#11665=SURFACE_SIDE_STYLE('',(#11664));
#11666=SURFACE_STYLE_USAGE(.POSITIVE.,#11665);
#11667=PRESENTATION_STYLE_ASSIGNMENT((#11666));
#11668=STYLED_ITEM('',(#11667),#11661);
#11669=CARTESIAN_POINT('',(2.6E0,-7.722E-1,6.219E-1));
#11670=DIRECTION('',(0.E0,0.E0,1.E0));
#11671=DIRECTION('',(0.E0,1.E0,0.E0));
#11672=AXIS2_PLACEMENT_3D('',#11669,#11670,#11671);
#11673=PLANE('',#11672);
#11674=ORIENTED_EDGE('',*,*,#6590,.T.);
#11675=ORIENTED_EDGE('',*,*,#11637,.T.);
#11677=ORIENTED_EDGE('',*,*,#11676,.F.);
#11678=ORIENTED_EDGE('',*,*,#11507,.F.);
#11679=EDGE_LOOP('',(#11674,#11675,#11677,#11678));
#11680=FACE_OUTER_BOUND('',#11679,.F.);
#11682=FILL_AREA_STYLE_COLOUR('',#16);
#11683=FILL_AREA_STYLE('',(#11682));
#11684=SURFACE_STYLE_FILL_AREA(#11683);
#11685=SURFACE_SIDE_STYLE('',(#11684));
#11686=SURFACE_STYLE_USAGE(.POSITIVE.,#11685);
#11687=PRESENTATION_STYLE_ASSIGNMENT((#11686));
#11688=STYLED_ITEM('',(#11687),#11681);
#11689=CARTESIAN_POINT('',(2.6E0,-7.722E-1,4.22E-1));
#11690=DIRECTION('',(-1.E0,0.E0,0.E0));
#11691=DIRECTION('',(0.E0,0.E0,-1.E0));
#11692=AXIS2_PLACEMENT_3D('',#11689,#11690,#11691);
#11693=CYLINDRICAL_SURFACE('',#11692,1.999E-1);
#11694=ORIENTED_EDGE('',*,*,#11487,.F.);
#11696=ORIENTED_EDGE('',*,*,#11695,.T.);
#11697=ORIENTED_EDGE('',*,*,#11593,.T.);
#11698=ORIENTED_EDGE('',*,*,#11656,.F.);
#11699=EDGE_LOOP('',(#11694,#11696,#11697,#11698));
#11700=FACE_OUTER_BOUND('',#11699,.F.);
#11702=FILL_AREA_STYLE_COLOUR('',#16);
#11703=FILL_AREA_STYLE('',(#11702));
#11704=SURFACE_STYLE_FILL_AREA(#11703);
#11705=SURFACE_SIDE_STYLE('',(#11704));
#11706=SURFACE_STYLE_USAGE(.POSITIVE.,#11705);
#11707=PRESENTATION_STYLE_ASSIGNMENT((#11706));
#11708=STYLED_ITEM('',(#11707),#11701);
#11709=CARTESIAN_POINT('',(2.6E0,-9.721E-1,2.906497078704E-1));
#11710=DIRECTION('',(0.E0,-1.E0,0.E0));
#11711=DIRECTION('',(0.E0,0.E0,1.E0));
#11712=AXIS2_PLACEMENT_3D('',#11709,#11710,#11711);
#11713=PLANE('',#11712);
#11714=ORIENTED_EDGE('',*,*,#11485,.F.);
#11715=ORIENTED_EDGE('',*,*,#11551,.T.);
#11716=ORIENTED_EDGE('',*,*,#11595,.T.);
#11717=ORIENTED_EDGE('',*,*,#11695,.F.);
#11718=EDGE_LOOP('',(#11714,#11715,#11716,#11717));
#11719=FACE_OUTER_BOUND('',#11718,.F.);
#11721=FILL_AREA_STYLE_COLOUR('',#16);
#11722=FILL_AREA_STYLE('',(#11721));
#11723=SURFACE_STYLE_FILL_AREA(#11722);
#11724=SURFACE_SIDE_STYLE('',(#11723));
#11725=SURFACE_STYLE_USAGE(.POSITIVE.,#11724);
#11726=PRESENTATION_STYLE_ASSIGNMENT((#11725));
#11727=STYLED_ITEM('',(#11726),#11720);
#11728=CARTESIAN_POINT('',(2.6E0,1.6287E0,6.219E-1));
#11729=DIRECTION('',(0.E0,-1.E0,0.E0));
#11730=DIRECTION('',(0.E0,0.E0,1.E0));
#11731=AXIS2_PLACEMENT_3D('',#11728,#11729,#11730);
#11732=PLANE('',#11731);
#11733=ORIENTED_EDGE('',*,*,#11509,.F.);
#11734=ORIENTED_EDGE('',*,*,#11676,.T.);
#11735=ORIENTED_EDGE('',*,*,#11635,.T.);
#11737=ORIENTED_EDGE('',*,*,#11736,.F.);
#11738=EDGE_LOOP('',(#11733,#11734,#11735,#11737));
#11739=FACE_OUTER_BOUND('',#11738,.F.);
#11741=FILL_AREA_STYLE_COLOUR('',#16);
#11742=FILL_AREA_STYLE('',(#11741));
#11743=SURFACE_STYLE_FILL_AREA(#11742);
#11744=SURFACE_SIDE_STYLE('',(#11743));
#11745=SURFACE_STYLE_USAGE(.POSITIVE.,#11744);
#11746=PRESENTATION_STYLE_ASSIGNMENT((#11745));
#11747=STYLED_ITEM('',(#11746),#11740);
#11748=CARTESIAN_POINT('',(2.6E0,1.6287E0,9.25E-1));
#11749=DIRECTION('',(0.E0,0.E0,1.E0));
#11750=DIRECTION('',(0.E0,1.E0,0.E0));
#11751=AXIS2_PLACEMENT_3D('',#11748,#11749,#11750);
#11752=PLANE('',#11751);
#11753=ORIENTED_EDGE('',*,*,#11511,.F.);
#11754=ORIENTED_EDGE('',*,*,#11736,.T.);
#11755=ORIENTED_EDGE('',*,*,#11633,.T.);
#11757=ORIENTED_EDGE('',*,*,#11756,.F.);
#11758=EDGE_LOOP('',(#11753,#11754,#11755,#11757));
#11759=FACE_OUTER_BOUND('',#11758,.F.);
#11761=FILL_AREA_STYLE_COLOUR('',#16);
#11762=FILL_AREA_STYLE('',(#11761));
#11763=SURFACE_STYLE_FILL_AREA(#11762);
#11764=SURFACE_SIDE_STYLE('',(#11763));
#11765=SURFACE_STYLE_USAGE(.POSITIVE.,#11764);
#11766=PRESENTATION_STYLE_ASSIGNMENT((#11765));
#11767=STYLED_ITEM('',(#11766),#11760);
#11768=CARTESIAN_POINT('',(2.6E0,1.9194E0,7.524E-1));
#11769=DIRECTION('',(-1.E0,0.E0,0.E0));
#11770=DIRECTION('',(0.E0,0.E0,-1.E0));
#11771=AXIS2_PLACEMENT_3D('',#11768,#11769,#11770);
#11772=CYLINDRICAL_SURFACE('',#11771,1.726E-1);
#11773=ORIENTED_EDGE('',*,*,#11513,.F.);
#11774=ORIENTED_EDGE('',*,*,#11756,.T.);
#11775=ORIENTED_EDGE('',*,*,#11631,.T.);
#11777=ORIENTED_EDGE('',*,*,#11776,.F.);
#11778=EDGE_LOOP('',(#11773,#11774,#11775,#11777));
#11779=FACE_OUTER_BOUND('',#11778,.F.);
#11781=FILL_AREA_STYLE_COLOUR('',#16);
#11782=FILL_AREA_STYLE('',(#11781));
#11783=SURFACE_STYLE_FILL_AREA(#11782);
#11784=SURFACE_SIDE_STYLE('',(#11783));
#11785=SURFACE_STYLE_USAGE(.POSITIVE.,#11784);
#11786=PRESENTATION_STYLE_ASSIGNMENT((#11785));
#11787=STYLED_ITEM('',(#11786),#11780);
#11788=CARTESIAN_POINT('',(2.6E0,2.092E0,7.524E-1));
#11789=DIRECTION('',(0.E0,1.E0,0.E0));
#11790=DIRECTION('',(0.E0,0.E0,-1.E0));
#11791=AXIS2_PLACEMENT_3D('',#11788,#11789,#11790);
#11792=PLANE('',#11791);
#11793=ORIENTED_EDGE('',*,*,#11515,.F.);
#11794=ORIENTED_EDGE('',*,*,#11776,.T.);
#11795=ORIENTED_EDGE('',*,*,#11629,.T.);
#11797=ORIENTED_EDGE('',*,*,#11796,.F.);
#11798=EDGE_LOOP('',(#11793,#11794,#11795,#11797));
#11799=FACE_OUTER_BOUND('',#11798,.F.);
#11801=FILL_AREA_STYLE_COLOUR('',#16);
#11802=FILL_AREA_STYLE('',(#11801));
#11803=SURFACE_STYLE_FILL_AREA(#11802);
#11804=SURFACE_SIDE_STYLE('',(#11803));
#11805=SURFACE_STYLE_USAGE(.POSITIVE.,#11804);
#11806=PRESENTATION_STYLE_ASSIGNMENT((#11805));
#11807=STYLED_ITEM('',(#11806),#11800);
#11808=CARTESIAN_POINT('',(2.6E0,2.092E0,-8.984E-1));
#11809=DIRECTION('',(0.E0,8.420239706227E-1,5.394401105747E-1));
#11810=DIRECTION('',(0.E0,5.394401105747E-1,-8.420239706227E-1));
#11811=AXIS2_PLACEMENT_3D('',#11808,#11809,#11810);
#11812=PLANE('',#11811);
#11813=ORIENTED_EDGE('',*,*,#11517,.F.);
#11814=ORIENTED_EDGE('',*,*,#11796,.T.);
#11815=ORIENTED_EDGE('',*,*,#11627,.T.);
#11817=ORIENTED_EDGE('',*,*,#11816,.F.);
#11818=EDGE_LOOP('',(#11813,#11814,#11815,#11817));
#11819=FACE_OUTER_BOUND('',#11818,.F.);
#11821=FILL_AREA_STYLE_COLOUR('',#16);
#11822=FILL_AREA_STYLE('',(#11821));
#11823=SURFACE_STYLE_FILL_AREA(#11822);
#11824=SURFACE_SIDE_STYLE('',(#11823));
#11825=SURFACE_STYLE_USAGE(.POSITIVE.,#11824);
#11826=PRESENTATION_STYLE_ASSIGNMENT((#11825));
#11827=STYLED_ITEM('',(#11826),#11820);
#11828=CARTESIAN_POINT('',(2.6E0,2.3653E0,-1.325E0));
#11829=DIRECTION('',(0.E0,0.E0,1.E0));
#11830=DIRECTION('',(0.E0,1.E0,0.E0));
#11831=AXIS2_PLACEMENT_3D('',#11828,#11829,#11830);
#11832=PLANE('',#11831);
#11833=ORIENTED_EDGE('',*,*,#11519,.F.);
#11834=ORIENTED_EDGE('',*,*,#11816,.T.);
#11835=ORIENTED_EDGE('',*,*,#11625,.T.);
#11837=ORIENTED_EDGE('',*,*,#11836,.F.);
#11838=EDGE_LOOP('',(#11833,#11834,#11835,#11837));
#11839=FACE_OUTER_BOUND('',#11838,.F.);
#11841=FILL_AREA_STYLE_COLOUR('',#16);
#11842=FILL_AREA_STYLE('',(#11841));
#11843=SURFACE_STYLE_FILL_AREA(#11842);
#11844=SURFACE_SIDE_STYLE('',(#11843));
#11845=SURFACE_STYLE_USAGE(.POSITIVE.,#11844);
#11846=PRESENTATION_STYLE_ASSIGNMENT((#11845));
#11847=STYLED_ITEM('',(#11846),#11840);
#11848=CARTESIAN_POINT('',(2.6E0,2.739430503005E0,-1.475569496995E0));
#11849=DIRECTION('',(-1.E0,0.E0,0.E0));
#11850=DIRECTION('',(0.E0,0.E0,-1.E0));
#11851=AXIS2_PLACEMENT_3D('',#11848,#11849,#11850);
#11852=CYLINDRICAL_SURFACE('',#11851,1.505694969951E-1);
#11853=ORIENTED_EDGE('',*,*,#11521,.F.);
#11854=ORIENTED_EDGE('',*,*,#11836,.T.);
#11855=ORIENTED_EDGE('',*,*,#11623,.T.);
#11857=ORIENTED_EDGE('',*,*,#11856,.F.);
#11858=EDGE_LOOP('',(#11853,#11854,#11855,#11857));
#11859=FACE_OUTER_BOUND('',#11858,.F.);
#11861=FILL_AREA_STYLE_COLOUR('',#16);
#11862=FILL_AREA_STYLE('',(#11861));
#11863=SURFACE_STYLE_FILL_AREA(#11862);
#11864=SURFACE_SIDE_STYLE('',(#11863));
#11865=SURFACE_STYLE_USAGE(.POSITIVE.,#11864);
#11866=PRESENTATION_STYLE_ASSIGNMENT((#11865));
#11867=STYLED_ITEM('',(#11866),#11860);
#11868=CARTESIAN_POINT('',(2.6E0,2.89E0,-1.475569496995E0));
#11869=DIRECTION('',(0.E0,1.E0,0.E0));
#11870=DIRECTION('',(0.E0,0.E0,-1.E0));
#11871=AXIS2_PLACEMENT_3D('',#11868,#11869,#11870);
#11872=PLANE('',#11871);
#11873=ORIENTED_EDGE('',*,*,#11523,.F.);
#11874=ORIENTED_EDGE('',*,*,#11856,.T.);
#11875=ORIENTED_EDGE('',*,*,#11621,.T.);
#11877=ORIENTED_EDGE('',*,*,#11876,.F.);
#11878=EDGE_LOOP('',(#11873,#11874,#11875,#11877));
#11879=FACE_OUTER_BOUND('',#11878,.F.);
#11881=FILL_AREA_STYLE_COLOUR('',#16);
#11882=FILL_AREA_STYLE('',(#11881));
#11883=SURFACE_STYLE_FILL_AREA(#11882);
#11884=SURFACE_SIDE_STYLE('',(#11883));
#11885=SURFACE_STYLE_USAGE(.POSITIVE.,#11884);
#11886=PRESENTATION_STYLE_ASSIGNMENT((#11885));
#11887=STYLED_ITEM('',(#11886),#11880);
#11888=CARTESIAN_POINT('',(2.6E0,2.89E0,-1.625E0));
#11889=DIRECTION('',(0.E0,0.E0,-1.E0));
#11890=DIRECTION('',(0.E0,-1.E0,0.E0));
#11891=AXIS2_PLACEMENT_3D('',#11888,#11889,#11890);
#11892=PLANE('',#11891);
#11893=ORIENTED_EDGE('',*,*,#11525,.F.);
#11894=ORIENTED_EDGE('',*,*,#11876,.T.);
#11895=ORIENTED_EDGE('',*,*,#11619,.T.);
#11897=ORIENTED_EDGE('',*,*,#11896,.F.);
#11898=EDGE_LOOP('',(#11893,#11894,#11895,#11897));
#11899=FACE_OUTER_BOUND('',#11898,.F.);
#11901=FILL_AREA_STYLE_COLOUR('',#16);
#11902=FILL_AREA_STYLE('',(#11901));
#11903=SURFACE_STYLE_FILL_AREA(#11902);
#11904=SURFACE_SIDE_STYLE('',(#11903));
#11905=SURFACE_STYLE_USAGE(.POSITIVE.,#11904);
#11906=PRESENTATION_STYLE_ASSIGNMENT((#11905));
#11907=STYLED_ITEM('',(#11906),#11900);
#11908=CARTESIAN_POINT('',(2.6E0,2.15E0,-1.625E0));
#11909=DIRECTION('',(0.E0,-7.027046097443E-1,-7.114817154672E-1));
#11910=DIRECTION('',(0.E0,-7.114817154672E-1,7.027046097443E-1));
#11911=AXIS2_PLACEMENT_3D('',#11908,#11909,#11910);
#11912=PLANE('',#11911);
#11913=ORIENTED_EDGE('',*,*,#11527,.F.);
#11914=ORIENTED_EDGE('',*,*,#11896,.T.);
#11915=ORIENTED_EDGE('',*,*,#11617,.T.);
#11917=ORIENTED_EDGE('',*,*,#11916,.F.);
#11918=EDGE_LOOP('',(#11913,#11914,#11915,#11917));
#11919=FACE_OUTER_BOUND('',#11918,.F.);
#11921=FILL_AREA_STYLE_COLOUR('',#16);
#11922=FILL_AREA_STYLE('',(#11921));
#11923=SURFACE_STYLE_FILL_AREA(#11922);
#11924=SURFACE_SIDE_STYLE('',(#11923));
#11925=SURFACE_STYLE_USAGE(.POSITIVE.,#11924);
#11926=PRESENTATION_STYLE_ASSIGNMENT((#11925));
#11927=STYLED_ITEM('',(#11926),#11920);
#11928=CARTESIAN_POINT('',(2.6E0,1.6287E0,-1.110130952636E0));
#11929=DIRECTION('',(0.E0,-1.E0,0.E0));
#11930=DIRECTION('',(0.E0,0.E0,1.E0));
#11931=AXIS2_PLACEMENT_3D('',#11928,#11929,#11930);
#11932=PLANE('',#11931);
#11933=ORIENTED_EDGE('',*,*,#11529,.F.);
#11934=ORIENTED_EDGE('',*,*,#11916,.T.);
#11935=ORIENTED_EDGE('',*,*,#11615,.T.);
#11936=ORIENTED_EDGE('',*,*,#11571,.F.);
#11937=EDGE_LOOP('',(#11933,#11934,#11935,#11936));
#11938=FACE_OUTER_BOUND('',#11937,.F.);
#11940=FILL_AREA_STYLE_COLOUR('',#16);
#11941=FILL_AREA_STYLE('',(#11940));
#11942=SURFACE_STYLE_FILL_AREA(#11941);
#11943=SURFACE_SIDE_STYLE('',(#11942));
#11944=SURFACE_STYLE_USAGE(.POSITIVE.,#11943);
#11945=PRESENTATION_STYLE_ASSIGNMENT((#11944));
#11946=STYLED_ITEM('',(#11945),#11939);
#11947=CARTESIAN_POINT('',(4.15E0,-8.032903334574E-1,-7.729554890697E-1));
#11948=DIRECTION('',(1.E0,0.E0,0.E0));
#11949=DIRECTION('',(0.E0,1.E0,0.E0));
#11950=AXIS2_PLACEMENT_3D('',#11947,#11948,#11949);
#11951=CYLINDRICAL_SURFACE('',#11950,3.700301795527E-2);
#11952=ORIENTED_EDGE('',*,*,#6242,.T.);
#11954=ORIENTED_EDGE('',*,*,#11953,.T.);
#11956=ORIENTED_EDGE('',*,*,#11955,.T.);
#11958=ORIENTED_EDGE('',*,*,#11957,.F.);
#11959=EDGE_LOOP('',(#11952,#11954,#11956,#11958));
#11960=FACE_OUTER_BOUND('',#11959,.F.);
#11962=CARTESIAN_POINT('',(4.15E0,-8.032903334574E-1,-7.729554890697E-1));
#11963=DIRECTION('',(1.E0,0.E0,0.E0));
#11964=DIRECTION('',(0.E0,1.E0,0.E0));
#11965=AXIS2_PLACEMENT_3D('',#11962,#11963,#11964);
#11966=CYLINDRICAL_SURFACE('',#11965,3.700301795527E-2);
#11967=ORIENTED_EDGE('',*,*,#6244,.T.);
#11968=ORIENTED_EDGE('',*,*,#11957,.T.);
#11970=ORIENTED_EDGE('',*,*,#11969,.T.);
#11971=ORIENTED_EDGE('',*,*,#11953,.F.);
#11972=EDGE_LOOP('',(#11967,#11968,#11970,#11971));
#11973=FACE_OUTER_BOUND('',#11972,.F.);
#11975=CARTESIAN_POINT('',(4.155E0,0.E0,-1.525E0));
#11976=DIRECTION('',(1.E0,0.E0,0.E0));
#11977=DIRECTION('',(0.E0,1.E0,0.E0));
#11978=AXIS2_PLACEMENT_3D('',#11975,#11976,#11977);
#11979=PLANE('',#11978);
#11981=ORIENTED_EDGE('',*,*,#11980,.F.);
#11983=ORIENTED_EDGE('',*,*,#11982,.F.);
#11985=ORIENTED_EDGE('',*,*,#11984,.F.);
#11987=ORIENTED_EDGE('',*,*,#11986,.F.);
#11989=ORIENTED_EDGE('',*,*,#11988,.F.);
#11991=ORIENTED_EDGE('',*,*,#11990,.F.);
#11992=EDGE_LOOP('',(#11981,#11983,#11985,#11987,#11989,#11991));
#11993=FACE_OUTER_BOUND('',#11992,.F.);
#11995=FILL_AREA_STYLE_COLOUR('',#1);
#11996=FILL_AREA_STYLE('',(#11995));
#11997=SURFACE_STYLE_FILL_AREA(#11996);
#11998=SURFACE_SIDE_STYLE('',(#11997));
#11999=SURFACE_STYLE_USAGE(.POSITIVE.,#11998);
#12000=PRESENTATION_STYLE_ASSIGNMENT((#11999));
#12001=STYLED_ITEM('',(#12000),#11994);
#12002=CARTESIAN_POINT('',(4.155E0,0.E0,-1.525E0));
#12003=DIRECTION('',(1.E0,0.E0,0.E0));
#12004=DIRECTION('',(0.E0,1.E0,0.E0));
#12005=AXIS2_PLACEMENT_3D('',#12002,#12003,#12004);
#12006=PLANE('',#12005);
#12008=ORIENTED_EDGE('',*,*,#12007,.F.);
#12010=ORIENTED_EDGE('',*,*,#12009,.F.);
#12012=ORIENTED_EDGE('',*,*,#12011,.F.);
#12014=ORIENTED_EDGE('',*,*,#12013,.F.);
#12015=EDGE_LOOP('',(#12008,#12010,#12012,#12014));
#12016=FACE_OUTER_BOUND('',#12015,.F.);
#12018=FILL_AREA_STYLE_COLOUR('',#1);
#12019=FILL_AREA_STYLE('',(#12018));
#12020=SURFACE_STYLE_FILL_AREA(#12019);
#12021=SURFACE_SIDE_STYLE('',(#12020));
#12022=SURFACE_STYLE_USAGE(.POSITIVE.,#12021);
#12023=PRESENTATION_STYLE_ASSIGNMENT((#12022));
#12024=STYLED_ITEM('',(#12023),#12017);
#12025=CARTESIAN_POINT('',(4.155E0,0.E0,-1.525E0));
#12026=DIRECTION('',(1.E0,0.E0,0.E0));
#12027=DIRECTION('',(0.E0,1.E0,0.E0));
#12028=AXIS2_PLACEMENT_3D('',#12025,#12026,#12027);
#12029=PLANE('',#12028);
#12031=ORIENTED_EDGE('',*,*,#12030,.F.);
#12033=ORIENTED_EDGE('',*,*,#12032,.F.);
#12034=ORIENTED_EDGE('',*,*,#5962,.F.);
#12036=ORIENTED_EDGE('',*,*,#12035,.F.);
#12038=ORIENTED_EDGE('',*,*,#12037,.F.);
#12040=ORIENTED_EDGE('',*,*,#12039,.F.);
#12042=ORIENTED_EDGE('',*,*,#12041,.F.);
#12044=ORIENTED_EDGE('',*,*,#12043,.F.);
#12046=ORIENTED_EDGE('',*,*,#12045,.F.);
#12048=ORIENTED_EDGE('',*,*,#12047,.F.);
#12050=ORIENTED_EDGE('',*,*,#12049,.F.);
#12052=ORIENTED_EDGE('',*,*,#12051,.F.);
#12053=EDGE_LOOP('',(#12031,#12033,#12034,#12036,#12038,#12040,#12042,#12044,
#12046,#12048,#12050,#12052));
#12054=FACE_OUTER_BOUND('',#12053,.F.);
#12056=FILL_AREA_STYLE_COLOUR('',#1);
#12057=FILL_AREA_STYLE('',(#12056));
#12058=SURFACE_STYLE_FILL_AREA(#12057);
#12059=SURFACE_SIDE_STYLE('',(#12058));
#12060=SURFACE_STYLE_USAGE(.POSITIVE.,#12059);
#12061=PRESENTATION_STYLE_ASSIGNMENT((#12060));
#12062=STYLED_ITEM('',(#12061),#12055);
#12063=CARTESIAN_POINT('',(4.155E0,0.E0,-1.525E0));
#12064=DIRECTION('',(1.E0,0.E0,0.E0));
#12065=DIRECTION('',(0.E0,1.E0,0.E0));
#12066=AXIS2_PLACEMENT_3D('',#12063,#12064,#12065);
#12067=PLANE('',#12066);
#12069=ORIENTED_EDGE('',*,*,#12068,.F.);
#12071=ORIENTED_EDGE('',*,*,#12070,.F.);
#12073=ORIENTED_EDGE('',*,*,#12072,.F.);
#12075=ORIENTED_EDGE('',*,*,#12074,.F.);
#12076=EDGE_LOOP('',(#12069,#12071,#12073,#12075));
#12077=FACE_OUTER_BOUND('',#12076,.F.);
#12079=ORIENTED_EDGE('',*,*,#12078,.F.);
#12081=ORIENTED_EDGE('',*,*,#12080,.F.);
#12083=ORIENTED_EDGE('',*,*,#12082,.F.);
#12085=ORIENTED_EDGE('',*,*,#12084,.F.);
#12086=EDGE_LOOP('',(#12079,#12081,#12083,#12085));
#12087=FACE_BOUND('',#12086,.F.);
#12089=FILL_AREA_STYLE_COLOUR('',#1);
#12090=FILL_AREA_STYLE('',(#12089));
#12091=SURFACE_STYLE_FILL_AREA(#12090);
#12092=SURFACE_SIDE_STYLE('',(#12091));
#12093=SURFACE_STYLE_USAGE(.POSITIVE.,#12092);
#12094=PRESENTATION_STYLE_ASSIGNMENT((#12093));
#12095=STYLED_ITEM('',(#12094),#12088);
#12096=CARTESIAN_POINT('',(4.155E0,0.E0,-1.525E0));
#12097=DIRECTION('',(1.E0,0.E0,0.E0));
#12098=DIRECTION('',(0.E0,1.E0,0.E0));
#12099=AXIS2_PLACEMENT_3D('',#12096,#12097,#12098);
#12100=PLANE('',#12099);
#12102=ORIENTED_EDGE('',*,*,#12101,.F.);
#12104=ORIENTED_EDGE('',*,*,#12103,.F.);
#12106=ORIENTED_EDGE('',*,*,#12105,.F.);
#12108=ORIENTED_EDGE('',*,*,#12107,.F.);
#12110=ORIENTED_EDGE('',*,*,#12109,.F.);
#12112=ORIENTED_EDGE('',*,*,#12111,.F.);
#12114=ORIENTED_EDGE('',*,*,#12113,.F.);
#12116=ORIENTED_EDGE('',*,*,#12115,.F.);
#12117=EDGE_LOOP('',(#12102,#12104,#12106,#12108,#12110,#12112,#12114,#12116));
#12118=FACE_OUTER_BOUND('',#12117,.F.);
#12120=ORIENTED_EDGE('',*,*,#12119,.F.);
#12122=ORIENTED_EDGE('',*,*,#12121,.F.);
#12124=ORIENTED_EDGE('',*,*,#12123,.F.);
#12126=ORIENTED_EDGE('',*,*,#12125,.F.);
#12128=ORIENTED_EDGE('',*,*,#12127,.F.);
#12129=EDGE_LOOP('',(#12120,#12122,#12124,#12126,#12128));
#12130=FACE_BOUND('',#12129,.F.);
#12132=FILL_AREA_STYLE_COLOUR('',#1);
#12133=FILL_AREA_STYLE('',(#12132));
#12134=SURFACE_STYLE_FILL_AREA(#12133);
#12135=SURFACE_SIDE_STYLE('',(#12134));
#12136=SURFACE_STYLE_USAGE(.POSITIVE.,#12135);
#12137=PRESENTATION_STYLE_ASSIGNMENT((#12136));
#12138=STYLED_ITEM('',(#12137),#12131);
#12139=CARTESIAN_POINT('',(4.155E0,0.E0,-1.525E0));
#12140=DIRECTION('',(1.E0,0.E0,0.E0));
#12141=DIRECTION('',(0.E0,1.E0,0.E0));
#12142=AXIS2_PLACEMENT_3D('',#12139,#12140,#12141);
#12143=PLANE('',#12142);
#12145=ORIENTED_EDGE('',*,*,#12144,.F.);
#12147=ORIENTED_EDGE('',*,*,#12146,.F.);
#12149=ORIENTED_EDGE('',*,*,#12148,.F.);
#12151=ORIENTED_EDGE('',*,*,#12150,.F.);
#12153=ORIENTED_EDGE('',*,*,#12152,.F.);
#12155=ORIENTED_EDGE('',*,*,#12154,.F.);
#12157=ORIENTED_EDGE('',*,*,#12156,.F.);
#12159=ORIENTED_EDGE('',*,*,#12158,.F.);
#12161=ORIENTED_EDGE('',*,*,#12160,.F.);
#12163=ORIENTED_EDGE('',*,*,#12162,.F.);
#12165=ORIENTED_EDGE('',*,*,#12164,.F.);
#12167=ORIENTED_EDGE('',*,*,#12166,.F.);
#12168=EDGE_LOOP('',(#12145,#12147,#12149,#12151,#12153,#12155,#12157,#12159,
#12161,#12163,#12165,#12167));
#12169=FACE_OUTER_BOUND('',#12168,.F.);
#12171=FILL_AREA_STYLE_COLOUR('',#1);
#12172=FILL_AREA_STYLE('',(#12171));
#12173=SURFACE_STYLE_FILL_AREA(#12172);
#12174=SURFACE_SIDE_STYLE('',(#12173));
#12175=SURFACE_STYLE_USAGE(.POSITIVE.,#12174);
#12176=PRESENTATION_STYLE_ASSIGNMENT((#12175));
#12177=STYLED_ITEM('',(#12176),#12170);
#12178=CARTESIAN_POINT('',(4.155E0,0.E0,-1.525E0));
#12179=DIRECTION('',(1.E0,0.E0,0.E0));
#12180=DIRECTION('',(0.E0,1.E0,0.E0));
#12181=AXIS2_PLACEMENT_3D('',#12178,#12179,#12180);
#12182=PLANE('',#12181);
#12184=ORIENTED_EDGE('',*,*,#12183,.F.);
#12186=ORIENTED_EDGE('',*,*,#12185,.F.);
#12188=ORIENTED_EDGE('',*,*,#12187,.F.);
#12190=ORIENTED_EDGE('',*,*,#12189,.F.);
#12192=ORIENTED_EDGE('',*,*,#12191,.F.);
#12194=ORIENTED_EDGE('',*,*,#12193,.F.);
#12196=ORIENTED_EDGE('',*,*,#12195,.F.);
#12198=ORIENTED_EDGE('',*,*,#12197,.F.);
#12199=EDGE_LOOP('',(#12184,#12186,#12188,#12190,#12192,#12194,#12196,#12198));
#12200=FACE_OUTER_BOUND('',#12199,.F.);
#12202=ORIENTED_EDGE('',*,*,#12201,.F.);
#12204=ORIENTED_EDGE('',*,*,#12203,.F.);
#12206=ORIENTED_EDGE('',*,*,#12205,.F.);
#12207=EDGE_LOOP('',(#12202,#12204,#12206));
#12208=FACE_BOUND('',#12207,.F.);
#12210=FILL_AREA_STYLE_COLOUR('',#1);
#12211=FILL_AREA_STYLE('',(#12210));
#12212=SURFACE_STYLE_FILL_AREA(#12211);
#12213=SURFACE_SIDE_STYLE('',(#12212));
#12214=SURFACE_STYLE_USAGE(.POSITIVE.,#12213);
#12215=PRESENTATION_STYLE_ASSIGNMENT((#12214));
#12216=STYLED_ITEM('',(#12215),#12209);
#12217=CARTESIAN_POINT('',(4.155E0,0.E0,-1.525E0));
#12218=DIRECTION('',(1.E0,0.E0,0.E0));
#12219=DIRECTION('',(0.E0,1.E0,0.E0));
#12220=AXIS2_PLACEMENT_3D('',#12217,#12218,#12219);
#12221=PLANE('',#12220);
#12223=ORIENTED_EDGE('',*,*,#12222,.F.);
#12225=ORIENTED_EDGE('',*,*,#12224,.F.);
#12227=ORIENTED_EDGE('',*,*,#12226,.F.);
#12229=ORIENTED_EDGE('',*,*,#12228,.F.);
#12230=EDGE_LOOP('',(#12223,#12225,#12227,#12229));
#12231=FACE_OUTER_BOUND('',#12230,.F.);
#12233=FILL_AREA_STYLE_COLOUR('',#1);
#12234=FILL_AREA_STYLE('',(#12233));
#12235=SURFACE_STYLE_FILL_AREA(#12234);
#12236=SURFACE_SIDE_STYLE('',(#12235));
#12237=SURFACE_STYLE_USAGE(.POSITIVE.,#12236);
#12238=PRESENTATION_STYLE_ASSIGNMENT((#12237));
#12239=STYLED_ITEM('',(#12238),#12232);
#12240=CARTESIAN_POINT('',(4.155E0,0.E0,-1.525E0));
#12241=DIRECTION('',(1.E0,0.E0,0.E0));
#12242=DIRECTION('',(0.E0,1.E0,0.E0));
#12243=AXIS2_PLACEMENT_3D('',#12240,#12241,#12242);
#12244=PLANE('',#12243);
#12246=ORIENTED_EDGE('',*,*,#12245,.F.);
#12248=ORIENTED_EDGE('',*,*,#12247,.F.);
#12250=ORIENTED_EDGE('',*,*,#12249,.F.);
#12252=ORIENTED_EDGE('',*,*,#12251,.F.);
#12254=ORIENTED_EDGE('',*,*,#12253,.F.);
#12256=ORIENTED_EDGE('',*,*,#12255,.F.);
#12258=ORIENTED_EDGE('',*,*,#12257,.F.);
#12260=ORIENTED_EDGE('',*,*,#12259,.F.);
#12262=ORIENTED_EDGE('',*,*,#12261,.F.);
#12264=ORIENTED_EDGE('',*,*,#12263,.F.);
#12266=ORIENTED_EDGE('',*,*,#12265,.F.);
#12268=ORIENTED_EDGE('',*,*,#12267,.F.);
#12269=EDGE_LOOP('',(#12246,#12248,#12250,#12252,#12254,#12256,#12258,#12260,
#12262,#12264,#12266,#12268));
#12270=FACE_OUTER_BOUND('',#12269,.F.);
#12272=FILL_AREA_STYLE_COLOUR('',#1);
#12273=FILL_AREA_STYLE('',(#12272));
#12274=SURFACE_STYLE_FILL_AREA(#12273);
#12275=SURFACE_SIDE_STYLE('',(#12274));
#12276=SURFACE_STYLE_USAGE(.POSITIVE.,#12275);
#12277=PRESENTATION_STYLE_ASSIGNMENT((#12276));
#12278=STYLED_ITEM('',(#12277),#12271);
#12279=CARTESIAN_POINT('',(4.155E0,0.E0,-1.525E0));
#12280=DIRECTION('',(1.E0,0.E0,0.E0));
#12281=DIRECTION('',(0.E0,1.E0,0.E0));
#12282=AXIS2_PLACEMENT_3D('',#12279,#12280,#12281);
#12283=PLANE('',#12282);
#12285=ORIENTED_EDGE('',*,*,#12284,.F.);
#12287=ORIENTED_EDGE('',*,*,#12286,.F.);
#12289=ORIENTED_EDGE('',*,*,#12288,.F.);
#12291=ORIENTED_EDGE('',*,*,#12290,.F.);
#12293=ORIENTED_EDGE('',*,*,#12292,.F.);
#12295=ORIENTED_EDGE('',*,*,#12294,.F.);
#12297=ORIENTED_EDGE('',*,*,#12296,.F.);
#12299=ORIENTED_EDGE('',*,*,#12298,.F.);
#12301=ORIENTED_EDGE('',*,*,#12300,.F.);
#12303=ORIENTED_EDGE('',*,*,#12302,.F.);
#12305=ORIENTED_EDGE('',*,*,#12304,.F.);
#12307=ORIENTED_EDGE('',*,*,#12306,.F.);
#12308=EDGE_LOOP('',(#12285,#12287,#12289,#12291,#12293,#12295,#12297,#12299,
#12301,#12303,#12305,#12307));
#12309=FACE_OUTER_BOUND('',#12308,.F.);
#12311=FILL_AREA_STYLE_COLOUR('',#1);
#12312=FILL_AREA_STYLE('',(#12311));
#12313=SURFACE_STYLE_FILL_AREA(#12312);
#12314=SURFACE_SIDE_STYLE('',(#12313));
#12315=SURFACE_STYLE_USAGE(.POSITIVE.,#12314);
#12316=PRESENTATION_STYLE_ASSIGNMENT((#12315));
#12317=STYLED_ITEM('',(#12316),#12310);
#12318=CARTESIAN_POINT('',(4.155E0,0.E0,-1.525E0));
#12319=DIRECTION('',(1.E0,0.E0,0.E0));
#12320=DIRECTION('',(0.E0,1.E0,0.E0));
#12321=AXIS2_PLACEMENT_3D('',#12318,#12319,#12320);
#12322=PLANE('',#12321);
#12324=ORIENTED_EDGE('',*,*,#12323,.F.);
#12326=ORIENTED_EDGE('',*,*,#12325,.F.);
#12328=ORIENTED_EDGE('',*,*,#12327,.F.);
#12330=ORIENTED_EDGE('',*,*,#12329,.F.);
#12331=EDGE_LOOP('',(#12324,#12326,#12328,#12330));
#12332=FACE_OUTER_BOUND('',#12331,.F.);
#12334=ORIENTED_EDGE('',*,*,#12333,.F.);
#12336=ORIENTED_EDGE('',*,*,#12335,.F.);
#12338=ORIENTED_EDGE('',*,*,#12337,.F.);
#12340=ORIENTED_EDGE('',*,*,#12339,.F.);
#12341=EDGE_LOOP('',(#12334,#12336,#12338,#12340));
#12342=FACE_BOUND('',#12341,.F.);
#12344=FILL_AREA_STYLE_COLOUR('',#1);
#12345=FILL_AREA_STYLE('',(#12344));
#12346=SURFACE_STYLE_FILL_AREA(#12345);
#12347=SURFACE_SIDE_STYLE('',(#12346));
#12348=SURFACE_STYLE_USAGE(.POSITIVE.,#12347);
#12349=PRESENTATION_STYLE_ASSIGNMENT((#12348));
#12350=STYLED_ITEM('',(#12349),#12343);
#12351=CARTESIAN_POINT('',(4.155E0,0.E0,-1.525E0));
#12352=DIRECTION('',(1.E0,0.E0,0.E0));
#12353=DIRECTION('',(0.E0,1.E0,0.E0));
#12354=AXIS2_PLACEMENT_3D('',#12351,#12352,#12353);
#12355=PLANE('',#12354);
#12357=ORIENTED_EDGE('',*,*,#12356,.F.);
#12359=ORIENTED_EDGE('',*,*,#12358,.F.);
#12361=ORIENTED_EDGE('',*,*,#12360,.F.);
#12363=ORIENTED_EDGE('',*,*,#12362,.F.);
#12365=ORIENTED_EDGE('',*,*,#12364,.F.);
#12367=ORIENTED_EDGE('',*,*,#12366,.F.);
#12369=ORIENTED_EDGE('',*,*,#12368,.F.);
#12371=ORIENTED_EDGE('',*,*,#12370,.F.);
#12372=EDGE_LOOP('',(#12357,#12359,#12361,#12363,#12365,#12367,#12369,#12371));
#12373=FACE_OUTER_BOUND('',#12372,.F.);
#12375=ORIENTED_EDGE('',*,*,#12374,.F.);
#12377=ORIENTED_EDGE('',*,*,#12376,.F.);
#12379=ORIENTED_EDGE('',*,*,#12378,.F.);
#12381=ORIENTED_EDGE('',*,*,#12380,.F.);
#12383=ORIENTED_EDGE('',*,*,#12382,.F.);
#12384=EDGE_LOOP('',(#12375,#12377,#12379,#12381,#12383));
#12385=FACE_BOUND('',#12384,.F.);
#12387=FILL_AREA_STYLE_COLOUR('',#1);
#12388=FILL_AREA_STYLE('',(#12387));
#12389=SURFACE_STYLE_FILL_AREA(#12388);
#12390=SURFACE_SIDE_STYLE('',(#12389));
#12391=SURFACE_STYLE_USAGE(.POSITIVE.,#12390);
#12392=PRESENTATION_STYLE_ASSIGNMENT((#12391));
#12393=STYLED_ITEM('',(#12392),#12386);
#12394=CARTESIAN_POINT('',(4.155E0,0.E0,-1.525E0));
#12395=DIRECTION('',(1.E0,0.E0,0.E0));
#12396=DIRECTION('',(0.E0,1.E0,0.E0));
#12397=AXIS2_PLACEMENT_3D('',#12394,#12395,#12396);
#12398=PLANE('',#12397);
#12400=ORIENTED_EDGE('',*,*,#12399,.F.);
#12402=ORIENTED_EDGE('',*,*,#12401,.F.);
#12404=ORIENTED_EDGE('',*,*,#12403,.F.);
#12406=ORIENTED_EDGE('',*,*,#12405,.F.);
#12408=ORIENTED_EDGE('',*,*,#12407,.F.);
#12410=ORIENTED_EDGE('',*,*,#12409,.F.);
#12412=ORIENTED_EDGE('',*,*,#12411,.F.);
#12414=ORIENTED_EDGE('',*,*,#12413,.F.);
#12416=ORIENTED_EDGE('',*,*,#12415,.F.);
#12418=ORIENTED_EDGE('',*,*,#12417,.F.);
#12420=ORIENTED_EDGE('',*,*,#12419,.F.);
#12422=ORIENTED_EDGE('',*,*,#12421,.F.);
#12424=ORIENTED_EDGE('',*,*,#12423,.F.);
#12426=ORIENTED_EDGE('',*,*,#12425,.F.);
#12428=ORIENTED_EDGE('',*,*,#12427,.F.);
#12430=ORIENTED_EDGE('',*,*,#12429,.F.);
#12431=EDGE_LOOP('',(#12400,#12402,#12404,#12406,#12408,#12410,#12412,#12414,
#12416,#12418,#12420,#12422,#12424,#12426,#12428,#12430));
#12432=FACE_OUTER_BOUND('',#12431,.F.);
#12433=ORIENTED_EDGE('',*,*,#11955,.F.);
#12434=ORIENTED_EDGE('',*,*,#11969,.F.);
#12435=EDGE_LOOP('',(#12433,#12434));
#12436=FACE_BOUND('',#12435,.F.);
#12438=FILL_AREA_STYLE_COLOUR('',#1);
#12439=FILL_AREA_STYLE('',(#12438));
#12440=SURFACE_STYLE_FILL_AREA(#12439);
#12441=SURFACE_SIDE_STYLE('',(#12440));
#12442=SURFACE_STYLE_USAGE(.POSITIVE.,#12441);
#12443=PRESENTATION_STYLE_ASSIGNMENT((#12442));
#12444=STYLED_ITEM('',(#12443),#12437);
#12445=CARTESIAN_POINT('',(4.15E0,-2.232346338069E-1,-5.921022910268E-1));
#12446=DIRECTION('',(0.E0,1.E0,0.E0));
#12447=DIRECTION('',(0.E0,0.E0,1.E0));
#12448=AXIS2_PLACEMENT_3D('',#12445,#12446,#12447);
#12449=PLANE('',#12448);
#12450=ORIENTED_EDGE('',*,*,#5984,.F.);
#12452=ORIENTED_EDGE('',*,*,#12451,.T.);
#12453=ORIENTED_EDGE('',*,*,#11980,.T.);
#12455=ORIENTED_EDGE('',*,*,#12454,.F.);
#12456=EDGE_LOOP('',(#12450,#12452,#12453,#12455));
#12457=FACE_OUTER_BOUND('',#12456,.F.);
#12459=CARTESIAN_POINT('',(4.15E0,-2.936081909820E-1,-5.921022910268E-1));
#12460=DIRECTION('',(0.E0,0.E0,-1.E0));
#12461=DIRECTION('',(0.E0,1.E0,0.E0));
#12462=AXIS2_PLACEMENT_3D('',#12459,#12460,#12461);
#12463=PLANE('',#12462);
#12464=ORIENTED_EDGE('',*,*,#5994,.F.);
#12466=ORIENTED_EDGE('',*,*,#12465,.T.);
#12467=ORIENTED_EDGE('',*,*,#11982,.T.);
#12468=ORIENTED_EDGE('',*,*,#12451,.F.);
#12469=EDGE_LOOP('',(#12464,#12466,#12467,#12468));
#12470=FACE_OUTER_BOUND('',#12469,.F.);
#12472=CARTESIAN_POINT('',(4.15E0,-2.936081909820E-1,-4.586551966647E-1));
#12473=DIRECTION('',(0.E0,-1.E0,0.E0));
#12474=DIRECTION('',(0.E0,0.E0,-1.E0));
#12475=AXIS2_PLACEMENT_3D('',#12472,#12473,#12474);
#12476=PLANE('',#12475);
#12477=ORIENTED_EDGE('',*,*,#5992,.F.);
#12479=ORIENTED_EDGE('',*,*,#12478,.T.);
#12480=ORIENTED_EDGE('',*,*,#11984,.T.);
#12481=ORIENTED_EDGE('',*,*,#12465,.F.);
#12482=EDGE_LOOP('',(#12477,#12479,#12480,#12481));
#12483=FACE_OUTER_BOUND('',#12482,.F.);
#12485=CARTESIAN_POINT('',(4.15E0,-2.763815082998E-1,-4.586551966647E-1));
#12486=DIRECTION('',(0.E0,0.E0,1.E0));
#12487=DIRECTION('',(0.E0,-1.E0,0.E0));
#12488=AXIS2_PLACEMENT_3D('',#12485,#12486,#12487);
#12489=PLANE('',#12488);
#12490=ORIENTED_EDGE('',*,*,#5990,.F.);
#12492=ORIENTED_EDGE('',*,*,#12491,.T.);
#12493=ORIENTED_EDGE('',*,*,#11986,.T.);
#12494=ORIENTED_EDGE('',*,*,#12478,.F.);
#12495=EDGE_LOOP('',(#12490,#12492,#12493,#12494));
#12496=FACE_OUTER_BOUND('',#12495,.F.);
#12498=CARTESIAN_POINT('',(4.15E0,-2.763815082998E-1,-5.768882306772E-1));
#12499=DIRECTION('',(0.E0,1.E0,0.E0));
#12500=DIRECTION('',(0.E0,0.E0,1.E0));
#12501=AXIS2_PLACEMENT_3D('',#12498,#12499,#12500);
#12502=PLANE('',#12501);
#12503=ORIENTED_EDGE('',*,*,#5988,.F.);
#12505=ORIENTED_EDGE('',*,*,#12504,.T.);
#12506=ORIENTED_EDGE('',*,*,#11988,.T.);
#12507=ORIENTED_EDGE('',*,*,#12491,.F.);
#12508=EDGE_LOOP('',(#12503,#12505,#12506,#12507));
#12509=FACE_OUTER_BOUND('',#12508,.F.);
#12511=CARTESIAN_POINT('',(4.15E0,-2.232346338069E-1,-5.768882306772E-1));
#12512=DIRECTION('',(0.E0,0.E0,1.E0));
#12513=DIRECTION('',(0.E0,-1.E0,0.E0));
#12514=AXIS2_PLACEMENT_3D('',#12511,#12512,#12513);
#12515=PLANE('',#12514);
#12516=ORIENTED_EDGE('',*,*,#5986,.F.);
#12517=ORIENTED_EDGE('',*,*,#12454,.T.);
#12518=ORIENTED_EDGE('',*,*,#11990,.T.);
#12519=ORIENTED_EDGE('',*,*,#12504,.F.);
#12520=EDGE_LOOP('',(#12516,#12517,#12518,#12519));
#12521=FACE_OUTER_BOUND('',#12520,.F.);
#12523=CARTESIAN_POINT('',(4.15E0,-1.178619153802E-1,-5.578106664240E-1));
#12524=CARTESIAN_POINT('',(4.15E0,-1.178619153802E-1,-5.618957049795E-1));
#12525=CARTESIAN_POINT('',(4.15E0,-1.178619153802E-1,-5.714841853951E-1));
#12526=CARTESIAN_POINT('',(4.15E0,-1.178619153802E-1,-5.851577043663E-1));
#12527=CARTESIAN_POINT('',(4.15E0,-1.178619153802E-1,-5.947461847819E-1));
#12528=CARTESIAN_POINT('',(4.15E0,-1.178619153802E-1,-5.988312233374E-1));
#12530=DIRECTION('',(1.E0,0.E0,0.E0));
#12531=VECTOR('',#12530,1.E0);
#12532=SURFACE_OF_LINEAR_EXTRUSION('',#12529,#12531);
#12533=ORIENTED_EDGE('',*,*,#5998,.F.);
#12535=ORIENTED_EDGE('',*,*,#12534,.T.);
#12536=ORIENTED_EDGE('',*,*,#12007,.T.);
#12538=ORIENTED_EDGE('',*,*,#12537,.F.);
#12539=EDGE_LOOP('',(#12533,#12535,#12536,#12538));
#12540=FACE_OUTER_BOUND('',#12539,.F.);
#12542=CARTESIAN_POINT('',(4.15E0,-1.124825370707E-1,-5.833802236097E-1));
#12543=CARTESIAN_POINT('',(4.15E0,-1.142260407587E-1,-5.845399638638E-1));
#12544=CARTESIAN_POINT('',(4.15E0,-1.268766272163E-1,-5.920425988052E-1));
#12545=CARTESIAN_POINT('',(4.15E0,-1.584883377366E-1,-5.981325791014E-1));
#12546=CARTESIAN_POINT('',(4.15E0,-2.073433523093E-1,-5.816134388701E-1));
#12547=CARTESIAN_POINT('',(4.15E0,-2.235492470273E-1,-5.263302174183E-1));
#12548=CARTESIAN_POINT('',(4.15E0,-2.055150076787E-1,-4.705049150842E-1));
#12549=CARTESIAN_POINT('',(4.15E0,-1.563064794241E-1,-4.532086538354E-1));
#12550=CARTESIAN_POINT('',(4.15E0,-1.255592184784E-1,-4.579238004226E-1));
#12551=CARTESIAN_POINT('',(4.15E0,-1.140688228857E-1,-4.636255696771E-1));
#12552=CARTESIAN_POINT('',(4.15E0,-1.122364600654E-1,-4.646599061129E-1));
#12554=DIRECTION('',(1.E0,0.E0,0.E0));
#12555=VECTOR('',#12554,1.E0);
#12556=SURFACE_OF_LINEAR_EXTRUSION('',#12553,#12555);
#12557=ORIENTED_EDGE('',*,*,#6004,.T.);
#12559=ORIENTED_EDGE('',*,*,#12558,.T.);
#12560=ORIENTED_EDGE('',*,*,#12009,.T.);
#12561=ORIENTED_EDGE('',*,*,#12534,.F.);
#12562=EDGE_LOOP('',(#12557,#12559,#12560,#12561));
#12563=FACE_OUTER_BOUND('',#12562,.F.);
#12565=CARTESIAN_POINT('',(4.15E0,-1.178619153802E-1,-4.496066318340E-1));
#12566=CARTESIAN_POINT('',(4.15E0,-1.178619153802E-1,-4.536916703895E-1));
#12567=CARTESIAN_POINT('',(4.15E0,-1.178619153802E-1,-4.637804637014E-1));
#12568=CARTESIAN_POINT('',(4.15E0,-1.178619153802E-1,-4.779542955688E-1));
#12569=CARTESIAN_POINT('',(4.15E0,-1.178619153802E-1,-4.880430888808E-1));
#12570=CARTESIAN_POINT('',(4.15E0,-1.178619153802E-1,-4.921281274363E-1));
#12572=DIRECTION('',(1.E0,0.E0,0.E0));
#12573=VECTOR('',#12572,1.E0);
#12574=SURFACE_OF_LINEAR_EXTRUSION('',#12571,#12573);
#12575=ORIENTED_EDGE('',*,*,#6002,.F.);
#12577=ORIENTED_EDGE('',*,*,#12576,.T.);
#12578=ORIENTED_EDGE('',*,*,#12011,.T.);
#12579=ORIENTED_EDGE('',*,*,#12558,.F.);
#12580=EDGE_LOOP('',(#12575,#12577,#12578,#12579));
#12581=FACE_OUTER_BOUND('',#12580,.F.);
#12583=CARTESIAN_POINT('',(4.15E0,-1.125535911641E-1,-4.831774461012E-1));
#12584=CARTESIAN_POINT('',(4.15E0,-1.142635292824E-1,-4.819941390230E-1));
#12585=CARTESIAN_POINT('',(4.15E0,-1.252016752849E-1,-4.751821893654E-1));
#12586=CARTESIAN_POINT('',(4.15E0,-1.513603484100E-1,-4.680865370820E-1));
#12587=CARTESIAN_POINT('',(4.15E0,-1.915770500814E-1,-4.829961477754E-1));
#12588=CARTESIAN_POINT('',(4.15E0,-2.037387627757E-1,-5.260417151111E-1));
#12589=CARTESIAN_POINT('',(4.15E0,-1.922674740069E-1,-5.685783091775E-1));
#12590=CARTESIAN_POINT('',(4.15E0,-1.525795188791E-1,-5.829851027910E-1));
#12591=CARTESIAN_POINT('',(4.15E0,-1.258855050197E-1,-5.756521754819E-1));
#12592=CARTESIAN_POINT('',(4.15E0,-1.143649773008E-1,-5.678146366496E-1));
#12593=CARTESIAN_POINT('',(4.15E0,-1.127136131571E-1,-5.665625061712E-1));
#12595=DIRECTION('',(1.E0,0.E0,0.E0));
#12596=VECTOR('',#12595,1.E0);
#12597=SURFACE_OF_LINEAR_EXTRUSION('',#12594,#12596);
#12598=ORIENTED_EDGE('',*,*,#6000,.T.);
#12599=ORIENTED_EDGE('',*,*,#12537,.T.);
#12600=ORIENTED_EDGE('',*,*,#12013,.T.);
#12601=ORIENTED_EDGE('',*,*,#12576,.F.);
#12602=EDGE_LOOP('',(#12598,#12599,#12600,#12601));
#12603=FACE_OUTER_BOUND('',#12602,.F.);
#12605=CARTESIAN_POINT('',(4.15E0,-1.937987002652E-2,-5.921022910268E-1));
#12606=DIRECTION('',(0.E0,1.E0,0.E0));
#12607=DIRECTION('',(0.E0,0.E0,1.E0));
#12608=AXIS2_PLACEMENT_3D('',#12605,#12606,#12607);
#12609=PLANE('',#12608);
#12610=ORIENTED_EDGE('',*,*,#6008,.F.);
#12612=ORIENTED_EDGE('',*,*,#12611,.T.);
#12613=ORIENTED_EDGE('',*,*,#12030,.T.);
#12615=ORIENTED_EDGE('',*,*,#12614,.F.);
#12616=EDGE_LOOP('',(#12610,#12612,#12613,#12615));
#12617=FACE_OUTER_BOUND('',#12616,.F.);
#12619=CARTESIAN_POINT('',(4.15E0,-9.115202916196E-2,-5.921022910268E-1));
#12620=DIRECTION('',(0.E0,0.E0,-1.E0));
#12621=DIRECTION('',(0.E0,1.E0,0.E0));
#12622=AXIS2_PLACEMENT_3D('',#12619,#12620,#12621);
#12623=PLANE('',#12622);
#12624=ORIENTED_EDGE('',*,*,#6029,.F.);
#12625=ORIENTED_EDGE('',*,*,#5964,.T.);
#12626=ORIENTED_EDGE('',*,*,#12032,.T.);
#12627=ORIENTED_EDGE('',*,*,#12611,.F.);
#12628=EDGE_LOOP('',(#12624,#12625,#12626,#12627));
#12629=FACE_OUTER_BOUND('',#12628,.F.);
#12631=CARTESIAN_POINT('',(4.15E0,-1.937987002652E-2,-5.768882306772E-1));
#12632=DIRECTION('',(0.E0,0.E0,1.E0));
#12633=DIRECTION('',(0.E0,-1.E0,0.E0));
#12634=AXIS2_PLACEMENT_3D('',#12631,#12632,#12633);
#12635=PLANE('',#12634);
#12636=ORIENTED_EDGE('',*,*,#6010,.F.);
#12637=ORIENTED_EDGE('',*,*,#12614,.T.);
#12638=ORIENTED_EDGE('',*,*,#12051,.T.);
#12640=ORIENTED_EDGE('',*,*,#12639,.F.);
#12641=EDGE_LOOP('',(#12636,#12637,#12638,#12640));
#12642=FACE_OUTER_BOUND('',#12641,.F.);
#12644=CARTESIAN_POINT('',(4.15E0,-7.392534647984E-2,-5.768882306772E-1));
#12645=DIRECTION('',(0.E0,1.E0,0.E0));
#12646=DIRECTION('',(0.E0,0.E0,1.E0));
#12647=AXIS2_PLACEMENT_3D('',#12644,#12645,#12646);
#12648=PLANE('',#12647);
#12649=ORIENTED_EDGE('',*,*,#6012,.F.);
#12650=ORIENTED_EDGE('',*,*,#12639,.T.);
#12651=ORIENTED_EDGE('',*,*,#12049,.T.);
#12653=ORIENTED_EDGE('',*,*,#12652,.F.);
#12654=EDGE_LOOP('',(#12649,#12650,#12651,#12653));
#12655=FACE_OUTER_BOUND('',#12654,.F.);
#12657=CARTESIAN_POINT('',(4.15E0,-7.392534647984E-2,-5.319965189753E-1));
#12658=DIRECTION('',(0.E0,0.E0,-1.E0));
#12659=DIRECTION('',(0.E0,1.E0,0.E0));
#12660=AXIS2_PLACEMENT_3D('',#12657,#12658,#12659);
#12661=PLANE('',#12660);
#12662=ORIENTED_EDGE('',*,*,#6014,.F.);
#12663=ORIENTED_EDGE('',*,*,#12652,.T.);
#12664=ORIENTED_EDGE('',*,*,#12047,.T.);
#12666=ORIENTED_EDGE('',*,*,#12665,.F.);
#12667=EDGE_LOOP('',(#12662,#12663,#12664,#12666));
#12668=FACE_OUTER_BOUND('',#12667,.F.);
#12670=CARTESIAN_POINT('',(4.15E0,-2.620231861415E-2,-5.319965189753E-1));
#12671=DIRECTION('',(0.E0,1.E0,0.E0));
#12672=DIRECTION('',(0.E0,0.E0,1.E0));
#12673=AXIS2_PLACEMENT_3D('',#12670,#12671,#12672);
#12674=PLANE('',#12673);
#12675=ORIENTED_EDGE('',*,*,#6016,.F.);
#12676=ORIENTED_EDGE('',*,*,#12665,.T.);
#12677=ORIENTED_EDGE('',*,*,#12045,.T.);
#12679=ORIENTED_EDGE('',*,*,#12678,.F.);
#12680=EDGE_LOOP('',(#12675,#12676,#12677,#12679));
#12681=FACE_OUTER_BOUND('',#12680,.F.);
#12683=CARTESIAN_POINT('',(4.15E0,-2.620231861415E-2,-5.167142341404E-1));
#12684=DIRECTION('',(0.E0,0.E0,1.E0));
#12685=DIRECTION('',(0.E0,-1.E0,0.E0));
#12686=AXIS2_PLACEMENT_3D('',#12683,#12684,#12685);
#12687=PLANE('',#12686);
#12688=ORIENTED_EDGE('',*,*,#6018,.F.);
#12689=ORIENTED_EDGE('',*,*,#12678,.T.);
#12690=ORIENTED_EDGE('',*,*,#12043,.T.);
#12692=ORIENTED_EDGE('',*,*,#12691,.F.);
#12693=EDGE_LOOP('',(#12688,#12689,#12690,#12692));
#12694=FACE_OUTER_BOUND('',#12693,.F.);
#12696=CARTESIAN_POINT('',(4.15E0,-7.392534647984E-2,-5.167142341404E-1));
#12697=DIRECTION('',(0.E0,1.E0,0.E0));
#12698=DIRECTION('',(0.E0,0.E0,1.E0));
#12699=AXIS2_PLACEMENT_3D('',#12696,#12697,#12698);
#12700=PLANE('',#12699);
#12701=ORIENTED_EDGE('',*,*,#6020,.F.);
#12702=ORIENTED_EDGE('',*,*,#12691,.T.);
#12703=ORIENTED_EDGE('',*,*,#12041,.T.);
#12705=ORIENTED_EDGE('',*,*,#12704,.F.);
#12706=EDGE_LOOP('',(#12701,#12702,#12703,#12705));
#12707=FACE_OUTER_BOUND('',#12706,.F.);
#12709=CARTESIAN_POINT('',(4.15E0,-7.392534647984E-2,-4.740057059850E-1));
#12710=DIRECTION('',(0.E0,0.E0,-1.E0));
#12711=DIRECTION('',(0.E0,1.E0,0.E0));
#12712=AXIS2_PLACEMENT_3D('',#12709,#12710,#12711);
#12713=PLANE('',#12712);
#12714=ORIENTED_EDGE('',*,*,#6022,.F.);
#12715=ORIENTED_EDGE('',*,*,#12704,.T.);
#12716=ORIENTED_EDGE('',*,*,#12039,.T.);
#12718=ORIENTED_EDGE('',*,*,#12717,.F.);
#12719=EDGE_LOOP('',(#12714,#12715,#12716,#12718));
#12720=FACE_OUTER_BOUND('',#12719,.F.);
#12722=CARTESIAN_POINT('',(4.15E0,-2.241585964834E-2,-4.740057059850E-1));
#12723=DIRECTION('',(0.E0,1.E0,0.E0));
#12724=DIRECTION('',(0.E0,0.E0,1.E0));
#12725=AXIS2_PLACEMENT_3D('',#12722,#12723,#12724);
#12726=PLANE('',#12725);
#12727=ORIENTED_EDGE('',*,*,#6024,.F.);
#12728=ORIENTED_EDGE('',*,*,#12717,.T.);
#12729=ORIENTED_EDGE('',*,*,#12037,.T.);
#12731=ORIENTED_EDGE('',*,*,#12730,.F.);
#12732=EDGE_LOOP('',(#12727,#12728,#12729,#12731));
#12733=FACE_OUTER_BOUND('',#12732,.F.);
#12735=CARTESIAN_POINT('',(4.15E0,-2.241585964834E-2,-4.586551966647E-1));
#12736=DIRECTION('',(0.E0,0.E0,1.E0));
#12737=DIRECTION('',(0.E0,-1.E0,0.E0));
#12738=AXIS2_PLACEMENT_3D('',#12735,#12736,#12737);
#12739=PLANE('',#12738);
#12740=ORIENTED_EDGE('',*,*,#6026,.F.);
#12741=ORIENTED_EDGE('',*,*,#12730,.T.);
#12742=ORIENTED_EDGE('',*,*,#12035,.T.);
#12743=ORIENTED_EDGE('',*,*,#5960,.F.);
#12744=EDGE_LOOP('',(#12740,#12741,#12742,#12743));
#12745=FACE_OUTER_BOUND('',#12744,.F.);
#12747=CARTESIAN_POINT('',(4.15E0,5.547121142548E-2,-4.740057059850E-1));
#12748=CARTESIAN_POINT('',(4.15E0,5.138617286997E-2,-4.740057059850E-1));
#12749=CARTESIAN_POINT('',(4.15E0,4.058102245661E-2,-4.740057059850E-1));
#12750=CARTESIAN_POINT('',(4.15E0,2.569083348773E-2,-4.740057059850E-1));
#12751=CARTESIAN_POINT('',(4.15E0,1.488568307437E-2,-4.740057059850E-1));
#12752=CARTESIAN_POINT('',(4.15E0,1.080064451886E-2,-4.740057059850E-1));
#12754=DIRECTION('',(1.E0,0.E0,0.E0));
#12755=VECTOR('',#12754,1.E0);
#12756=SURFACE_OF_LINEAR_EXTRUSION('',#12753,#12755);
#12757=ORIENTED_EDGE('',*,*,#6261,.F.);
#12759=ORIENTED_EDGE('',*,*,#12758,.T.);
#12760=ORIENTED_EDGE('',*,*,#12078,.T.);
#12762=ORIENTED_EDGE('',*,*,#12761,.F.);
#12763=EDGE_LOOP('',(#12757,#12759,#12760,#12762));
#12764=FACE_OUTER_BOUND('',#12763,.F.);
#12766=CARTESIAN_POINT('',(4.15E0,2.305576018539E-2,-4.617505903185E-1));
#12767=CARTESIAN_POINT('',(4.15E0,2.305576018539E-2,-4.658356288740E-1));
#12768=CARTESIAN_POINT('',(4.15E0,2.305576018539E-2,-5.042148423269E-1));
#12769=CARTESIAN_POINT('',(4.15E0,2.305576018539E-2,-5.466790943353E-1));
#12770=CARTESIAN_POINT('',(4.15E0,2.305576018539E-2,-5.850583077882E-1));
#12771=CARTESIAN_POINT('',(4.15E0,2.305576018539E-2,-5.891433463437E-1));
#12773=DIRECTION('',(1.E0,0.E0,0.E0));
#12774=VECTOR('',#12773,1.E0);
#12775=SURFACE_OF_LINEAR_EXTRUSION('',#12772,#12774);
#12776=ORIENTED_EDGE('',*,*,#6267,.F.);
#12778=ORIENTED_EDGE('',*,*,#12777,.T.);
#12779=ORIENTED_EDGE('',*,*,#12080,.T.);
#12780=ORIENTED_EDGE('',*,*,#12758,.F.);
#12781=EDGE_LOOP('',(#12776,#12778,#12779,#12780));
#12782=FACE_OUTER_BOUND('',#12781,.F.);
#12784=CARTESIAN_POINT('',(4.15E0,1.080064451886E-2,-5.768882306772E-1));
#12785=CARTESIAN_POINT('',(4.15E0,1.488568307437E-2,-5.768882306772E-1));
#12786=CARTESIAN_POINT('',(4.15E0,2.542930629217E-2,-5.768882306772E-1));
#12787=CARTESIAN_POINT('',(4.15E0,4.005796806549E-2,-5.768882306772E-1));
#12788=CARTESIAN_POINT('',(4.15E0,5.060159128329E-2,-5.768882306772E-1));
#12789=CARTESIAN_POINT('',(4.15E0,5.468662983880E-2,-5.768882306772E-1));
#12791=DIRECTION('',(1.E0,0.E0,0.E0));
#12792=VECTOR('',#12791,1.E0);
#12793=SURFACE_OF_LINEAR_EXTRUSION('',#12790,#12792);
#12794=ORIENTED_EDGE('',*,*,#6265,.F.);
#12796=ORIENTED_EDGE('',*,*,#12795,.T.);
#12797=ORIENTED_EDGE('',*,*,#12082,.T.);
#12798=ORIENTED_EDGE('',*,*,#12777,.F.);
#12799=EDGE_LOOP('',(#12794,#12796,#12797,#12798));
#12800=FACE_OUTER_BOUND('',#12799,.F.);
#12802=CARTESIAN_POINT('',(4.15E0,3.617445103578E-2,-5.765952114937E-1));
#12803=CARTESIAN_POINT('',(4.15E0,3.820678669353E-2,-5.767892954473E-1));
#12804=CARTESIAN_POINT('',(4.15E0,5.407408225512E-2,-5.775389643330E-1));
#12805=CARTESIAN_POINT('',(4.15E0,8.739083464869E-2,-5.683979760993E-1));
#12806=CARTESIAN_POINT('',(4.15E0,1.009497308607E-1,-5.245227207099E-1));
#12807=CARTESIAN_POINT('',(4.15E0,8.691648727485E-2,-4.811232509172E-1));
#12808=CARTESIAN_POINT('',(4.15E0,5.441421977759E-2,-4.734626162063E-1));
#12809=CARTESIAN_POINT('',(4.15E0,3.914128959016E-2,-4.740884136063E-1));
#12810=CARTESIAN_POINT('',(4.15E0,3.718481406855E-2,-4.742472773208E-1));
#12812=DIRECTION('',(1.E0,0.E0,0.E0));
#12813=VECTOR('',#12812,1.E0);
#12814=SURFACE_OF_LINEAR_EXTRUSION('',#12811,#12813);
#12815=ORIENTED_EDGE('',*,*,#6263,.T.);
#12816=ORIENTED_EDGE('',*,*,#12761,.T.);
#12817=ORIENTED_EDGE('',*,*,#12084,.T.);
#12818=ORIENTED_EDGE('',*,*,#12795,.F.);
#12819=EDGE_LOOP('',(#12815,#12816,#12817,#12818));
#12820=FACE_OUTER_BOUND('',#12819,.F.);
#12822=CARTESIAN_POINT('',(4.15E0,5.478896656781E-2,-5.921022910268E-1));
#12823=CARTESIAN_POINT('',(4.15E0,5.070392801230E-2,-5.921022910268E-1));
#12824=CARTESIAN_POINT('',(4.15E0,3.438396499063E-2,-5.921022910268E-1));
#12825=CARTESIAN_POINT('',(4.15E0,1.397896341346E-2,-5.921022910268E-1));
#12826=CARTESIAN_POINT('',(4.15E0,-2.340999608209E-3,-5.921022910268E-1));
#12827=CARTESIAN_POINT('',(4.15E0,-6.426038163719E-3,-5.921022910268E-1));
#12829=DIRECTION('',(1.E0,0.E0,0.E0));
#12830=VECTOR('',#12829,1.E0);
#12831=SURFACE_OF_LINEAR_EXTRUSION('',#12828,#12830);
#12832=ORIENTED_EDGE('',*,*,#6033,.F.);
#12834=ORIENTED_EDGE('',*,*,#12833,.T.);
#12835=ORIENTED_EDGE('',*,*,#12068,.T.);
#12837=ORIENTED_EDGE('',*,*,#12836,.F.);
#12838=EDGE_LOOP('',(#12832,#12834,#12835,#12837));
#12839=FACE_OUTER_BOUND('',#12838,.F.);
#12841=CARTESIAN_POINT('',(4.15E0,5.829077502810E-3,-6.043574066933E-1));
#12842=CARTESIAN_POINT('',(4.15E0,5.829077502810E-3,-6.002723681378E-1));
#12843=CARTESIAN_POINT('',(4.15E0,5.829077502810E-3,-5.517049647949E-1));
#12844=CARTESIAN_POINT('',(4.15E0,5.829077502810E-3,-4.990525228965E-1));
#12845=CARTESIAN_POINT('',(4.15E0,5.829077502810E-3,-4.504851195537E-1));
#12846=CARTESIAN_POINT('',(4.15E0,5.829077502810E-3,-4.464000809982E-1));
#12848=DIRECTION('',(1.E0,0.E0,0.E0));
#12849=VECTOR('',#12848,1.E0);
#12850=SURFACE_OF_LINEAR_EXTRUSION('',#12847,#12849);
#12851=ORIENTED_EDGE('',*,*,#6039,.F.);
#12853=ORIENTED_EDGE('',*,*,#12852,.T.);
#12854=ORIENTED_EDGE('',*,*,#12070,.T.);
#12855=ORIENTED_EDGE('',*,*,#12833,.F.);
#12856=EDGE_LOOP('',(#12851,#12853,#12854,#12855));
#12857=FACE_OUTER_BOUND('',#12856,.F.);
#12859=CARTESIAN_POINT('',(4.15E0,-6.426038163719E-3,-4.586551966647E-1));
#12860=CARTESIAN_POINT('',(4.15E0,-2.340999608209E-3,-4.586551966647E-1));
#12861=CARTESIAN_POINT('',(4.15E0,1.443379331933E-2,-4.586551966647E-1));
#12862=CARTESIAN_POINT('',(4.15E0,3.529362480238E-2,-4.586551966647E-1));
#12863=CARTESIAN_POINT('',(4.15E0,5.206841772992E-2,-4.586551966647E-1));
#12864=CARTESIAN_POINT('',(4.15E0,5.615345628543E-2,-4.586551966647E-1));
#12866=DIRECTION('',(1.E0,0.E0,0.E0));
#12867=VECTOR('',#12866,1.E0);
#12868=SURFACE_OF_LINEAR_EXTRUSION('',#12865,#12867);
#12869=ORIENTED_EDGE('',*,*,#6037,.F.);
#12871=ORIENTED_EDGE('',*,*,#12870,.T.);
#12872=ORIENTED_EDGE('',*,*,#12072,.T.);
#12873=ORIENTED_EDGE('',*,*,#12852,.F.);
#12874=EDGE_LOOP('',(#12869,#12871,#12872,#12873));
#12875=FACE_OUTER_BOUND('',#12874,.F.);
#12877=CARTESIAN_POINT('',(4.15E0,3.762839687243E-2,-4.588875699362E-1));
#12878=CARTESIAN_POINT('',(4.15E0,3.968794832169E-2,-4.587332500986E-1));
#12879=CARTESIAN_POINT('',(4.15E0,5.941694246338E-2,-4.579979460251E-1));
#12880=CARTESIAN_POINT('',(4.15E0,9.972979394904E-2,-4.695159845614E-1));
#12881=CARTESIAN_POINT('',(4.15E0,1.216341194980E-1,-5.243561366923E-1));
#12882=CARTESIAN_POINT('',(4.15E0,1.001749860054E-1,-5.802675670766E-1));
#12883=CARTESIAN_POINT('',(4.15E0,5.864739057325E-2,-5.927796793884E-1));
#12884=CARTESIAN_POINT('',(4.15E0,3.840418183267E-2,-5.920257549873E-1));
#12885=CARTESIAN_POINT('',(4.15E0,3.638013352976E-2,-5.918737036479E-1));
#12887=DIRECTION('',(1.E0,0.E0,0.E0));
#12888=VECTOR('',#12887,1.E0);
#12889=SURFACE_OF_LINEAR_EXTRUSION('',#12886,#12888);
#12890=ORIENTED_EDGE('',*,*,#6035,.T.);
#12891=ORIENTED_EDGE('',*,*,#12836,.T.);
#12892=ORIENTED_EDGE('',*,*,#12074,.T.);
#12893=ORIENTED_EDGE('',*,*,#12870,.F.);
#12894=EDGE_LOOP('',(#12890,#12891,#12892,#12893));
#12895=FACE_OUTER_BOUND('',#12894,.F.);
#12897=CARTESIAN_POINT('',(4.15E0,1.838910872842E-1,-4.852394117967E-1));
#12898=CARTESIAN_POINT('',(4.15E0,1.838694898095E-1,-4.851790200691E-1));
#12899=CARTESIAN_POINT('',(4.15E0,1.827759781625E-1,-4.820962373070E-1));
#12900=CARTESIAN_POINT('',(4.15E0,1.820698006092E-1,-4.788099836826E-1));
#12901=CARTESIAN_POINT('',(4.15E0,1.815269506784E-1,-4.755848428211E-1));
#12902=CARTESIAN_POINT('',(4.15E0,1.815163622038E-1,-4.755216050262E-1));
#12904=DIRECTION('',(1.E0,0.E0,0.E0));
#12905=VECTOR('',#12904,1.E0);
#12906=SURFACE_OF_LINEAR_EXTRUSION('',#12903,#12905);
#12907=ORIENTED_EDGE('',*,*,#6284,.T.);
#12909=ORIENTED_EDGE('',*,*,#12908,.T.);
#12910=ORIENTED_EDGE('',*,*,#12119,.T.);
#12912=ORIENTED_EDGE('',*,*,#12911,.F.);
#12913=EDGE_LOOP('',(#12907,#12909,#12910,#12912));
#12914=FACE_OUTER_BOUND('',#12913,.F.);
#12916=CARTESIAN_POINT('',(4.15E0,1.815786828361E-1,-4.755207806911E-1));
#12917=CARTESIAN_POINT('',(4.15E0,1.815686505695E-1,-4.755842986083E-1));
#12918=CARTESIAN_POINT('',(4.15E0,1.810521005231E-1,-4.788234532102E-1));
#12919=CARTESIAN_POINT('',(4.15E0,1.802675921686E-1,-4.821098186665E-1));
#12920=CARTESIAN_POINT('',(4.15E0,1.791080620715E-1,-4.851784714260E-1));
#12921=CARTESIAN_POINT('',(4.15E0,1.790851751479E-1,-4.852385806175E-1));
#12923=DIRECTION('',(1.E0,0.E0,0.E0));
#12924=VECTOR('',#12923,1.E0);
#12925=SURFACE_OF_LINEAR_EXTRUSION('',#12922,#12924);
#12926=ORIENTED_EDGE('',*,*,#6292,.T.);
#12928=ORIENTED_EDGE('',*,*,#12927,.T.);
#12929=ORIENTED_EDGE('',*,*,#12121,.T.);
#12930=ORIENTED_EDGE('',*,*,#12908,.F.);
#12931=EDGE_LOOP('',(#12926,#12928,#12929,#12930));
#12932=FACE_OUTER_BOUND('',#12931,.F.);
#12934=CARTESIAN_POINT('',(4.15E0,1.833021698587E-1,-4.735265751920E-1));
#12935=CARTESIAN_POINT('',(4.15E0,1.819192411911E-1,-4.773704076936E-1));
#12936=CARTESIAN_POINT('',(4.15E0,1.738844251511E-1,-4.997030758659E-1));
#12937=CARTESIAN_POINT('',(4.15E0,1.644666804435E-1,-5.258795765398E-1));
#12938=CARTESIAN_POINT('',(4.15E0,1.564318644034E-1,-5.482122447122E-1));
#12939=CARTESIAN_POINT('',(4.15E0,1.550489357359E-1,-5.520560772138E-1));
#12941=DIRECTION('',(1.E0,0.E0,0.E0));
#12942=VECTOR('',#12941,1.E0);
#12943=SURFACE_OF_LINEAR_EXTRUSION('',#12940,#12942);
#12944=ORIENTED_EDGE('',*,*,#6290,.F.);
#12946=ORIENTED_EDGE('',*,*,#12945,.T.);
#12947=ORIENTED_EDGE('',*,*,#12123,.T.);
#12948=ORIENTED_EDGE('',*,*,#12927,.F.);
#12949=EDGE_LOOP('',(#12944,#12946,#12947,#12948));
#12950=FACE_OUTER_BOUND('',#12949,.F.);
#12952=CARTESIAN_POINT('',(4.15E0,1.469426060721E-1,-5.405245797089E-1));
#12953=CARTESIAN_POINT('',(4.15E0,1.510276446276E-1,-5.405245797089E-1));
#12954=CARTESIAN_POINT('',(4.15E0,1.700424748410E-1,-5.405245797089E-1));
#12955=CARTESIAN_POINT('',(4.15E0,1.931423436100E-1,-5.405245797089E-1));
#12956=CARTESIAN_POINT('',(4.15E0,2.121571738234E-1,-5.405245797089E-1));
#12957=CARTESIAN_POINT('',(4.15E0,2.162422123789E-1,-5.405245797089E-1));
#12959=DIRECTION('',(1.E0,0.E0,0.E0));
#12960=VECTOR('',#12959,1.E0);
#12961=SURFACE_OF_LINEAR_EXTRUSION('',#12958,#12960);
#12962=ORIENTED_EDGE('',*,*,#6288,.F.);
#12964=ORIENTED_EDGE('',*,*,#12963,.T.);
#12965=ORIENTED_EDGE('',*,*,#12125,.T.);
#12966=ORIENTED_EDGE('',*,*,#12945,.F.);
#12967=EDGE_LOOP('',(#12962,#12964,#12965,#12966));
#12968=FACE_OUTER_BOUND('',#12967,.F.);
#12970=CARTESIAN_POINT('',(4.15E0,2.081734911694E-1,-5.520424771495E-1));
#12971=CARTESIAN_POINT('',(4.15E0,2.067780263504E-1,-5.482031780026E-1));
#12972=CARTESIAN_POINT('',(4.15E0,1.986624496734E-1,-5.258750431851E-1));
#12973=CARTESIAN_POINT('',(4.15E0,1.891514081774E-1,-4.997076092207E-1));
#12974=CARTESIAN_POINT('',(4.15E0,1.810358315003E-1,-4.773794744031E-1));
#12975=CARTESIAN_POINT('',(4.15E0,1.796403666813E-1,-4.735401752563E-1));
#12977=DIRECTION('',(1.E0,0.E0,0.E0));
#12978=VECTOR('',#12977,1.E0);
#12979=SURFACE_OF_LINEAR_EXTRUSION('',#12976,#12978);
#12980=ORIENTED_EDGE('',*,*,#6286,.F.);
#12981=ORIENTED_EDGE('',*,*,#12911,.T.);
#12982=ORIENTED_EDGE('',*,*,#12127,.T.);
#12983=ORIENTED_EDGE('',*,*,#12963,.F.);
#12984=EDGE_LOOP('',(#12980,#12981,#12982,#12983));
#12985=FACE_OUTER_BOUND('',#12984,.F.);
#12987=CARTESIAN_POINT('',(4.15E0,2.419540231004E-1,-5.921022910268E-1));
#12988=DIRECTION('',(0.E0,9.345104387413E-1,3.559357243710E-1));
#12989=DIRECTION('',(0.E0,-3.559357243710E-1,9.345104387413E-1));
#12990=AXIS2_PLACEMENT_3D('',#12987,#12988,#12989);
#12991=PLANE('',#12990);
#12992=ORIENTED_EDGE('',*,*,#6043,.F.);
#12994=ORIENTED_EDGE('',*,*,#12993,.T.);
#12995=ORIENTED_EDGE('',*,*,#12101,.T.);
#12997=ORIENTED_EDGE('',*,*,#12996,.F.);
#12998=EDGE_LOOP('',(#12992,#12994,#12995,#12997));
#12999=FACE_OUTER_BOUND('',#12998,.F.);
#13001=CARTESIAN_POINT('',(4.15E0,2.229193915432E-1,-5.921022910268E-1));
#13002=DIRECTION('',(0.E0,0.E0,-1.E0));
#13003=DIRECTION('',(0.E0,1.E0,0.E0));
#13004=AXIS2_PLACEMENT_3D('',#13001,#13002,#13003);
#13005=PLANE('',#13004);
#13006=ORIENTED_EDGE('',*,*,#6057,.F.);
#13008=ORIENTED_EDGE('',*,*,#13007,.T.);
#13009=ORIENTED_EDGE('',*,*,#12103,.T.);
#13010=ORIENTED_EDGE('',*,*,#12993,.F.);
#13011=EDGE_LOOP('',(#13006,#13008,#13009,#13010));
#13012=FACE_OUTER_BOUND('',#13011,.F.);
#13014=CARTESIAN_POINT('',(4.15E0,2.093086066121E-1,-5.556021910859E-1));
#13015=DIRECTION('',(0.E0,-9.369753459537E-1,-3.493954794714E-1));
#13016=DIRECTION('',(0.E0,3.493954794714E-1,-9.369753459537E-1));
#13017=AXIS2_PLACEMENT_3D('',#13014,#13015,#13016);
#13018=PLANE('',#13017);
#13019=ORIENTED_EDGE('',*,*,#6055,.F.);
#13021=ORIENTED_EDGE('',*,*,#13020,.T.);
#13022=ORIENTED_EDGE('',*,*,#12105,.T.);
#13023=ORIENTED_EDGE('',*,*,#13007,.F.);
#13024=EDGE_LOOP('',(#13019,#13021,#13022,#13023));
#13025=FACE_OUTER_BOUND('',#13024,.F.);
#13027=CARTESIAN_POINT('',(4.15E0,1.537397628709E-1,-5.556021910859E-1));
#13028=DIRECTION('',(0.E0,0.E0,-1.E0));
#13029=DIRECTION('',(0.E0,1.E0,0.E0));
#13030=AXIS2_PLACEMENT_3D('',#13027,#13028,#13029);
#13031=PLANE('',#13030);
#13032=ORIENTED_EDGE('',*,*,#6053,.F.);
#13034=ORIENTED_EDGE('',*,*,#13033,.T.);
#13035=ORIENTED_EDGE('',*,*,#12107,.T.);
#13036=ORIENTED_EDGE('',*,*,#13020,.F.);
#13037=EDGE_LOOP('',(#13032,#13034,#13035,#13036));
#13038=FACE_OUTER_BOUND('',#13037,.F.);
#13040=CARTESIAN_POINT('',(4.15E0,1.409135595255E-1,-5.921022910268E-1));
#13041=DIRECTION('',(0.E0,9.434452330676E-1,-3.315284183928E-1));
#13042=DIRECTION('',(0.E0,3.315284183928E-1,9.434452330676E-1));
#13043=AXIS2_PLACEMENT_3D('',#13040,#13041,#13042);
#13044=PLANE('',#13043);
#13045=ORIENTED_EDGE('',*,*,#6051,.F.);
#13047=ORIENTED_EDGE('',*,*,#13046,.T.);
#13048=ORIENTED_EDGE('',*,*,#12109,.T.);
#13049=ORIENTED_EDGE('',*,*,#13033,.F.);
#13050=EDGE_LOOP('',(#13045,#13047,#13048,#13049));
#13051=FACE_OUTER_BOUND('',#13050,.F.);
#13053=CARTESIAN_POINT('',(4.15E0,1.218789279683E-1,-5.921022910268E-1));
#13054=DIRECTION('',(0.E0,0.E0,-1.E0));
#13055=DIRECTION('',(0.E0,1.E0,0.E0));
#13056=AXIS2_PLACEMENT_3D('',#13053,#13054,#13055);
#13057=PLANE('',#13056);
#13058=ORIENTED_EDGE('',*,*,#6049,.F.);
#13060=ORIENTED_EDGE('',*,*,#13059,.T.);
#13061=ORIENTED_EDGE('',*,*,#12111,.T.);
#13062=ORIENTED_EDGE('',*,*,#13046,.F.);
#13063=EDGE_LOOP('',(#13058,#13060,#13061,#13062));
#13064=FACE_OUTER_BOUND('',#13063,.F.);
#13066=CARTESIAN_POINT('',(4.15E0,1.727061699417E-1,-4.586551966647E-1));
#13067=DIRECTION('',(0.E0,-9.345104387424E-1,3.559357243682E-1));
#13068=DIRECTION('',(0.E0,-3.559357243682E-1,-9.345104387424E-1));
#13069=AXIS2_PLACEMENT_3D('',#13066,#13067,#13068);
#13070=PLANE('',#13069);
#13071=ORIENTED_EDGE('',*,*,#6047,.F.);
#13073=ORIENTED_EDGE('',*,*,#13072,.T.);
#13074=ORIENTED_EDGE('',*,*,#12113,.T.);
#13075=ORIENTED_EDGE('',*,*,#13059,.F.);
#13076=EDGE_LOOP('',(#13071,#13073,#13074,#13075));
#13077=FACE_OUTER_BOUND('',#13076,.F.);
#13079=CARTESIAN_POINT('',(4.15E0,1.911267811266E-1,-4.586551966647E-1));
#13080=DIRECTION('',(0.E0,0.E0,1.E0));
#13081=DIRECTION('',(0.E0,-1.E0,0.E0));
#13082=AXIS2_PLACEMENT_3D('',#13079,#13080,#13081);
#13083=PLANE('',#13082);
#13084=ORIENTED_EDGE('',*,*,#6045,.F.);
#13085=ORIENTED_EDGE('',*,*,#12996,.T.);
#13086=ORIENTED_EDGE('',*,*,#12115,.T.);
#13087=ORIENTED_EDGE('',*,*,#13072,.F.);
#13088=EDGE_LOOP('',(#13084,#13085,#13086,#13087));
#13089=FACE_OUTER_BOUND('',#13088,.F.);
#13091=CARTESIAN_POINT('',(4.15E0,-2.218360318465E-1,-8.038028706821E-1));
#13092=DIRECTION('',(0.E0,1.E0,0.E0));
#13093=DIRECTION('',(0.E0,0.E0,1.E0));
#13094=AXIS2_PLACEMENT_3D('',#13091,#13092,#13093);
#13095=PLANE('',#13094);
#13096=ORIENTED_EDGE('',*,*,#6061,.F.);
#13098=ORIENTED_EDGE('',*,*,#13097,.T.);
#13099=ORIENTED_EDGE('',*,*,#12144,.T.);
#13101=ORIENTED_EDGE('',*,*,#13100,.F.);
#13102=EDGE_LOOP('',(#13096,#13098,#13099,#13101));
#13103=FACE_OUTER_BOUND('',#13102,.F.);
#13105=CARTESIAN_POINT('',(4.15E0,-2.936081909820E-1,-8.038028706821E-1));
#13106=DIRECTION('',(0.E0,0.E0,-1.E0));
#13107=DIRECTION('',(0.E0,1.E0,0.E0));
#13108=AXIS2_PLACEMENT_3D('',#13105,#13106,#13107);
#13109=PLANE('',#13108);
#13110=ORIENTED_EDGE('',*,*,#6083,.F.);
#13112=ORIENTED_EDGE('',*,*,#13111,.T.);
#13113=ORIENTED_EDGE('',*,*,#12146,.T.);
#13114=ORIENTED_EDGE('',*,*,#13097,.F.);
#13115=EDGE_LOOP('',(#13110,#13112,#13113,#13114));
#13116=FACE_OUTER_BOUND('',#13115,.F.);
#13118=CARTESIAN_POINT('',(4.15E0,-2.936081909820E-1,-6.703557763201E-1));
#13119=DIRECTION('',(0.E0,-1.E0,0.E0));
#13120=DIRECTION('',(0.E0,0.E0,-1.E0));
#13121=AXIS2_PLACEMENT_3D('',#13118,#13119,#13120);
#13122=PLANE('',#13121);
#13123=ORIENTED_EDGE('',*,*,#6081,.F.);
#13125=ORIENTED_EDGE('',*,*,#13124,.T.);
#13126=ORIENTED_EDGE('',*,*,#12148,.T.);
#13127=ORIENTED_EDGE('',*,*,#13111,.F.);
#13128=EDGE_LOOP('',(#13123,#13125,#13126,#13127));
#13129=FACE_OUTER_BOUND('',#13128,.F.);
#13131=CARTESIAN_POINT('',(4.15E0,-2.248720214684E-1,-6.703557763201E-1));
#13132=DIRECTION('',(0.E0,0.E0,1.E0));
#13133=DIRECTION('',(0.E0,-1.E0,0.E0));
#13134=AXIS2_PLACEMENT_3D('',#13131,#13132,#13133);
#13135=PLANE('',#13134);
#13136=ORIENTED_EDGE('',*,*,#6079,.F.);
#13138=ORIENTED_EDGE('',*,*,#13137,.T.);
#13139=ORIENTED_EDGE('',*,*,#12150,.T.);
#13140=ORIENTED_EDGE('',*,*,#13124,.F.);
#13141=EDGE_LOOP('',(#13136,#13138,#13139,#13140));
#13142=FACE_OUTER_BOUND('',#13141,.F.);
#13144=CARTESIAN_POINT('',(4.15E0,-2.248720214684E-1,-6.857062856404E-1));
#13145=DIRECTION('',(0.E0,1.E0,0.E0));
#13146=DIRECTION('',(0.E0,0.E0,1.E0));
#13147=AXIS2_PLACEMENT_3D('',#13144,#13145,#13146);
#13148=PLANE('',#13147);
#13149=ORIENTED_EDGE('',*,*,#6077,.F.);
#13151=ORIENTED_EDGE('',*,*,#13150,.T.);
#13152=ORIENTED_EDGE('',*,*,#12152,.T.);
#13153=ORIENTED_EDGE('',*,*,#13137,.F.);
#13154=EDGE_LOOP('',(#13149,#13151,#13152,#13153));
#13155=FACE_OUTER_BOUND('',#13154,.F.);
#13157=CARTESIAN_POINT('',(4.15E0,-2.763815082998E-1,-6.857062856404E-1));
#13158=DIRECTION('',(0.E0,0.E0,-1.E0));
#13159=DIRECTION('',(0.E0,1.E0,0.E0));
#13160=AXIS2_PLACEMENT_3D('',#13157,#13158,#13159);
#13161=PLANE('',#13160);
#13162=ORIENTED_EDGE('',*,*,#6075,.F.);
#13164=ORIENTED_EDGE('',*,*,#13163,.T.);
#13165=ORIENTED_EDGE('',*,*,#12154,.T.);
#13166=ORIENTED_EDGE('',*,*,#13150,.F.);
#13167=EDGE_LOOP('',(#13162,#13164,#13165,#13166));
#13168=FACE_OUTER_BOUND('',#13167,.F.);
#13170=CARTESIAN_POINT('',(4.15E0,-2.763815082998E-1,-7.284148137958E-1));
#13171=DIRECTION('',(0.E0,1.E0,0.E0));
#13172=DIRECTION('',(0.E0,0.E0,1.E0));
#13173=AXIS2_PLACEMENT_3D('',#13170,#13171,#13172);
#13174=PLANE('',#13173);
#13175=ORIENTED_EDGE('',*,*,#6073,.F.);
#13177=ORIENTED_EDGE('',*,*,#13176,.T.);
#13178=ORIENTED_EDGE('',*,*,#12156,.T.);
#13179=ORIENTED_EDGE('',*,*,#13163,.F.);
#13180=EDGE_LOOP('',(#13175,#13177,#13178,#13179));
#13181=FACE_OUTER_BOUND('',#13180,.F.);
#13183=CARTESIAN_POINT('',(4.15E0,-2.286584804342E-1,-7.284148137958E-1));
#13184=DIRECTION('',(0.E0,0.E0,1.E0));
#13185=DIRECTION('',(0.E0,-1.E0,0.E0));
#13186=AXIS2_PLACEMENT_3D('',#13183,#13184,#13185);
#13187=PLANE('',#13186);
#13188=ORIENTED_EDGE('',*,*,#6071,.F.);
#13190=ORIENTED_EDGE('',*,*,#13189,.T.);
#13191=ORIENTED_EDGE('',*,*,#12158,.T.);
#13192=ORIENTED_EDGE('',*,*,#13176,.F.);
#13193=EDGE_LOOP('',(#13188,#13190,#13191,#13192));
#13194=FACE_OUTER_BOUND('',#13193,.F.);
#13196=CARTESIAN_POINT('',(4.15E0,-2.286584804342E-1,-7.436970986307E-1));
#13197=DIRECTION('',(0.E0,1.E0,0.E0));
#13198=DIRECTION('',(0.E0,0.E0,1.E0));
#13199=AXIS2_PLACEMENT_3D('',#13196,#13197,#13198);
#13200=PLANE('',#13199);
#13201=ORIENTED_EDGE('',*,*,#6069,.F.);
#13203=ORIENTED_EDGE('',*,*,#13202,.T.);
#13204=ORIENTED_EDGE('',*,*,#12160,.T.);
#13205=ORIENTED_EDGE('',*,*,#13189,.F.);
#13206=EDGE_LOOP('',(#13201,#13203,#13204,#13205));
#13207=FACE_OUTER_BOUND('',#13206,.F.);
#13209=CARTESIAN_POINT('',(4.15E0,-2.763815082998E-1,-7.436970986307E-1));
#13210=DIRECTION('',(0.E0,0.E0,-1.E0));
#13211=DIRECTION('',(0.E0,1.E0,0.E0));
#13212=AXIS2_PLACEMENT_3D('',#13209,#13210,#13211);
#13213=PLANE('',#13212);
#13214=ORIENTED_EDGE('',*,*,#6067,.F.);
#13216=ORIENTED_EDGE('',*,*,#13215,.T.);
#13217=ORIENTED_EDGE('',*,*,#12162,.T.);
#13218=ORIENTED_EDGE('',*,*,#13202,.F.);
#13219=EDGE_LOOP('',(#13214,#13216,#13217,#13218));
#13220=FACE_OUTER_BOUND('',#13219,.F.);
#13222=CARTESIAN_POINT('',(4.15E0,-2.763815082998E-1,-7.885888103326E-1));
#13223=DIRECTION('',(0.E0,1.E0,0.E0));
#13224=DIRECTION('',(0.E0,0.E0,1.E0));
#13225=AXIS2_PLACEMENT_3D('',#13222,#13223,#13224);
#13226=PLANE('',#13225);
#13227=ORIENTED_EDGE('',*,*,#6065,.F.);
#13229=ORIENTED_EDGE('',*,*,#13228,.T.);
#13230=ORIENTED_EDGE('',*,*,#12164,.T.);
#13231=ORIENTED_EDGE('',*,*,#13215,.F.);
#13232=EDGE_LOOP('',(#13227,#13229,#13230,#13231));
#13233=FACE_OUTER_BOUND('',#13232,.F.);
#13235=CARTESIAN_POINT('',(4.15E0,-2.218360318465E-1,-7.885888103326E-1));
#13236=DIRECTION('',(0.E0,0.E0,1.E0));
#13237=DIRECTION('',(0.E0,-1.E0,0.E0));
#13238=AXIS2_PLACEMENT_3D('',#13235,#13236,#13237);
#13239=PLANE('',#13238);
#13240=ORIENTED_EDGE('',*,*,#6063,.F.);
#13241=ORIENTED_EDGE('',*,*,#13100,.T.);
#13242=ORIENTED_EDGE('',*,*,#12166,.T.);
#13243=ORIENTED_EDGE('',*,*,#13228,.F.);
#13244=EDGE_LOOP('',(#13240,#13241,#13242,#13243));
#13245=FACE_OUTER_BOUND('',#13244,.F.);
#13247=CARTESIAN_POINT('',(4.15E0,-1.338247460967E-1,-7.543432280184E-1));
#13248=CARTESIAN_POINT('',(4.15E0,-1.378732985842E-1,-7.548879873746E-1));
#13249=CARTESIAN_POINT('',(4.15E0,-1.493583200314E-1,-7.564333725237E-1));
#13250=CARTESIAN_POINT('',(4.15E0,-1.648918939661E-1,-7.585235170289E-1));
#13251=CARTESIAN_POINT('',(4.15E0,-1.763769154133E-1,-7.600689021780E-1));
#13252=CARTESIAN_POINT('',(4.15E0,-1.804254679008E-1,-7.606136615342E-1));
#13254=DIRECTION('',(1.E0,0.E0,0.E0));
#13255=VECTOR('',#13254,1.E0);
#13256=SURFACE_OF_LINEAR_EXTRUSION('',#13253,#13255);
#13257=ORIENTED_EDGE('',*,*,#6309,.F.);
#13259=ORIENTED_EDGE('',*,*,#13258,.T.);
#13260=ORIENTED_EDGE('',*,*,#12201,.T.);
#13262=ORIENTED_EDGE('',*,*,#13261,.F.);
#13263=EDGE_LOOP('',(#13257,#13259,#13260,#13262));
#13264=FACE_OUTER_BOUND('',#13263,.F.);
#13266=CARTESIAN_POINT('',(4.15E0,-1.622447010424E-1,-7.580412112858E-1));
#13267=CARTESIAN_POINT('',(4.15E0,-1.640086914773E-1,-7.584099070377E-1));
#13268=CARTESIAN_POINT('',(4.15E0,-1.714497703192E-1,-7.593515960452E-1));
#13269=CARTESIAN_POINT('',(4.15E0,-1.852958862448E-1,-7.616769523833E-1));
#13270=CARTESIAN_POINT('',(4.15E0,-1.905647639691E-1,-7.767624854738E-1));
#13271=CARTESIAN_POINT('',(4.15E0,-1.850697313891E-1,-7.899152700779E-1));
#13272=CARTESIAN_POINT('',(4.15E0,-1.689668539845E-1,-7.942512869947E-1));
#13273=CARTESIAN_POINT('',(4.15E0,-1.506393147869E-1,-7.864717043278E-1));
#13274=CARTESIAN_POINT('',(4.15E0,-1.452613604210E-1,-7.698331163178E-1));
#13275=CARTESIAN_POINT('',(4.15E0,-1.461806814647E-1,-7.610657791548E-1));
#13276=CARTESIAN_POINT('',(4.15E0,-1.466014711953E-1,-7.591751275768E-1));
#13278=DIRECTION('',(1.E0,0.E0,0.E0));
#13279=VECTOR('',#13278,1.E0);
#13280=SURFACE_OF_LINEAR_EXTRUSION('',#13277,#13279);
#13281=ORIENTED_EDGE('',*,*,#6313,.T.);
#13283=ORIENTED_EDGE('',*,*,#13282,.T.);
#13284=ORIENTED_EDGE('',*,*,#12203,.T.);
#13285=ORIENTED_EDGE('',*,*,#13258,.F.);
#13286=EDGE_LOOP('',(#13281,#13283,#13284,#13285));
#13287=FACE_OUTER_BOUND('',#13286,.F.);
#13289=CARTESIAN_POINT('',(4.15E0,-1.459704035592E-1,-7.653024288159E-1));
#13290=CARTESIAN_POINT('',(4.15E0,-1.459704035592E-1,-7.652414816085E-1));
#13291=CARTESIAN_POINT('',(4.15E0,-1.459704035592E-1,-7.621331740322E-1));
#13292=CARTESIAN_POINT('',(4.15E0,-1.459704035592E-1,-7.589639192485E-1));
#13293=CARTESIAN_POINT('',(4.15E0,-1.459704035592E-1,-7.558556116722E-1));
#13294=CARTESIAN_POINT('',(4.15E0,-1.459704035592E-1,-7.557946644648E-1));
#13296=DIRECTION('',(1.E0,0.E0,0.E0));
#13297=VECTOR('',#13296,1.E0);
#13298=SURFACE_OF_LINEAR_EXTRUSION('',#13295,#13297);
#13299=ORIENTED_EDGE('',*,*,#6311,.F.);
#13300=ORIENTED_EDGE('',*,*,#13261,.T.);
#13301=ORIENTED_EDGE('',*,*,#12205,.T.);
#13302=ORIENTED_EDGE('',*,*,#13282,.F.);
#13303=EDGE_LOOP('',(#13299,#13300,#13301,#13302));
#13304=FACE_OUTER_BOUND('',#13303,.F.);
#13306=CARTESIAN_POINT('',(4.15E0,-1.459704035592E-1,-8.040976004611E-1));
#13307=CARTESIAN_POINT('',(4.15E0,-1.459704035592E-1,-8.039993572014E-1));
#13308=CARTESIAN_POINT('',(4.15E0,-1.459704035592E-1,-7.989889509591E-1));
#13309=CARTESIAN_POINT('',(4.15E0,-1.459704035592E-1,-7.938803014571E-1));
#13310=CARTESIAN_POINT('',(4.15E0,-1.459704035592E-1,-7.888698952147E-1));
#13311=CARTESIAN_POINT('',(4.15E0,-1.459704035592E-1,-7.887716519551E-1));
#13313=DIRECTION('',(1.E0,0.E0,0.E0));
#13314=VECTOR('',#13313,1.E0);
#13315=SURFACE_OF_LINEAR_EXTRUSION('',#13312,#13314);
#13316=ORIENTED_EDGE('',*,*,#6087,.F.);
#13318=ORIENTED_EDGE('',*,*,#13317,.T.);
#13319=ORIENTED_EDGE('',*,*,#12183,.T.);
#13321=ORIENTED_EDGE('',*,*,#13320,.F.);
#13322=EDGE_LOOP('',(#13316,#13318,#13319,#13321));
#13323=FACE_OUTER_BOUND('',#13322,.F.);
#13325=CARTESIAN_POINT('',(4.15E0,-1.434368905703E-1,-7.831613499693E-1));
#13326=CARTESIAN_POINT('',(4.15E0,-1.440312431928E-1,-7.852327176230E-1));
#13327=CARTESIAN_POINT('',(4.15E0,-1.494365157750E-1,-7.976659038484E-1));
#13328=CARTESIAN_POINT('',(4.15E0,-1.717979947768E-1,-8.100117222204E-1));
#13329=CARTESIAN_POINT('',(4.15E0,-1.995732456919E-1,-8.016812697414E-1));
#13330=CARTESIAN_POINT('',(4.15E0,-2.128671028693E-1,-7.700545243990E-1));
#13331=CARTESIAN_POINT('',(4.15E0,-1.866006737266E-1,-7.472525045876E-1));
#13332=CARTESIAN_POINT('',(4.15E0,-1.701273230780E-1,-7.468392048161E-1));
#13333=CARTESIAN_POINT('',(4.15E0,-1.681720447605E-1,-7.470536748663E-1));
#13335=DIRECTION('',(1.E0,0.E0,0.E0));
#13336=VECTOR('',#13335,1.E0);
#13337=SURFACE_OF_LINEAR_EXTRUSION('',#13334,#13336);
#13338=ORIENTED_EDGE('',*,*,#6101,.T.);
#13340=ORIENTED_EDGE('',*,*,#13339,.T.);
#13341=ORIENTED_EDGE('',*,*,#12185,.T.);
#13342=ORIENTED_EDGE('',*,*,#13317,.F.);
#13343=EDGE_LOOP('',(#13338,#13340,#13341,#13342));
#13344=FACE_OUTER_BOUND('',#13343,.F.);
#13346=CARTESIAN_POINT('',(4.15E0,-1.863519322997E-1,-7.488768428488E-1));
#13347=CARTESIAN_POINT('',(4.15E0,-1.823064017697E-1,-7.483100777022E-1));
#13348=CARTESIAN_POINT('',(4.15E0,-1.688458921897E-1,-7.464243058290E-1));
#13349=CARTESIAN_POINT('',(4.15E0,-1.513398520798E-1,-7.439717688092E-1));
#13350=CARTESIAN_POINT('',(4.15E0,-1.378793424998E-1,-7.420859969360E-1));
#13351=CARTESIAN_POINT('',(4.15E0,-1.338338119698E-1,-7.415192317894E-1));
#13353=DIRECTION('',(1.E0,0.E0,0.E0));
#13354=VECTOR('',#13353,1.E0);
#13355=SURFACE_OF_LINEAR_EXTRUSION('',#13352,#13354);
#13356=ORIENTED_EDGE('',*,*,#6099,.F.);
#13358=ORIENTED_EDGE('',*,*,#13357,.T.);
#13359=ORIENTED_EDGE('',*,*,#12187,.T.);
#13360=ORIENTED_EDGE('',*,*,#13339,.F.);
#13361=EDGE_LOOP('',(#13356,#13358,#13359,#13360));
#13362=FACE_OUTER_BOUND('',#13361,.F.);
#13364=CARTESIAN_POINT('',(4.15E0,-1.473604211910E-1,-7.495640379710E-1));
#13365=CARTESIAN_POINT('',(4.15E0,-1.464045717998E-1,-7.475392501098E-1));
#13366=CARTESIAN_POINT('',(4.15E0,-1.439553615415E-1,-7.354412489974E-1));
#13367=CARTESIAN_POINT('',(4.15E0,-1.656075051835E-1,-7.105464252032E-1));
#13368=CARTESIAN_POINT('',(4.15E0,-1.900684170540E-1,-7.257670192668E-1));
#13369=CARTESIAN_POINT('',(4.15E0,-1.996144477332E-1,-7.340002011945E-1));
#13370=CARTESIAN_POINT('',(4.15E0,-2.009777095232E-1,-7.352126863581E-1));
#13372=DIRECTION('',(1.E0,0.E0,0.E0));
#13373=VECTOR('',#13372,1.E0);
#13374=SURFACE_OF_LINEAR_EXTRUSION('',#13371,#13373);
#13375=ORIENTED_EDGE('',*,*,#6097,.T.);
#13377=ORIENTED_EDGE('',*,*,#13376,.T.);
#13378=ORIENTED_EDGE('',*,*,#12189,.T.);
#13379=ORIENTED_EDGE('',*,*,#13357,.F.);
#13380=EDGE_LOOP('',(#13375,#13377,#13378,#13379));
#13381=FACE_OUTER_BOUND('',#13380,.F.);
#13383=CARTESIAN_POINT('',(4.15E0,-1.965247475895E-1,-7.317414397272E-1));
#13384=CARTESIAN_POINT('',(4.15E0,-1.965247475895E-1,-7.316331902096E-1));
#13385=CARTESIAN_POINT('',(4.15E0,-1.965247475895E-1,-7.261124648127E-1));
#13386=CARTESIAN_POINT('',(4.15E0,-1.965247475895E-1,-7.204834898983E-1));
#13387=CARTESIAN_POINT('',(4.15E0,-1.965247475895E-1,-7.149627645014E-1));
#13388=CARTESIAN_POINT('',(4.15E0,-1.965247475895E-1,-7.148545149838E-1));
#13390=DIRECTION('',(1.E0,0.E0,0.E0));
#13391=VECTOR('',#13390,1.E0);
#13392=SURFACE_OF_LINEAR_EXTRUSION('',#13389,#13391);
#13393=ORIENTED_EDGE('',*,*,#6095,.F.);
#13395=ORIENTED_EDGE('',*,*,#13394,.T.);
#13396=ORIENTED_EDGE('',*,*,#12191,.T.);
#13397=ORIENTED_EDGE('',*,*,#13376,.F.);
#13398=EDGE_LOOP('',(#13393,#13395,#13396,#13397));
#13399=FACE_OUTER_BOUND('',#13398,.F.);
#13401=CARTESIAN_POINT('',(4.15E0,-2.018474637785E-1,-7.187821925836E-1));
#13402=CARTESIAN_POINT('',(4.15E0,-2.001555830220E-1,-7.175560861797E-1));
#13403=CARTESIAN_POINT('',(4.15E0,-1.891617760775E-1,-7.100563814622E-1));
#13404=CARTESIAN_POINT('',(4.15E0,-1.583748342291E-1,-6.975827021012E-1));
#13405=CARTESIAN_POINT('',(4.15E0,-1.270187459063E-1,-7.279896715876E-1));
#13406=CARTESIAN_POINT('',(4.15E0,-1.295441299720E-1,-7.467646921218E-1));
#13407=CARTESIAN_POINT('',(4.15E0,-1.301592818504E-1,-7.488780164477E-1));
#13409=DIRECTION('',(1.E0,0.E0,0.E0));
#13410=VECTOR('',#13409,1.E0);
#13411=SURFACE_OF_LINEAR_EXTRUSION('',#13408,#13410);
#13412=ORIENTED_EDGE('',*,*,#6093,.T.);
#13414=ORIENTED_EDGE('',*,*,#13413,.T.);
#13415=ORIENTED_EDGE('',*,*,#12193,.T.);
#13416=ORIENTED_EDGE('',*,*,#13394,.F.);
#13417=EDGE_LOOP('',(#13412,#13414,#13415,#13416));
#13418=FACE_OUTER_BOUND('',#13417,.F.);
#13420=CARTESIAN_POINT('',(4.15E0,-1.292554045213E-1,-7.302139422187E-1));
#13421=CARTESIAN_POINT('',(4.15E0,-1.292554045213E-1,-7.342989807742E-1));
#13422=CARTESIAN_POINT('',(4.15E0,-1.292554045211E-1,-7.588286235954E-1));
#13423=CARTESIAN_POINT('',(4.15E0,-1.292554045209E-1,-7.874433049720E-1));
#13424=CARTESIAN_POINT('',(4.15E0,-1.292554045207E-1,-8.119729477931E-1));
#13425=CARTESIAN_POINT('',(4.15E0,-1.292554045207E-1,-8.160579863486E-1));
#13427=DIRECTION('',(1.E0,0.E0,0.E0));
#13428=VECTOR('',#13427,1.E0);
#13429=SURFACE_OF_LINEAR_EXTRUSION('',#13426,#13428);
#13430=ORIENTED_EDGE('',*,*,#6091,.F.);
#13432=ORIENTED_EDGE('',*,*,#13431,.T.);
#13433=ORIENTED_EDGE('',*,*,#12195,.T.);
#13434=ORIENTED_EDGE('',*,*,#13413,.F.);
#13435=EDGE_LOOP('',(#13430,#13432,#13433,#13434));
#13436=FACE_OUTER_BOUND('',#13435,.F.);
#13438=CARTESIAN_POINT('',(4.15E0,-1.170002888542E-1,-8.038028706821E-1));
#13439=CARTESIAN_POINT('',(4.15E0,-1.210853274097E-1,-8.038028706821E-1));
#13440=CARTESIAN_POINT('',(4.15E0,-1.307420323114E-1,-8.038028706821E-1));
#13441=CARTESIAN_POINT('',(4.15E0,-1.444837757685E-1,-8.038028706821E-1));
#13442=CARTESIAN_POINT('',(4.15E0,-1.541404806702E-1,-8.038028706821E-1));
#13443=CARTESIAN_POINT('',(4.15E0,-1.582255192257E-1,-8.038028706821E-1));
#13445=DIRECTION('',(1.E0,0.E0,0.E0));
#13446=VECTOR('',#13445,1.E0);
#13447=SURFACE_OF_LINEAR_EXTRUSION('',#13444,#13446);
#13448=ORIENTED_EDGE('',*,*,#6089,.F.);
#13449=ORIENTED_EDGE('',*,*,#13320,.T.);
#13450=ORIENTED_EDGE('',*,*,#12197,.T.);
#13451=ORIENTED_EDGE('',*,*,#13431,.F.);
#13452=EDGE_LOOP('',(#13448,#13449,#13450,#13451));
#13453=FACE_OUTER_BOUND('',#13452,.F.);
#13455=CARTESIAN_POINT('',(4.15E0,-1.066048752113E-1,-8.127149865411E-1));
#13456=CARTESIAN_POINT('',(4.15E0,-1.066048752113E-1,-8.086299479856E-1));
#13457=CARTESIAN_POINT('',(4.15E0,-1.066048752113E-1,-7.987913111217E-1));
#13458=CARTESIAN_POINT('',(4.15E0,-1.066048752113E-1,-7.848676357023E-1));
#13459=CARTESIAN_POINT('',(4.15E0,-1.066048752113E-1,-7.750289988383E-1));
#13460=CARTESIAN_POINT('',(4.15E0,-1.066048752113E-1,-7.709439602828E-1));
#13462=DIRECTION('',(1.E0,0.E0,0.E0));
#13463=VECTOR('',#13462,1.E0);
#13464=SURFACE_OF_LINEAR_EXTRUSION('',#13461,#13463);
#13465=ORIENTED_EDGE('',*,*,#6105,.F.);
#13467=ORIENTED_EDGE('',*,*,#13466,.T.);
#13468=ORIENTED_EDGE('',*,*,#12222,.T.);
#13470=ORIENTED_EDGE('',*,*,#13469,.F.);
#13471=EDGE_LOOP('',(#13465,#13467,#13468,#13470));
#13472=FACE_OUTER_BOUND('',#13471,.F.);
#13474=CARTESIAN_POINT('',(4.15E0,-1.116269916401E-1,-7.794417103604E-1));
#13475=CARTESIAN_POINT('',(4.15E0,-1.099745754151E-1,-7.807045379026E-1));
#13476=CARTESIAN_POINT('',(4.15E0,-1.006191243970E-1,-7.878238674906E-1));
#13477=CARTESIAN_POINT('',(4.15E0,-8.323917338930E-2,-7.973904623203E-1));
#13478=CARTESIAN_POINT('',(4.15E0,-5.488052380085E-2,-7.846185567741E-1));
#13479=CARTESIAN_POINT('',(4.15E0,-6.501172085413E-2,-7.662567988908E-1));
#13480=CARTESIAN_POINT('',(4.15E0,-8.278343238604E-2,-7.621810328679E-1));
#13481=CARTESIAN_POINT('',(4.15E0,-1.021495768924E-1,-7.534122133001E-1));
#13482=CARTESIAN_POINT('',(4.15E0,-1.092707397667E-1,-7.316492227060E-1));
#13483=CARTESIAN_POINT('',(4.15E0,-9.664738676798E-2,-7.095882830830E-1));
#13484=CARTESIAN_POINT('',(4.15E0,-7.065611854367E-2,-7.047826343403E-1));
#13485=CARTESIAN_POINT('',(4.15E0,-5.179035789635E-2,-7.079794684078E-1));
#13486=CARTESIAN_POINT('',(4.15E0,-4.295889302717E-2,-7.122636975922E-1));
#13487=CARTESIAN_POINT('',(4.15E0,-4.110501493831E-2,-7.133161666172E-1));
#13489=DIRECTION('',(1.E0,0.E0,0.E0));
#13490=VECTOR('',#13489,1.E0);
#13491=SURFACE_OF_LINEAR_EXTRUSION('',#13488,#13490);
#13492=ORIENTED_EDGE('',*,*,#6111,.T.);
#13494=ORIENTED_EDGE('',*,*,#13493,.T.);
#13495=ORIENTED_EDGE('',*,*,#12224,.T.);
#13496=ORIENTED_EDGE('',*,*,#13466,.F.);
#13497=EDGE_LOOP('',(#13492,#13494,#13495,#13496));
#13498=FACE_OUTER_BOUND('',#13497,.F.);
#13500=CARTESIAN_POINT('',(4.15E0,-4.680611334602E-2,-7.102152499455E-1));
#13501=CARTESIAN_POINT('',(4.15E0,-4.680611334602E-2,-7.103234994631E-1));
#13502=CARTESIAN_POINT('',(4.15E0,-4.680611334602E-2,-7.158442248596E-1));
#13503=CARTESIAN_POINT('',(4.15E0,-4.680611334602E-2,-7.214731997738E-1));
#13504=CARTESIAN_POINT('',(4.15E0,-4.680611334602E-2,-7.269939251703E-1));
#13505=CARTESIAN_POINT('',(4.15E0,-4.680611334602E-2,-7.271021746879E-1));
#13507=DIRECTION('',(1.E0,0.E0,0.E0));
#13508=VECTOR('',#13507,1.E0);
#13509=SURFACE_OF_LINEAR_EXTRUSION('',#13506,#13508);
#13510=ORIENTED_EDGE('',*,*,#6109,.F.);
#13512=ORIENTED_EDGE('',*,*,#13511,.T.);
#13513=ORIENTED_EDGE('',*,*,#12226,.T.);
#13514=ORIENTED_EDGE('',*,*,#13493,.F.);
#13515=EDGE_LOOP('',(#13510,#13512,#13513,#13514));
#13516=FACE_OUTER_BOUND('',#13515,.F.);
#13518=CARTESIAN_POINT('',(4.15E0,-4.182525160489E-2,-7.305408227975E-1));
#13519=CARTESIAN_POINT('',(4.15E0,-4.338983296483E-2,-7.291551046578E-1));
#13520=CARTESIAN_POINT('',(4.15E0,-5.178073677292E-2,-7.228317067482E-1));
#13521=CARTESIAN_POINT('',(4.15E0,-6.688694050951E-2,-7.186087977805E-1));
#13522=CARTESIAN_POINT('',(4.15E0,-8.426050820085E-2,-7.211155605278E-1));
#13523=CARTESIAN_POINT('',(4.15E0,-9.112028499099E-2,-7.323566751929E-1));
#13524=CARTESIAN_POINT('',(4.15E0,-8.476752863328E-2,-7.453004945066E-1));
#13525=CARTESIAN_POINT('',(4.15E0,-6.707352339334E-2,-7.500582415622E-1));
#13526=CARTESIAN_POINT('',(4.15E0,-4.756648618895E-2,-7.578949339796E-1));
#13527=CARTESIAN_POINT('',(4.15E0,-3.912877630938E-2,-7.801745089022E-1));
#13528=CARTESIAN_POINT('',(4.15E0,-5.235880982376E-2,-8.032429745503E-1));
#13529=CARTESIAN_POINT('',(4.15E0,-8.022755221799E-2,-8.076451357003E-1));
#13530=CARTESIAN_POINT('',(4.15E0,-1.008176799039E-1,-8.040353961752E-1));
#13531=CARTESIAN_POINT('',(4.15E0,-1.102917319440E-1,-7.984547108628E-1));
#13532=CARTESIAN_POINT('',(4.15E0,-1.120440071715E-1,-7.972378776262E-1));
#13534=DIRECTION('',(1.E0,0.E0,0.E0));
#13535=VECTOR('',#13534,1.E0);
#13536=SURFACE_OF_LINEAR_EXTRUSION('',#13533,#13535);
#13537=ORIENTED_EDGE('',*,*,#6107,.T.);
#13538=ORIENTED_EDGE('',*,*,#13469,.T.);
#13539=ORIENTED_EDGE('',*,*,#12228,.T.);
#13540=ORIENTED_EDGE('',*,*,#13511,.F.);
#13541=EDGE_LOOP('',(#13537,#13538,#13539,#13540));
#13542=FACE_OUTER_BOUND('',#13541,.F.);
#13544=CARTESIAN_POINT('',(4.15E0,1.001379102993E-2,-7.799720577678E-1));
#13545=CARTESIAN_POINT('',(4.15E0,1.002885922877E-2,-7.800243632069E-1));
#13546=CARTESIAN_POINT('',(4.15E0,1.079733737003E-2,-7.826919406044E-1));
#13547=CARTESIAN_POINT('',(4.15E0,1.158088371014E-2,-7.854118234411E-1));
#13548=CARTESIAN_POINT('',(4.15E0,1.234936185141E-2,-7.880794008387E-1));
#13549=CARTESIAN_POINT('',(4.15E0,1.236443005025E-2,-7.881317062778E-1));
#13551=DIRECTION('',(1.E0,0.E0,0.E0));
#13552=VECTOR('',#13551,1.E0);
#13553=SURFACE_OF_LINEAR_EXTRUSION('',#13550,#13552);
#13554=ORIENTED_EDGE('',*,*,#6115,.F.);
#13556=ORIENTED_EDGE('',*,*,#13555,.T.);
#13557=ORIENTED_EDGE('',*,*,#12245,.T.);
#13559=ORIENTED_EDGE('',*,*,#13558,.F.);
#13560=EDGE_LOOP('',(#13554,#13556,#13557,#13559));
#13561=FACE_OUTER_BOUND('',#13560,.F.);
#13563=CARTESIAN_POINT('',(4.15E0,1.228944626875E-2,-7.881328071155E-1));
#13564=CARTESIAN_POINT('',(4.15E0,1.229917689071E-2,-7.880800877263E-1));
#13565=CARTESIAN_POINT('',(4.15E0,1.280551583560E-2,-7.853938180602E-1));
#13566=CARTESIAN_POINT('',(4.15E0,1.383132179760E-2,-7.827772463498E-1));
#13567=CARTESIAN_POINT('',(4.15E0,1.462721629518E-2,-7.801629188948E-1));
#13568=CARTESIAN_POINT('',(4.15E0,1.464273580170E-2,-7.801116377965E-1));
#13570=DIRECTION('',(1.E0,0.E0,0.E0));
#13571=VECTOR('',#13570,1.E0);
#13572=SURFACE_OF_LINEAR_EXTRUSION('',#13569,#13571);
#13573=ORIENTED_EDGE('',*,*,#6137,.T.);
#13575=ORIENTED_EDGE('',*,*,#13574,.T.);
#13576=ORIENTED_EDGE('',*,*,#12247,.T.);
#13577=ORIENTED_EDGE('',*,*,#13555,.F.);
#13578=EDGE_LOOP('',(#13573,#13575,#13576,#13577));
#13579=FACE_OUTER_BOUND('',#13578,.F.);
#13581=CARTESIAN_POINT('',(4.15E0,1.041793691169E-2,-7.917863728622E-1));
#13582=CARTESIAN_POINT('',(4.15E0,1.181059925352E-2,-7.879460562605E-1));
#13583=CARTESIAN_POINT('',(4.15E0,2.187914204870E-2,-7.601816866136E-1));
#13584=CARTESIAN_POINT('',(4.15E0,3.334034718572E-2,-7.285770003650E-1));
#13585=CARTESIAN_POINT('',(4.15E0,4.340888998090E-2,-7.008126307181E-1));
#13586=CARTESIAN_POINT('',(4.15E0,4.480155232273E-2,-6.969723141163E-1));
#13588=DIRECTION('',(1.E0,0.E0,0.E0));
#13589=VECTOR('',#13588,1.E0);
#13590=SURFACE_OF_LINEAR_EXTRUSION('',#13587,#13589);
#13591=ORIENTED_EDGE('',*,*,#6135,.F.);
#13593=ORIENTED_EDGE('',*,*,#13592,.T.);
#13594=ORIENTED_EDGE('',*,*,#12249,.T.);
#13595=ORIENTED_EDGE('',*,*,#13574,.F.);
#13596=EDGE_LOOP('',(#13591,#13593,#13594,#13595));
#13597=FACE_OUTER_BOUND('',#13596,.F.);
#13599=CARTESIAN_POINT('',(4.15E0,2.836844963072E-2,-7.084932639216E-1));
#13600=CARTESIAN_POINT('',(4.15E0,3.245348818623E-2,-7.084932639216E-1));
#13601=CARTESIAN_POINT('',(4.15E0,4.231486654515E-2,-7.084932639216E-1));
#13602=CARTESIAN_POINT('',(4.15E0,5.626128345958E-2,-7.084932639216E-1));
#13603=CARTESIAN_POINT('',(4.15E0,6.612266181850E-2,-7.084932639216E-1));
#13604=CARTESIAN_POINT('',(4.15E0,7.020770037401E-2,-7.084932639216E-1));
#13606=DIRECTION('',(1.E0,0.E0,0.E0));
#13607=VECTOR('',#13606,1.E0);
#13608=SURFACE_OF_LINEAR_EXTRUSION('',#13605,#13607);
#13609=ORIENTED_EDGE('',*,*,#6133,.F.);
#13611=ORIENTED_EDGE('',*,*,#13610,.T.);
#13612=ORIENTED_EDGE('',*,*,#12251,.T.);
#13613=ORIENTED_EDGE('',*,*,#13592,.F.);
#13614=EDGE_LOOP('',(#13609,#13611,#13612,#13613));
#13615=FACE_OUTER_BOUND('',#13614,.F.);
#13617=CARTESIAN_POINT('',(4.15E0,6.244773268922E-2,-6.970923207754E-1));
#13618=CARTESIAN_POINT('',(4.15E0,6.094935002864E-2,-7.008926351574E-1));
#13619=CARTESIAN_POINT('',(4.15E0,4.503285935429E-2,-7.412612739658E-1));
#13620=CARTESIAN_POINT('',(4.15E0,2.761798601937E-2,-7.854302271562E-1));
#13621=CARTESIAN_POINT('',(4.15E0,1.170149534502E-2,-8.257988659646E-1));
#13622=CARTESIAN_POINT('',(4.15E0,1.020311268444E-2,-8.295991803466E-1));
#13624=DIRECTION('',(1.E0,0.E0,0.E0));
#13625=VECTOR('',#13624,1.E0);
#13626=SURFACE_OF_LINEAR_EXTRUSION('',#13623,#13625);
#13627=ORIENTED_EDGE('',*,*,#6131,.F.);
#13629=ORIENTED_EDGE('',*,*,#13628,.T.);
#13630=ORIENTED_EDGE('',*,*,#12253,.T.);
#13631=ORIENTED_EDGE('',*,*,#13610,.F.);
#13632=EDGE_LOOP('',(#13627,#13629,#13630,#13631));
#13633=FACE_OUTER_BOUND('',#13632,.F.);
#13635=CARTESIAN_POINT('',(4.15E0,1.663588934920E-2,-8.121622389378E-1));
#13636=CARTESIAN_POINT('',(4.15E0,1.616264379011E-2,-8.141182599646E-1));
#13637=CARTESIAN_POINT('',(4.15E0,1.101491620797E-2,-8.301339777434E-1));
#13638=CARTESIAN_POINT('',(4.15E0,-7.324940525049E-3,-8.513260495183E-1));
#13639=CARTESIAN_POINT('',(4.15E0,-2.876461807451E-2,-8.480384403648E-1));
#13640=CARTESIAN_POINT('',(4.15E0,-3.402430003256E-2,-8.459743173028E-1));
#13641=CARTESIAN_POINT('',(4.15E0,-3.580529347240E-2,-8.451274612993E-1));
#13643=DIRECTION('',(1.E0,0.E0,0.E0));
#13644=VECTOR('',#13643,1.E0);
#13645=SURFACE_OF_LINEAR_EXTRUSION('',#13642,#13644);
#13646=ORIENTED_EDGE('',*,*,#6129,.T.);
#13648=ORIENTED_EDGE('',*,*,#13647,.T.);
#13649=ORIENTED_EDGE('',*,*,#12255,.T.);
#13650=ORIENTED_EDGE('',*,*,#13628,.F.);
#13651=EDGE_LOOP('',(#13646,#13648,#13649,#13650));
#13652=FACE_OUTER_BOUND('',#13651,.F.);
#13654=CARTESIAN_POINT('',(4.15E0,-3.009111430761E-2,-8.476275514262E-1));
#13655=CARTESIAN_POINT('',(4.15E0,-3.009111430761E-2,-8.475283985067E-1));
#13656=CARTESIAN_POINT('',(4.15E0,-3.009111430761E-2,-8.424715996137E-1));
#13657=CARTESIAN_POINT('',(4.15E0,-3.009111430761E-2,-8.373156478012E-1));
#13658=CARTESIAN_POINT('',(4.15E0,-3.009111430761E-2,-8.322588489081E-1));
#13659=CARTESIAN_POINT('',(4.15E0,-3.009111430761E-2,-8.321596959886E-1));
#13661=DIRECTION('',(1.E0,0.E0,0.E0));
#13662=VECTOR('',#13661,1.E0);
#13663=SURFACE_OF_LINEAR_EXTRUSION('',#13660,#13662);
#13664=ORIENTED_EDGE('',*,*,#6127,.F.);
#13666=ORIENTED_EDGE('',*,*,#13665,.T.);
#13667=ORIENTED_EDGE('',*,*,#12257,.T.);
#13668=ORIENTED_EDGE('',*,*,#13647,.F.);
#13669=EDGE_LOOP('',(#13664,#13666,#13667,#13668));
#13670=FACE_OUTER_BOUND('',#13669,.F.);
#13672=CARTESIAN_POINT('',(4.15E0,-3.572712866432E-2,-8.299759541105E-1));
#13673=CARTESIAN_POINT('',(4.15E0,-3.403191636418E-2,-8.307336664176E-1));
#13674=CARTESIAN_POINT('',(4.15E0,-2.930222658484E-2,-8.330109333733E-1));
#13675=CARTESIAN_POINT('',(4.15E0,-1.649126309747E-2,-8.366815251203E-1));
#13676=CARTESIAN_POINT('',(4.15E0,-4.334338171944E-3,-8.258720418239E-1));
#13677=CARTESIAN_POINT('',(4.15E0,-2.248272536512E-3,-8.171773321154E-1));
#13678=CARTESIAN_POINT('',(4.15E0,-2.209522464674E-3,-8.153702188915E-1));
#13680=DIRECTION('',(1.E0,0.E0,0.E0));
#13681=VECTOR('',#13680,1.E0);
#13682=SURFACE_OF_LINEAR_EXTRUSION('',#13679,#13681);
#13683=ORIENTED_EDGE('',*,*,#6125,.T.);
#13685=ORIENTED_EDGE('',*,*,#13684,.T.);
#13686=ORIENTED_EDGE('',*,*,#12259,.T.);
#13687=ORIENTED_EDGE('',*,*,#13665,.F.);
#13688=EDGE_LOOP('',(#13683,#13685,#13686,#13687));
#13689=FACE_OUTER_BOUND('',#13688,.F.);
#13691=CARTESIAN_POINT('',(4.15E0,-8.260097439156E-3,-8.322131634780E-1));
#13692=CARTESIAN_POINT('',(4.15E0,-6.667919899057E-3,-8.284511811972E-1));
#13693=CARTESIAN_POINT('',(4.15E0,-2.631031615182E-3,-8.189128591126E-1));
#13694=CARTESIAN_POINT('',(4.15E0,2.998034208792E-3,-8.056125547472E-1));
#13695=CARTESIAN_POINT('',(4.15E0,7.034922492667E-3,-7.960742326626E-1));
#13696=CARTESIAN_POINT('',(4.15E0,8.627100032766E-3,-7.923122503818E-1));
#13698=DIRECTION('',(1.E0,0.E0,0.E0));
#13699=VECTOR('',#13698,1.E0);
#13700=SURFACE_OF_LINEAR_EXTRUSION('',#13697,#13699);
#13701=ORIENTED_EDGE('',*,*,#6123,.F.);
#13703=ORIENTED_EDGE('',*,*,#13702,.T.);
#13704=ORIENTED_EDGE('',*,*,#12261,.T.);
#13705=ORIENTED_EDGE('',*,*,#13684,.F.);
#13706=EDGE_LOOP('',(#13701,#13703,#13704,#13705));
#13707=FACE_OUTER_BOUND('',#13706,.F.);
#13709=CARTESIAN_POINT('',(4.15E0,8.334210815131E-3,-8.150036696754E-1));
#13710=CARTESIAN_POINT('',(4.15E0,6.839663014244E-3,-8.112018455250E-1));
#13711=CARTESIAN_POINT('',(4.15E0,-7.117224205506E-3,-7.756983769404E-1));
#13712=CARTESIAN_POINT('',(4.15E0,-2.256865922614E-2,-7.363930842053E-1));
#13713=CARTESIAN_POINT('',(4.15E0,-3.652554644589E-2,-7.008896156207E-1));
#13714=CARTESIAN_POINT('',(4.15E0,-3.802009424678E-2,-6.970877914702E-1));
#13716=DIRECTION('',(1.E0,0.E0,0.E0));
#13717=VECTOR('',#13716,1.E0);
#13718=SURFACE_OF_LINEAR_EXTRUSION('',#13715,#13717);
#13719=ORIENTED_EDGE('',*,*,#6121,.F.);
#13721=ORIENTED_EDGE('',*,*,#13720,.T.);
#13722=ORIENTED_EDGE('',*,*,#12263,.T.);
#13723=ORIENTED_EDGE('',*,*,#13702,.F.);
#13724=EDGE_LOOP('',(#13719,#13721,#13722,#13723));
#13725=FACE_OUTER_BOUND('',#13724,.F.);
#13727=CARTESIAN_POINT('',(4.15E0,-4.579156651065E-2,-7.084932639216E-1));
#13728=CARTESIAN_POINT('',(4.15E0,-4.170652795514E-2,-7.084932639216E-1));
#13729=CARTESIAN_POINT('',(4.15E0,-3.139031969020E-2,-7.084932639216E-1));
#13730=CARTESIAN_POINT('',(4.15E0,-1.698907286974E-2,-7.084932639216E-1));
#13731=CARTESIAN_POINT('',(4.15E0,-6.672864604801E-3,-7.084932639216E-1));
#13732=CARTESIAN_POINT('',(4.15E0,-2.587826049291E-3,-7.084932639216E-1));
#13734=DIRECTION('',(1.E0,0.E0,0.E0));
#13735=VECTOR('',#13734,1.E0);
#13736=SURFACE_OF_LINEAR_EXTRUSION('',#13733,#13735);
#13737=ORIENTED_EDGE('',*,*,#6119,.F.);
#13739=ORIENTED_EDGE('',*,*,#13738,.T.);
#13740=ORIENTED_EDGE('',*,*,#12265,.T.);
#13741=ORIENTED_EDGE('',*,*,#13720,.F.);
#13742=EDGE_LOOP('',(#13737,#13739,#13740,#13741));
#13743=FACE_OUTER_BOUND('',#13742,.F.);
#13745=CARTESIAN_POINT('',(4.15E0,-1.886686194425E-2,-6.969176029903E-1));
#13746=CARTESIAN_POINT('',(4.15E0,-1.752555520144E-2,-7.007761566341E-1));
#13747=CARTESIAN_POINT('',(4.15E0,-7.883602677866E-3,-7.285132803324E-1));
#13748=CARTESIAN_POINT('',(4.15E0,3.099656588516E-3,-7.601089576744E-1));
#13749=CARTESIAN_POINT('',(4.15E0,1.274160911209E-2,-7.878460813728E-1));
#13750=CARTESIAN_POINT('',(4.15E0,1.408291585490E-2,-7.917046350165E-1));
#13752=DIRECTION('',(1.E0,0.E0,0.E0));
#13753=VECTOR('',#13752,1.E0);
#13754=SURFACE_OF_LINEAR_EXTRUSION('',#13751,#13753);
#13755=ORIENTED_EDGE('',*,*,#6117,.F.);
#13756=ORIENTED_EDGE('',*,*,#13558,.T.);
#13757=ORIENTED_EDGE('',*,*,#12267,.T.);
#13758=ORIENTED_EDGE('',*,*,#13738,.F.);
#13759=EDGE_LOOP('',(#13755,#13756,#13757,#13758));
#13760=FACE_OUTER_BOUND('',#13759,.F.);
#13762=CARTESIAN_POINT('',(4.15E0,1.477360081131E-1,-8.038028706821E-1));
#13763=DIRECTION('',(0.E0,1.E0,0.E0));
#13764=DIRECTION('',(0.E0,0.E0,1.E0));
#13765=AXIS2_PLACEMENT_3D('',#13762,#13763,#13764);
#13766=PLANE('',#13765);
#13767=ORIENTED_EDGE('',*,*,#6141,.F.);
#13769=ORIENTED_EDGE('',*,*,#13768,.T.);
#13770=ORIENTED_EDGE('',*,*,#12284,.T.);
#13772=ORIENTED_EDGE('',*,*,#13771,.F.);
#13773=EDGE_LOOP('',(#13767,#13769,#13770,#13772));
#13774=FACE_OUTER_BOUND('',#13773,.F.);
#13776=CARTESIAN_POINT('',(4.15E0,7.596384897765E-2,-8.038028706821E-1));
#13777=DIRECTION('',(0.E0,0.E0,-1.E0));
#13778=DIRECTION('',(0.E0,1.E0,0.E0));
#13779=AXIS2_PLACEMENT_3D('',#13776,#13777,#13778);
#13780=PLANE('',#13779);
#13781=ORIENTED_EDGE('',*,*,#6163,.F.);
#13783=ORIENTED_EDGE('',*,*,#13782,.T.);
#13784=ORIENTED_EDGE('',*,*,#12286,.T.);
#13785=ORIENTED_EDGE('',*,*,#13768,.F.);
#13786=EDGE_LOOP('',(#13781,#13783,#13784,#13785));
#13787=FACE_OUTER_BOUND('',#13786,.F.);
#13789=CARTESIAN_POINT('',(4.15E0,7.596384897765E-2,-6.703557763201E-1));
#13790=DIRECTION('',(0.E0,-1.E0,0.E0));
#13791=DIRECTION('',(0.E0,0.E0,-1.E0));
#13792=AXIS2_PLACEMENT_3D('',#13789,#13790,#13791);
#13793=PLANE('',#13792);
#13794=ORIENTED_EDGE('',*,*,#6161,.F.);
#13796=ORIENTED_EDGE('',*,*,#13795,.T.);
#13797=ORIENTED_EDGE('',*,*,#12288,.T.);
#13798=ORIENTED_EDGE('',*,*,#13782,.F.);
#13799=EDGE_LOOP('',(#13794,#13796,#13797,#13798));
#13800=FACE_OUTER_BOUND('',#13799,.F.);
#13802=CARTESIAN_POINT('',(4.15E0,1.447000184913E-1,-6.703557763201E-1));
#13803=DIRECTION('',(0.E0,0.E0,1.E0));
#13804=DIRECTION('',(0.E0,-1.E0,0.E0));
#13805=AXIS2_PLACEMENT_3D('',#13802,#13803,#13804);
#13806=PLANE('',#13805);
#13807=ORIENTED_EDGE('',*,*,#6159,.F.);
#13809=ORIENTED_EDGE('',*,*,#13808,.T.);
#13810=ORIENTED_EDGE('',*,*,#12290,.T.);
#13811=ORIENTED_EDGE('',*,*,#13795,.F.);
#13812=EDGE_LOOP('',(#13807,#13809,#13810,#13811));
#13813=FACE_OUTER_BOUND('',#13812,.F.);
#13815=CARTESIAN_POINT('',(4.15E0,1.447000184913E-1,-6.857062856404E-1));
#13816=DIRECTION('',(0.E0,1.E0,0.E0));
#13817=DIRECTION('',(0.E0,0.E0,1.E0));
#13818=AXIS2_PLACEMENT_3D('',#13815,#13816,#13817);
#13819=PLANE('',#13818);
#13820=ORIENTED_EDGE('',*,*,#6157,.F.);
#13822=ORIENTED_EDGE('',*,*,#13821,.T.);
#13823=ORIENTED_EDGE('',*,*,#12292,.T.);
#13824=ORIENTED_EDGE('',*,*,#13808,.F.);
#13825=EDGE_LOOP('',(#13820,#13822,#13823,#13824));
#13826=FACE_OUTER_BOUND('',#13825,.F.);
#13828=CARTESIAN_POINT('',(4.15E0,9.319053165978E-2,-6.857062856404E-1));
#13829=DIRECTION('',(0.E0,0.E0,-1.E0));
#13830=DIRECTION('',(0.E0,1.E0,0.E0));
#13831=AXIS2_PLACEMENT_3D('',#13828,#13829,#13830);
#13832=PLANE('',#13831);
#13833=ORIENTED_EDGE('',*,*,#6155,.F.);
#13835=ORIENTED_EDGE('',*,*,#13834,.T.);
#13836=ORIENTED_EDGE('',*,*,#12294,.T.);
#13837=ORIENTED_EDGE('',*,*,#13821,.F.);
#13838=EDGE_LOOP('',(#13833,#13835,#13836,#13837));
#13839=FACE_OUTER_BOUND('',#13838,.F.);
#13841=CARTESIAN_POINT('',(4.15E0,9.319053165978E-2,-7.284148137958E-1));
#13842=DIRECTION('',(0.E0,1.E0,0.E0));
#13843=DIRECTION('',(0.E0,0.E0,1.E0));
#13844=AXIS2_PLACEMENT_3D('',#13841,#13842,#13843);
#13845=PLANE('',#13844);
#13846=ORIENTED_EDGE('',*,*,#6153,.F.);
#13848=ORIENTED_EDGE('',*,*,#13847,.T.);
#13849=ORIENTED_EDGE('',*,*,#12296,.T.);
#13850=ORIENTED_EDGE('',*,*,#13834,.F.);
#13851=EDGE_LOOP('',(#13846,#13848,#13849,#13850));
#13852=FACE_OUTER_BOUND('',#13851,.F.);
#13854=CARTESIAN_POINT('',(4.15E0,1.409135595255E-1,-7.284148137958E-1));
#13855=DIRECTION('',(0.E0,0.E0,1.E0));
#13856=DIRECTION('',(0.E0,-1.E0,0.E0));
#13857=AXIS2_PLACEMENT_3D('',#13854,#13855,#13856);
#13858=PLANE('',#13857);
#13859=ORIENTED_EDGE('',*,*,#6151,.F.);
#13861=ORIENTED_EDGE('',*,*,#13860,.T.);
#13862=ORIENTED_EDGE('',*,*,#12298,.T.);
#13863=ORIENTED_EDGE('',*,*,#13847,.F.);
#13864=EDGE_LOOP('',(#13859,#13861,#13862,#13863));
#13865=FACE_OUTER_BOUND('',#13864,.F.);
#13867=CARTESIAN_POINT('',(4.15E0,1.409135595255E-1,-7.436970986307E-1));
#13868=DIRECTION('',(0.E0,1.E0,0.E0));
#13869=DIRECTION('',(0.E0,0.E0,1.E0));
#13870=AXIS2_PLACEMENT_3D('',#13867,#13868,#13869);
#13871=PLANE('',#13870);
#13872=ORIENTED_EDGE('',*,*,#6149,.F.);
#13874=ORIENTED_EDGE('',*,*,#13873,.T.);
#13875=ORIENTED_EDGE('',*,*,#12300,.T.);
#13876=ORIENTED_EDGE('',*,*,#13860,.F.);
#13877=EDGE_LOOP('',(#13872,#13874,#13875,#13876));
#13878=FACE_OUTER_BOUND('',#13877,.F.);
#13880=CARTESIAN_POINT('',(4.15E0,9.319053165978E-2,-7.436970986307E-1));
#13881=DIRECTION('',(0.E0,0.E0,-1.E0));
#13882=DIRECTION('',(0.E0,1.E0,0.E0));
#13883=AXIS2_PLACEMENT_3D('',#13880,#13881,#13882);
#13884=PLANE('',#13883);
#13885=ORIENTED_EDGE('',*,*,#6147,.F.);
#13887=ORIENTED_EDGE('',*,*,#13886,.T.);
#13888=ORIENTED_EDGE('',*,*,#12302,.T.);
#13889=ORIENTED_EDGE('',*,*,#13873,.F.);
#13890=EDGE_LOOP('',(#13885,#13887,#13888,#13889));
#13891=FACE_OUTER_BOUND('',#13890,.F.);
#13893=CARTESIAN_POINT('',(4.15E0,9.319053165978E-2,-7.885888103326E-1));
#13894=DIRECTION('',(0.E0,1.E0,0.E0));
#13895=DIRECTION('',(0.E0,0.E0,1.E0));
#13896=AXIS2_PLACEMENT_3D('',#13893,#13894,#13895);
#13897=PLANE('',#13896);
#13898=ORIENTED_EDGE('',*,*,#6145,.F.);
#13900=ORIENTED_EDGE('',*,*,#13899,.T.);
#13901=ORIENTED_EDGE('',*,*,#12304,.T.);
#13902=ORIENTED_EDGE('',*,*,#13886,.F.);
#13903=EDGE_LOOP('',(#13898,#13900,#13901,#13902));
#13904=FACE_OUTER_BOUND('',#13903,.F.);
#13906=CARTESIAN_POINT('',(4.15E0,1.477360081131E-1,-7.885888103326E-1));
#13907=DIRECTION('',(0.E0,0.E0,1.E0));
#13908=DIRECTION('',(0.E0,-1.E0,0.E0));
#13909=AXIS2_PLACEMENT_3D('',#13906,#13907,#13908);
#13910=PLANE('',#13909);
#13911=ORIENTED_EDGE('',*,*,#6143,.F.);
#13912=ORIENTED_EDGE('',*,*,#13771,.T.);
#13913=ORIENTED_EDGE('',*,*,#12306,.T.);
#13914=ORIENTED_EDGE('',*,*,#13899,.F.);
#13915=EDGE_LOOP('',(#13911,#13912,#13913,#13914));
#13916=FACE_OUTER_BOUND('',#13915,.F.);
#13918=CARTESIAN_POINT('',(4.15E0,2.225870895646E-1,-6.857062856404E-1));
#13919=CARTESIAN_POINT('',(4.15E0,2.185020510091E-1,-6.857062856404E-1));
#13920=CARTESIAN_POINT('',(4.15E0,2.076969005955E-1,-6.857062856404E-1));
#13921=CARTESIAN_POINT('',(4.15E0,1.928067116263E-1,-6.857062856404E-1));
#13922=CARTESIAN_POINT('',(4.15E0,1.820015612126E-1,-6.857062856404E-1));
#13923=CARTESIAN_POINT('',(4.15E0,1.779165226571E-1,-6.857062856404E-1));
#13925=DIRECTION('',(1.E0,0.E0,0.E0));
#13926=VECTOR('',#13925,1.E0);
#13927=SURFACE_OF_LINEAR_EXTRUSION('',#13924,#13926);
#13928=ORIENTED_EDGE('',*,*,#6330,.F.);
#13930=ORIENTED_EDGE('',*,*,#13929,.T.);
#13931=ORIENTED_EDGE('',*,*,#12333,.T.);
#13933=ORIENTED_EDGE('',*,*,#13932,.F.);
#13934=EDGE_LOOP('',(#13928,#13930,#13931,#13933));
#13935=FACE_OUTER_BOUND('',#13934,.F.);
#13937=CARTESIAN_POINT('',(4.15E0,1.901716383236E-1,-6.734511699739E-1));
#13938=CARTESIAN_POINT('',(4.15E0,1.901716383236E-1,-6.775362085294E-1));
#13939=CARTESIAN_POINT('',(4.15E0,1.901716383238E-1,-7.159154219823E-1));
#13940=CARTESIAN_POINT('',(4.15E0,1.901716383240E-1,-7.583796739907E-1));
#13941=CARTESIAN_POINT('',(4.15E0,1.901716383241E-1,-7.967588874436E-1));
#13942=CARTESIAN_POINT('',(4.15E0,1.901716383241E-1,-8.008439259991E-1));
#13944=DIRECTION('',(1.E0,0.E0,0.E0));
#13945=VECTOR('',#13944,1.E0);
#13946=SURFACE_OF_LINEAR_EXTRUSION('',#13943,#13945);
#13947=ORIENTED_EDGE('',*,*,#6336,.F.);
#13949=ORIENTED_EDGE('',*,*,#13948,.T.);
#13950=ORIENTED_EDGE('',*,*,#12335,.T.);
#13951=ORIENTED_EDGE('',*,*,#13929,.F.);
#13952=EDGE_LOOP('',(#13947,#13949,#13950,#13951));
#13953=FACE_OUTER_BOUND('',#13952,.F.);
#13955=CARTESIAN_POINT('',(4.15E0,1.779165226576E-1,-7.885888103326E-1));
#13956=CARTESIAN_POINT('',(4.15E0,1.820015612131E-1,-7.885888103326E-1));
#13957=CARTESIAN_POINT('',(4.15E0,1.925451844309E-1,-7.885888103326E-1));
#13958=CARTESIAN_POINT('',(4.15E0,2.071738462042E-1,-7.885888103326E-1));
#13959=CARTESIAN_POINT('',(4.15E0,2.177174694220E-1,-7.885888103326E-1));
#13960=CARTESIAN_POINT('',(4.15E0,2.218025079775E-1,-7.885888103326E-1));
#13962=DIRECTION('',(1.E0,0.E0,0.E0));
#13963=VECTOR('',#13962,1.E0);
#13964=SURFACE_OF_LINEAR_EXTRUSION('',#13961,#13963);
#13965=ORIENTED_EDGE('',*,*,#6334,.F.);
#13967=ORIENTED_EDGE('',*,*,#13966,.T.);
#13968=ORIENTED_EDGE('',*,*,#12337,.T.);
#13969=ORIENTED_EDGE('',*,*,#13948,.F.);
#13970=EDGE_LOOP('',(#13965,#13967,#13968,#13969));
#13971=FACE_OUTER_BOUND('',#13970,.F.);
#13973=CARTESIAN_POINT('',(4.15E0,2.032903291745E-1,-7.882957911491E-1));
#13974=CARTESIAN_POINT('',(4.15E0,2.053226648322E-1,-7.884898751027E-1));
#13975=CARTESIAN_POINT('',(4.15E0,2.211899603938E-1,-7.892395439883E-1));
#13976=CARTESIAN_POINT('',(4.15E0,2.545067127880E-1,-7.800985557546E-1));
#13977=CARTESIAN_POINT('',(4.15E0,2.680656089976E-1,-7.362233003646E-1));
#13978=CARTESIAN_POINT('',(4.15E0,2.540323654132E-1,-6.928238305725E-1));
#13979=CARTESIAN_POINT('',(4.15E0,2.215300979165E-1,-6.851631958616E-1));
#13980=CARTESIAN_POINT('',(4.15E0,2.062571677293E-1,-6.857889932617E-1));
#13981=CARTESIAN_POINT('',(4.15E0,2.043006922077E-1,-6.859478569762E-1));
#13983=DIRECTION('',(1.E0,0.E0,0.E0));
#13984=VECTOR('',#13983,1.E0);
#13985=SURFACE_OF_LINEAR_EXTRUSION('',#13982,#13984);
#13986=ORIENTED_EDGE('',*,*,#6332,.T.);
#13987=ORIENTED_EDGE('',*,*,#13932,.T.);
#13988=ORIENTED_EDGE('',*,*,#12339,.T.);
#13989=ORIENTED_EDGE('',*,*,#13966,.F.);
#13990=EDGE_LOOP('',(#13986,#13987,#13988,#13989));
#13991=FACE_OUTER_BOUND('',#13990,.F.);
#13993=CARTESIAN_POINT('',(4.15E0,2.219048447074E-1,-8.038028706821E-1));
#13994=CARTESIAN_POINT('',(4.15E0,2.178198061519E-1,-8.038028706821E-1));
#13995=CARTESIAN_POINT('',(4.15E0,2.014998431302E-1,-8.038028706821E-1));
#13996=CARTESIAN_POINT('',(4.15E0,1.810948415531E-1,-8.038028706821E-1));
#13997=CARTESIAN_POINT('',(4.15E0,1.647748785314E-1,-8.038028706821E-1));
#13998=CARTESIAN_POINT('',(4.15E0,1.606898399759E-1,-8.038028706821E-1));
#14000=DIRECTION('',(1.E0,0.E0,0.E0));
#14001=VECTOR('',#14000,1.E0);
#14002=SURFACE_OF_LINEAR_EXTRUSION('',#13999,#14001);
#14003=ORIENTED_EDGE('',*,*,#6167,.F.);
#14005=ORIENTED_EDGE('',*,*,#14004,.T.);
#14006=ORIENTED_EDGE('',*,*,#12323,.T.);
#14008=ORIENTED_EDGE('',*,*,#14007,.F.);
#14009=EDGE_LOOP('',(#14003,#14005,#14006,#14008));
#14010=FACE_OUTER_BOUND('',#14009,.F.);
#14012=CARTESIAN_POINT('',(4.15E0,1.729449556425E-1,-8.160579863486E-1));
#14013=CARTESIAN_POINT('',(4.15E0,1.729449556425E-1,-8.119729477931E-1));
#14014=CARTESIAN_POINT('',(4.15E0,1.729449556423E-1,-7.634055444503E-1));
#14015=CARTESIAN_POINT('',(4.15E0,1.729449556421E-1,-7.107531025519E-1));
#14016=CARTESIAN_POINT('',(4.15E0,1.729449556419E-1,-6.621856992090E-1));
#14017=CARTESIAN_POINT('',(4.15E0,1.729449556419E-1,-6.581006606535E-1));
#14019=DIRECTION('',(1.E0,0.E0,0.E0));
#14020=VECTOR('',#14019,1.E0);
#14021=SURFACE_OF_LINEAR_EXTRUSION('',#14018,#14020);
#14022=ORIENTED_EDGE('',*,*,#6173,.F.);
#14024=ORIENTED_EDGE('',*,*,#14023,.T.);
#14025=ORIENTED_EDGE('',*,*,#12325,.T.);
#14026=ORIENTED_EDGE('',*,*,#14004,.F.);
#14027=EDGE_LOOP('',(#14022,#14024,#14025,#14026));
#14028=FACE_OUTER_BOUND('',#14027,.F.);
#14030=CARTESIAN_POINT('',(4.15E0,1.606898399754E-1,-6.703557763201E-1));
#14031=CARTESIAN_POINT('',(4.15E0,1.647748785310E-1,-6.703557763201E-1));
#14032=CARTESIAN_POINT('',(4.15E0,1.815496714582E-1,-6.703557763201E-1));
#14033=CARTESIAN_POINT('',(4.15E0,2.024095029409E-1,-6.703557763201E-1));
#14034=CARTESIAN_POINT('',(4.15E0,2.191842958682E-1,-6.703557763201E-1));
#14035=CARTESIAN_POINT('',(4.15E0,2.232693344237E-1,-6.703557763201E-1));
#14037=DIRECTION('',(1.E0,0.E0,0.E0));
#14038=VECTOR('',#14037,1.E0);
#14039=SURFACE_OF_LINEAR_EXTRUSION('',#14036,#14038);
#14040=ORIENTED_EDGE('',*,*,#6171,.F.);
#14042=ORIENTED_EDGE('',*,*,#14041,.T.);
#14043=ORIENTED_EDGE('',*,*,#12327,.T.);
#14044=ORIENTED_EDGE('',*,*,#14023,.F.);
#14045=EDGE_LOOP('',(#14040,#14042,#14043,#14044));
#14046=FACE_OUTER_BOUND('',#14045,.F.);
#14048=CARTESIAN_POINT('',(4.15E0,2.047442750107E-1,-6.705881495916E-1));
#14049=CARTESIAN_POINT('',(4.15E0,2.068038264599E-1,-6.704338297540E-1));
#14050=CARTESIAN_POINT('',(4.15E0,2.265328206015E-1,-6.696985256805E-1));
#14051=CARTESIAN_POINT('',(4.15E0,2.668456720875E-1,-6.812165642156E-1));
#14052=CARTESIAN_POINT('',(4.15E0,2.887499976380E-1,-7.360567163471E-1));
#14053=CARTESIAN_POINT('',(4.15E0,2.672908641434E-1,-7.919681467301E-1));
#14054=CARTESIAN_POINT('',(4.15E0,2.257632687127E-1,-8.044802590438E-1));
#14055=CARTESIAN_POINT('',(4.15E0,2.055200599723E-1,-8.037263346427E-1));
#14056=CARTESIAN_POINT('',(4.15E0,2.034960116693E-1,-8.035742833032E-1));
#14058=DIRECTION('',(1.E0,0.E0,0.E0));
#14059=VECTOR('',#14058,1.E0);
#14060=SURFACE_OF_LINEAR_EXTRUSION('',#14057,#14059);
#14061=ORIENTED_EDGE('',*,*,#6169,.T.);
#14062=ORIENTED_EDGE('',*,*,#14007,.T.);
#14063=ORIENTED_EDGE('',*,*,#12329,.T.);
#14064=ORIENTED_EDGE('',*,*,#14041,.F.);
#14065=EDGE_LOOP('',(#14061,#14062,#14063,#14064));
#14066=FACE_OUTER_BOUND('',#14065,.F.);
#14068=CARTESIAN_POINT('',(4.15E0,3.510069691199E-1,-6.969400315075E-1));
#14069=CARTESIAN_POINT('',(4.15E0,3.509853736473E-1,-6.968796256413E-1));
#14070=CARTESIAN_POINT('',(4.15E0,3.498917969877E-1,-6.937961624454E-1));
#14071=CARTESIAN_POINT('',(4.15E0,3.491771991357E-1,-6.905112462967E-1));
#14072=CARTESIAN_POINT('',(4.15E0,3.486343986546E-1,-6.872853954106E-1));
#14073=CARTESIAN_POINT('',(4.15E0,3.486238144705E-1,-6.872221428855E-1));
#14075=DIRECTION('',(1.E0,0.E0,0.E0));
#14076=VECTOR('',#14075,1.E0);
#14077=SURFACE_OF_LINEAR_EXTRUSION('',#14074,#14076);
#14078=ORIENTED_EDGE('',*,*,#6353,.T.);
#14080=ORIENTED_EDGE('',*,*,#14079,.T.);
#14081=ORIENTED_EDGE('',*,*,#12374,.T.);
#14083=ORIENTED_EDGE('',*,*,#14082,.F.);
#14084=EDGE_LOOP('',(#14078,#14080,#14081,#14083));
#14085=FACE_OUTER_BOUND('',#14084,.F.);
#14087=CARTESIAN_POINT('',(4.15E0,3.486861351084E-1,-6.872214040542E-1));
#14088=CARTESIAN_POINT('',(4.15E0,3.486760985585E-1,-6.872849065704E-1));
#14089=CARTESIAN_POINT('',(4.15E0,3.481594989582E-1,-6.905233187036E-1));
#14090=CARTESIAN_POINT('',(4.15E0,3.473833873217E-1,-6.938110770088E-1));
#14091=CARTESIAN_POINT('',(4.15E0,3.462239468564E-1,-6.968790242079E-1));
#14092=CARTESIAN_POINT('',(4.15E0,3.462010584323E-1,-6.969391187362E-1));
#14094=DIRECTION('',(1.E0,0.E0,0.E0));
#14095=VECTOR('',#14094,1.E0);
#14096=SURFACE_OF_LINEAR_EXTRUSION('',#14093,#14095);
#14097=ORIENTED_EDGE('',*,*,#6361,.T.);
#14099=ORIENTED_EDGE('',*,*,#14098,.T.);
#14100=ORIENTED_EDGE('',*,*,#12376,.T.);
#14101=ORIENTED_EDGE('',*,*,#14079,.F.);
#14102=EDGE_LOOP('',(#14097,#14099,#14100,#14101));
#14103=FACE_OUTER_BOUND('',#14102,.F.);
#14105=CARTESIAN_POINT('',(4.15E0,3.504180479966E-1,-6.852271548463E-1));
#14106=CARTESIAN_POINT('',(4.15E0,3.490351193292E-1,-6.890709873480E-1));
#14107=CARTESIAN_POINT('',(4.15E0,3.410003032898E-1,-7.114036555203E-1));
#14108=CARTESIAN_POINT('',(4.15E0,3.315825585831E-1,-7.375801561943E-1));
#14109=CARTESIAN_POINT('',(4.15E0,3.235477425437E-1,-7.599128243667E-1));
#14110=CARTESIAN_POINT('',(4.15E0,3.221648138763E-1,-7.637566568683E-1));
#14112=DIRECTION('',(1.E0,0.E0,0.E0));
#14113=VECTOR('',#14112,1.E0);
#14114=SURFACE_OF_LINEAR_EXTRUSION('',#14111,#14113);
#14115=ORIENTED_EDGE('',*,*,#6359,.F.);
#14117=ORIENTED_EDGE('',*,*,#14116,.T.);
#14118=ORIENTED_EDGE('',*,*,#12378,.T.);
#14119=ORIENTED_EDGE('',*,*,#14098,.F.);
#14120=EDGE_LOOP('',(#14115,#14117,#14118,#14119));
#14121=FACE_OUTER_BOUND('',#14120,.F.);
#14123=CARTESIAN_POINT('',(4.15E0,3.140584842121E-1,-7.522251593634E-1));
#14124=CARTESIAN_POINT('',(4.15E0,3.181435227677E-1,-7.522251593634E-1));
#14125=CARTESIAN_POINT('',(4.15E0,3.371583529811E-1,-7.522251593634E-1));
#14126=CARTESIAN_POINT('',(4.15E0,3.602582217500E-1,-7.522251593634E-1));
#14127=CARTESIAN_POINT('',(4.15E0,3.792730519635E-1,-7.522251593634E-1));
#14128=CARTESIAN_POINT('',(4.15E0,3.833580905190E-1,-7.522251593634E-1));
#14130=DIRECTION('',(1.E0,0.E0,0.E0));
#14131=VECTOR('',#14130,1.E0);
#14132=SURFACE_OF_LINEAR_EXTRUSION('',#14129,#14131);
#14133=ORIENTED_EDGE('',*,*,#6357,.F.);
#14135=ORIENTED_EDGE('',*,*,#14134,.T.);
#14136=ORIENTED_EDGE('',*,*,#12380,.T.);
#14137=ORIENTED_EDGE('',*,*,#14116,.F.);
#14138=EDGE_LOOP('',(#14133,#14135,#14136,#14137));
#14139=FACE_OUTER_BOUND('',#14138,.F.);
#14141=CARTESIAN_POINT('',(4.15E0,3.752893693098E-1,-7.637430568038E-1));
#14142=CARTESIAN_POINT('',(4.15E0,3.738939044907E-1,-7.599037576570E-1));
#14143=CARTESIAN_POINT('',(4.15E0,3.657783278130E-1,-7.375756228395E-1));
#14144=CARTESIAN_POINT('',(4.15E0,3.562672863161E-1,-7.114081888752E-1));
#14145=CARTESIAN_POINT('',(4.15E0,3.481517096384E-1,-6.890800540577E-1));
#14146=CARTESIAN_POINT('',(4.15E0,3.467562448192E-1,-6.852407549109E-1));
#14148=DIRECTION('',(1.E0,0.E0,0.E0));
#14149=VECTOR('',#14148,1.E0);
#14150=SURFACE_OF_LINEAR_EXTRUSION('',#14147,#14149);
#14151=ORIENTED_EDGE('',*,*,#6355,.F.);
#14152=ORIENTED_EDGE('',*,*,#14082,.T.);
#14153=ORIENTED_EDGE('',*,*,#12382,.T.);
#14154=ORIENTED_EDGE('',*,*,#14134,.F.);
#14155=EDGE_LOOP('',(#14151,#14152,#14153,#14154));
#14156=FACE_OUTER_BOUND('',#14155,.F.);
#14158=CARTESIAN_POINT('',(4.15E0,4.090699012400E-1,-8.038028706821E-1));
#14159=DIRECTION('',(0.E0,9.345104387413E-1,3.559357243710E-1));
#14160=DIRECTION('',(0.E0,-3.559357243710E-1,9.345104387413E-1));
#14161=AXIS2_PLACEMENT_3D('',#14158,#14159,#14160);
#14162=PLANE('',#14161);
#14163=ORIENTED_EDGE('',*,*,#6177,.F.);
#14165=ORIENTED_EDGE('',*,*,#14164,.T.);
#14166=ORIENTED_EDGE('',*,*,#12356,.T.);
#14168=ORIENTED_EDGE('',*,*,#14167,.F.);
#14169=EDGE_LOOP('',(#14163,#14165,#14166,#14168));
#14170=FACE_OUTER_BOUND('',#14169,.F.);
#14172=CARTESIAN_POINT('',(4.15E0,3.900352696829E-1,-8.038028706821E-1));
#14173=DIRECTION('',(0.E0,0.E0,-1.E0));
#14174=DIRECTION('',(0.E0,1.E0,0.E0));
#14175=AXIS2_PLACEMENT_3D('',#14172,#14173,#14174);
#14176=PLANE('',#14175);
#14177=ORIENTED_EDGE('',*,*,#6191,.F.);
#14179=ORIENTED_EDGE('',*,*,#14178,.T.);
#14180=ORIENTED_EDGE('',*,*,#12358,.T.);
#14181=ORIENTED_EDGE('',*,*,#14164,.F.);
#14182=EDGE_LOOP('',(#14177,#14179,#14180,#14181));
#14183=FACE_OUTER_BOUND('',#14182,.F.);
#14185=CARTESIAN_POINT('',(4.15E0,3.764244847517E-1,-7.673027707412E-1));
#14186=DIRECTION('',(0.E0,-9.369753459537E-1,-3.493954794714E-1));
#14187=DIRECTION('',(0.E0,3.493954794714E-1,-9.369753459537E-1));
#14188=AXIS2_PLACEMENT_3D('',#14185,#14186,#14187);
#14189=PLANE('',#14188);
#14190=ORIENTED_EDGE('',*,*,#6189,.F.);
#14192=ORIENTED_EDGE('',*,*,#14191,.T.);
#14193=ORIENTED_EDGE('',*,*,#12360,.T.);
#14194=ORIENTED_EDGE('',*,*,#14178,.F.);
#14195=EDGE_LOOP('',(#14190,#14192,#14193,#14194));
#14196=FACE_OUTER_BOUND('',#14195,.F.);
#14198=CARTESIAN_POINT('',(4.15E0,3.208556410105E-1,-7.673027707412E-1));
#14199=DIRECTION('',(0.E0,0.E0,-1.E0));
#14200=DIRECTION('',(0.E0,1.E0,0.E0));
#14201=AXIS2_PLACEMENT_3D('',#14198,#14199,#14200);
#14202=PLANE('',#14201);
#14203=ORIENTED_EDGE('',*,*,#6187,.F.);
#14205=ORIENTED_EDGE('',*,*,#14204,.T.);
#14206=ORIENTED_EDGE('',*,*,#12362,.T.);
#14207=ORIENTED_EDGE('',*,*,#14191,.F.);
#14208=EDGE_LOOP('',(#14203,#14205,#14206,#14207));
#14209=FACE_OUTER_BOUND('',#14208,.F.);
#14211=CARTESIAN_POINT('',(4.15E0,3.080294376651E-1,-8.038028706821E-1));
#14212=DIRECTION('',(0.E0,9.434452330676E-1,-3.315284183928E-1));
#14213=DIRECTION('',(0.E0,3.315284183928E-1,9.434452330676E-1));
#14214=AXIS2_PLACEMENT_3D('',#14211,#14212,#14213);
#14215=PLANE('',#14214);
#14216=ORIENTED_EDGE('',*,*,#6185,.F.);
#14218=ORIENTED_EDGE('',*,*,#14217,.T.);
#14219=ORIENTED_EDGE('',*,*,#12364,.T.);
#14220=ORIENTED_EDGE('',*,*,#14204,.F.);
#14221=EDGE_LOOP('',(#14216,#14218,#14219,#14220));
#14222=FACE_OUTER_BOUND('',#14221,.F.);
#14224=CARTESIAN_POINT('',(4.15E0,2.889948061079E-1,-8.038028706821E-1));
#14225=DIRECTION('',(0.E0,0.E0,-1.E0));
#14226=DIRECTION('',(0.E0,1.E0,0.E0));
#14227=AXIS2_PLACEMENT_3D('',#14224,#14225,#14226);
#14228=PLANE('',#14227);
#14229=ORIENTED_EDGE('',*,*,#6183,.F.);
#14231=ORIENTED_EDGE('',*,*,#14230,.T.);
#14232=ORIENTED_EDGE('',*,*,#12366,.T.);
#14233=ORIENTED_EDGE('',*,*,#14217,.F.);
#14234=EDGE_LOOP('',(#14229,#14231,#14232,#14233));
#14235=FACE_OUTER_BOUND('',#14234,.F.);
#14237=CARTESIAN_POINT('',(4.15E0,3.398220480813E-1,-6.703557763201E-1));
#14238=DIRECTION('',(0.E0,-9.345104387424E-1,3.559357243682E-1));
#14239=DIRECTION('',(0.E0,-3.559357243682E-1,-9.345104387424E-1));
#14240=AXIS2_PLACEMENT_3D('',#14237,#14238,#14239);
#14241=PLANE('',#14240);
#14242=ORIENTED_EDGE('',*,*,#6181,.F.);
#14244=ORIENTED_EDGE('',*,*,#14243,.T.);
#14245=ORIENTED_EDGE('',*,*,#12368,.T.);
#14246=ORIENTED_EDGE('',*,*,#14230,.F.);
#14247=EDGE_LOOP('',(#14242,#14244,#14245,#14246));
#14248=FACE_OUTER_BOUND('',#14247,.F.);
#14250=CARTESIAN_POINT('',(4.15E0,3.582426592662E-1,-6.703557763201E-1));
#14251=DIRECTION('',(0.E0,0.E0,1.E0));
#14252=DIRECTION('',(0.E0,-1.E0,0.E0));
#14253=AXIS2_PLACEMENT_3D('',#14250,#14251,#14252);
#14254=PLANE('',#14253);
#14255=ORIENTED_EDGE('',*,*,#6179,.F.);
#14256=ORIENTED_EDGE('',*,*,#14167,.T.);
#14257=ORIENTED_EDGE('',*,*,#12370,.T.);
#14258=ORIENTED_EDGE('',*,*,#14243,.F.);
#14259=EDGE_LOOP('',(#14255,#14256,#14257,#14258));
#14260=FACE_OUTER_BOUND('',#14259,.F.);
#14262=CARTESIAN_POINT('',(4.15E0,-4.947915754618E-1,-5.530182705544E-1));
#14263=CARTESIAN_POINT('',(4.15E0,-4.954356280384E-1,-5.510493814177E-1));
#14264=CARTESIAN_POINT('',(4.15E0,-5.060265464433E-1,-5.205168176670E-1));
#14265=CARTESIAN_POINT('',(4.15E0,-5.521717856593E-1,-4.529370200232E-1));
#14266=CARTESIAN_POINT('',(4.15E0,-6.707926426045E-1,-4.073752354704E-1));
#14267=CARTESIAN_POINT('',(4.15E0,-7.787726499874E-1,-4.425366310269E-1));
#14268=CARTESIAN_POINT('',(4.15E0,-8.222079792279E-1,-4.874773445419E-1));
#14269=CARTESIAN_POINT('',(4.15E0,-8.351987451948E-1,-5.049057077246E-1));
#14270=CARTESIAN_POINT('',(4.15E0,-8.364150775648E-1,-5.065784570829E-1));
#14272=DIRECTION('',(1.E0,0.E0,0.E0));
#14273=VECTOR('',#14272,1.E0);
#14274=SURFACE_OF_LINEAR_EXTRUSION('',#14271,#14273);
#14275=ORIENTED_EDGE('',*,*,#6195,.F.);
#14277=ORIENTED_EDGE('',*,*,#14276,.T.);
#14278=ORIENTED_EDGE('',*,*,#12399,.T.);
#14280=ORIENTED_EDGE('',*,*,#14279,.F.);
#14281=EDGE_LOOP('',(#14275,#14277,#14278,#14280));
#14282=FACE_OUTER_BOUND('',#14281,.F.);
#14284=CARTESIAN_POINT('',(4.15E0,-5.307006530696E-1,-8.046370510073E-1));
#14285=CARTESIAN_POINT('',(4.15E0,-5.285821030270E-1,-8.045714778581E-1));
#14286=CARTESIAN_POINT('',(4.15E0,-4.944502904395E-1,-8.025706754250E-1));
#14287=CARTESIAN_POINT('',(4.15E0,-4.289311822096E-1,-7.698317177484E-1));
#14288=CARTESIAN_POINT('',(4.15E0,-3.792048384987E-1,-6.521037446305E-1));
#14289=CARTESIAN_POINT('',(4.15E0,-4.490197689209E-1,-5.605363912603E-1));
#14290=CARTESIAN_POINT('',(4.15E0,-5.008747284442E-1,-5.459341433154E-1));
#14291=CARTESIAN_POINT('',(4.15E0,-5.029138493946E-1,-5.454310347062E-1));
#14293=DIRECTION('',(1.E0,0.E0,0.E0));
#14294=VECTOR('',#14293,1.E0);
#14295=SURFACE_OF_LINEAR_EXTRUSION('',#14292,#14294);
#14296=ORIENTED_EDGE('',*,*,#6225,.F.);
#14298=ORIENTED_EDGE('',*,*,#14297,.T.);
#14299=ORIENTED_EDGE('',*,*,#12401,.T.);
#14300=ORIENTED_EDGE('',*,*,#14276,.F.);
#14301=EDGE_LOOP('',(#14296,#14298,#14299,#14300));
#14302=FACE_OUTER_BOUND('',#14301,.F.);
#14304=CARTESIAN_POINT('',(4.15E0,-5.272478562452E-1,-8.042656870063E-1));
#14305=CARTESIAN_POINT('',(4.15E0,-5.272288803896E-1,-8.042656870063E-1));
#14306=CARTESIAN_POINT('',(4.15E0,-5.262611117538E-1,-8.042656870063E-1));
#14307=CARTESIAN_POINT('',(4.15E0,-5.252743672624E-1,-8.042656870063E-1));
#14308=CARTESIAN_POINT('',(4.15E0,-5.243065986266E-1,-8.042656870063E-1));
#14309=CARTESIAN_POINT('',(4.15E0,-5.242876227710E-1,-8.042656870063E-1));
#14311=DIRECTION('',(1.E0,0.E0,0.E0));
#14312=VECTOR('',#14311,1.E0);
#14313=SURFACE_OF_LINEAR_EXTRUSION('',#14310,#14312);
#14314=ORIENTED_EDGE('',*,*,#6223,.F.);
#14316=ORIENTED_EDGE('',*,*,#14315,.T.);
#14317=ORIENTED_EDGE('',*,*,#12403,.T.);
#14318=ORIENTED_EDGE('',*,*,#14297,.F.);
#14319=EDGE_LOOP('',(#14314,#14316,#14317,#14318));
#14320=FACE_OUTER_BOUND('',#14319,.F.);
#14322=CARTESIAN_POINT('',(4.15E0,-5.300942345853E-1,-8.042656870063E-1));
#14323=CARTESIAN_POINT('',(4.15E0,-5.300752587297E-1,-8.042656870063E-1));
#14324=CARTESIAN_POINT('',(4.15E0,-5.291074900941E-1,-8.042656870063E-1));
#14325=CARTESIAN_POINT('',(4.15E0,-5.281207456029E-1,-8.042656870063E-1));
#14326=CARTESIAN_POINT('',(4.15E0,-5.271529769672E-1,-8.042656870063E-1));
#14327=CARTESIAN_POINT('',(4.15E0,-5.271340011116E-1,-8.042656870063E-1));
#14329=DIRECTION('',(1.E0,0.E0,0.E0));
#14330=VECTOR('',#14329,1.E0);
#14331=SURFACE_OF_LINEAR_EXTRUSION('',#14328,#14330);
#14332=ORIENTED_EDGE('',*,*,#6221,.F.);
#14334=ORIENTED_EDGE('',*,*,#14333,.T.);
#14335=ORIENTED_EDGE('',*,*,#12405,.T.);
#14336=ORIENTED_EDGE('',*,*,#14315,.F.);
#14337=EDGE_LOOP('',(#14332,#14334,#14335,#14336));
#14338=FACE_OUTER_BOUND('',#14337,.F.);
#14340=CARTESIAN_POINT('',(4.15E0,-5.925785606746E-1,-8.042656870063E-1));
#14341=CARTESIAN_POINT('',(4.15E0,-5.884935221191E-1,-8.042656870063E-1));
#14342=CARTESIAN_POINT('',(4.15E0,-5.676464375671E-1,-8.042656870063E-1));
#14343=CARTESIAN_POINT('',(4.15E0,-5.427143144595E-1,-8.042656870063E-1));
#14344=CARTESIAN_POINT('',(4.15E0,-5.218672299075E-1,-8.042656870063E-1));
#14345=CARTESIAN_POINT('',(4.15E0,-5.177821913520E-1,-8.042656870063E-1));
#14347=DIRECTION('',(1.E0,0.E0,0.E0));
#14348=VECTOR('',#14347,1.E0);
#14349=SURFACE_OF_LINEAR_EXTRUSION('',#14346,#14348);
#14350=ORIENTED_EDGE('',*,*,#6219,.F.);
#14352=ORIENTED_EDGE('',*,*,#14351,.T.);
#14353=ORIENTED_EDGE('',*,*,#12407,.T.);
#14354=ORIENTED_EDGE('',*,*,#14333,.F.);
#14355=EDGE_LOOP('',(#14350,#14352,#14353,#14354));
#14356=FACE_OUTER_BOUND('',#14355,.F.);
#14358=CARTESIAN_POINT('',(4.15E0,-5.659110646179E-1,-7.425036331559E-1));
#14359=CARTESIAN_POINT('',(4.15E0,-5.683436663058E-1,-7.455682812335E-1));
#14360=CARTESIAN_POINT('',(4.15E0,-5.725618710051E-1,-7.471207004718E-1));
#14361=CARTESIAN_POINT('',(4.15E0,-5.899787536429E-1,-7.410393377051E-1));
#14362=CARTESIAN_POINT('',(4.15E0,-6.227301186418E-1,-7.753733874795E-1));
#14363=CARTESIAN_POINT('',(4.15E0,-5.913991400827E-1,-8.056755476969E-1));
#14364=CARTESIAN_POINT('',(4.15E0,-5.759828633500E-1,-8.041946831437E-1));
#14365=CARTESIAN_POINT('',(4.15E0,-5.739132326490E-1,-8.035918170278E-1));
#14367=DIRECTION('',(1.E0,0.E0,0.E0));
#14368=VECTOR('',#14367,1.E0);
#14369=SURFACE_OF_LINEAR_EXTRUSION('',#14366,#14368);
#14370=ORIENTED_EDGE('',*,*,#6217,.F.);
#14372=ORIENTED_EDGE('',*,*,#14371,.T.);
#14373=ORIENTED_EDGE('',*,*,#12409,.T.);
#14374=ORIENTED_EDGE('',*,*,#14351,.F.);
#14375=EDGE_LOOP('',(#14370,#14372,#14373,#14374));
#14376=FACE_OUTER_BOUND('',#14375,.F.);
#14378=CARTESIAN_POINT('',(4.15E0,-5.177822275453E-1,-7.463891947106E-1));
#14379=CARTESIAN_POINT('',(4.15E0,-5.218672661009E-1,-7.463891947106E-1));
#14380=CARTESIAN_POINT('',(4.15E0,-5.401842325512E-1,-7.463891947106E-1));
#14381=CARTESIAN_POINT('',(4.15E0,-5.625862375570E-1,-7.463891947107E-1));
#14382=CARTESIAN_POINT('',(4.15E0,-5.809032040073E-1,-7.463891947106E-1));
#14383=CARTESIAN_POINT('',(4.15E0,-5.849882425628E-1,-7.463891947106E-1));
#14385=DIRECTION('',(1.E0,0.E0,0.E0));
#14386=VECTOR('',#14385,1.E0);
#14387=SURFACE_OF_LINEAR_EXTRUSION('',#14384,#14386);
#14388=ORIENTED_EDGE('',*,*,#6215,.F.);
#14390=ORIENTED_EDGE('',*,*,#14389,.T.);
#14391=ORIENTED_EDGE('',*,*,#12411,.T.);
#14392=ORIENTED_EDGE('',*,*,#14371,.F.);
#14393=EDGE_LOOP('',(#14388,#14390,#14391,#14392));
#14394=FACE_OUTER_BOUND('',#14393,.F.);
#14396=CARTESIAN_POINT('',(4.15E0,-5.499727635970E-1,-5.979884540767E-1));
#14397=CARTESIAN_POINT('',(4.15E0,-5.477354543901E-1,-5.983079103360E-1));
#14398=CARTESIAN_POINT('',(4.15E0,-5.429858925260E-1,-5.984566587770E-1));
#14399=CARTESIAN_POINT('',(4.15E0,-5.035147024361E-1,-5.970274322204E-1));
#14400=CARTESIAN_POINT('',(4.15E0,-4.248674492542E-1,-6.702064990585E-1));
#14401=CARTESIAN_POINT('',(4.15E0,-4.988520152186E-1,-7.463017704061E-1));
#14402=CARTESIAN_POINT('',(4.15E0,-5.344055031250E-1,-7.465654370119E-1));
#14403=CARTESIAN_POINT('',(4.15E0,-5.365685071054E-1,-7.464280928111E-1));
#14405=DIRECTION('',(1.E0,0.E0,0.E0));
#14406=VECTOR('',#14405,1.E0);
#14407=SURFACE_OF_LINEAR_EXTRUSION('',#14404,#14406);
#14408=ORIENTED_EDGE('',*,*,#6213,.F.);
#14410=ORIENTED_EDGE('',*,*,#14409,.T.);
#14411=ORIENTED_EDGE('',*,*,#12413,.T.);
#14412=ORIENTED_EDGE('',*,*,#14389,.F.);
#14413=EDGE_LOOP('',(#14408,#14410,#14411,#14412));
#14414=FACE_OUTER_BOUND('',#14413,.F.);
#14416=CARTESIAN_POINT('',(4.15E0,-8.052016870631E-1,-5.771390102661E-1));
#14417=CARTESIAN_POINT('',(4.15E0,-8.046346762801E-1,-5.750369806257E-1));
#14418=CARTESIAN_POINT('',(4.15E0,-7.888640126070E-1,-5.233002973843E-1));
#14419=CARTESIAN_POINT('',(4.15E0,-6.686806561196E-1,-4.298453197537E-1));
#14420=CARTESIAN_POINT('',(4.15E0,-5.477414176781E-1,-5.415451229499E-1));
#14421=CARTESIAN_POINT('',(4.15E0,-5.429015614795E-1,-6.027088578650E-1));
#14422=CARTESIAN_POINT('',(4.15E0,-5.428090066202E-1,-6.048732201893E-1));
#14424=DIRECTION('',(1.E0,0.E0,0.E0));
#14425=VECTOR('',#14424,1.E0);
#14426=SURFACE_OF_LINEAR_EXTRUSION('',#14423,#14425);
#14427=ORIENTED_EDGE('',*,*,#6211,.F.);
#14429=ORIENTED_EDGE('',*,*,#14428,.T.);
#14430=ORIENTED_EDGE('',*,*,#12415,.T.);
#14431=ORIENTED_EDGE('',*,*,#14409,.F.);
#14432=EDGE_LOOP('',(#14427,#14429,#14430,#14431));
#14433=FACE_OUTER_BOUND('',#14432,.F.);
#14435=CARTESIAN_POINT('',(4.15E0,-8.855115545903E-1,-7.412563439811E-1));
#14436=CARTESIAN_POINT('',(4.15E0,-8.875333213378E-1,-7.405284071921E-1));
#14437=CARTESIAN_POINT('',(4.15E0,-9.214509321246E-1,-7.266562874257E-1));
#14438=CARTESIAN_POINT('',(4.15E0,-9.838496347813E-1,-6.407261937046E-1));
#14439=CARTESIAN_POINT('',(4.15E0,-8.807812420734E-1,-5.404877532403E-1));
#14440=CARTESIAN_POINT('',(4.15E0,-8.160578180292E-1,-5.626422267474E-1));
#14441=CARTESIAN_POINT('',(4.15E0,-7.996320508274E-1,-5.731262389077E-1));
#14442=CARTESIAN_POINT('',(4.15E0,-7.978669819252E-1,-5.743192255610E-1));
#14444=DIRECTION('',(1.E0,0.E0,0.E0));
#14445=VECTOR('',#14444,1.E0);
#14446=SURFACE_OF_LINEAR_EXTRUSION('',#14443,#14445);
#14447=ORIENTED_EDGE('',*,*,#6209,.F.);
#14449=ORIENTED_EDGE('',*,*,#14448,.T.);
#14450=ORIENTED_EDGE('',*,*,#12417,.T.);
#14451=ORIENTED_EDGE('',*,*,#14428,.F.);
#14452=EDGE_LOOP('',(#14447,#14449,#14450,#14451));
#14453=FACE_OUTER_BOUND('',#14452,.F.);
#14455=CARTESIAN_POINT('',(4.15E0,-7.272008370993E-1,-7.134576160273E-1));
#14456=CARTESIAN_POINT('',(4.15E0,-7.284562852305E-1,-7.117416624318E-1));
#14457=CARTESIAN_POINT('',(4.15E0,-7.459094631976E-1,-6.897450102703E-1));
#14458=CARTESIAN_POINT('',(4.15E0,-8.126780898599E-1,-6.572418969979E-1));
#14459=CARTESIAN_POINT('',(4.15E0,-8.812304477175E-1,-7.063317532385E-1));
#14460=CARTESIAN_POINT('',(4.15E0,-8.929090707749E-1,-7.428110395651E-1));
#14461=CARTESIAN_POINT('',(4.15E0,-8.934602471638E-1,-7.448461597110E-1));
#14463=DIRECTION('',(1.E0,0.E0,0.E0));
#14464=VECTOR('',#14463,1.E0);
#14465=SURFACE_OF_LINEAR_EXTRUSION('',#14462,#14464);
#14466=ORIENTED_EDGE('',*,*,#6207,.F.);
#14468=ORIENTED_EDGE('',*,*,#14467,.T.);
#14469=ORIENTED_EDGE('',*,*,#12419,.T.);
#14470=ORIENTED_EDGE('',*,*,#14448,.F.);
#14471=EDGE_LOOP('',(#14466,#14468,#14469,#14470));
#14472=FACE_OUTER_BOUND('',#14471,.F.);
#14474=CARTESIAN_POINT('',(4.15E0,-5.931810172437E-1,-6.363473473421E-1));
#14475=CARTESIAN_POINT('',(4.15E0,-5.968017864402E-1,-6.382387939911E-1));
#14476=CARTESIAN_POINT('',(4.15E0,-6.428020730501E-1,-6.622687951429E-1));
#14477=CARTESIAN_POINT('',(4.15E0,-6.924231288565E-1,-6.881902429437E-1));
#14478=CARTESIAN_POINT('',(4.15E0,-7.384234154665E-1,-7.122202440955E-1));
#14479=CARTESIAN_POINT('',(4.15E0,-7.420441846629E-1,-7.141116907445E-1));
#14481=DIRECTION('',(1.E0,0.E0,0.E0));
#14482=VECTOR('',#14481,1.E0);
#14483=SURFACE_OF_LINEAR_EXTRUSION('',#14480,#14482);
#14484=ORIENTED_EDGE('',*,*,#6205,.F.);
#14486=ORIENTED_EDGE('',*,*,#14485,.T.);
#14487=ORIENTED_EDGE('',*,*,#12421,.T.);
#14488=ORIENTED_EDGE('',*,*,#14467,.F.);
#14489=EDGE_LOOP('',(#14484,#14486,#14487,#14488));
#14490=FACE_OUTER_BOUND('',#14489,.F.);
#14492=CARTESIAN_POINT('',(4.15E0,-5.684432881681E-1,-7.028863092031E-1));
#14493=CARTESIAN_POINT('',(4.15E0,-5.705057548879E-1,-6.993601539272E-1));
#14494=CARTESIAN_POINT('',(4.15E0,-5.823724337762E-1,-6.790719466225E-1));
#14495=CARTESIAN_POINT('',(4.15E0,-5.963015793843E-1,-6.552575840419E-1));
#14496=CARTESIAN_POINT('',(4.15E0,-6.081682582726E-1,-6.349693767373E-1));
#14497=CARTESIAN_POINT('',(4.15E0,-6.102307249924E-1,-6.314432214613E-1));
#14499=DIRECTION('',(1.E0,0.E0,0.E0));
#14500=VECTOR('',#14499,1.E0);
#14501=SURFACE_OF_LINEAR_EXTRUSION('',#14498,#14500);
#14502=ORIENTED_EDGE('',*,*,#6203,.F.);
#14504=ORIENTED_EDGE('',*,*,#14503,.T.);
#14505=ORIENTED_EDGE('',*,*,#12423,.T.);
#14506=ORIENTED_EDGE('',*,*,#14485,.F.);
#14507=EDGE_LOOP('',(#14502,#14504,#14505,#14506));
#14508=FACE_OUTER_BOUND('',#14507,.F.);
#14510=CARTESIAN_POINT('',(4.15E0,-7.182967012212E-1,-7.682455891327E-1));
#14511=CARTESIAN_POINT('',(4.15E0,-7.146851392627E-1,-7.663366207673E-1));
#14512=CARTESIAN_POINT('',(4.15E0,-6.667964682981E-1,-7.410240388482E-1));
#14513=CARTESIAN_POINT('',(4.15E0,-6.152962353750E-1,-7.138024885637E-1));
#14514=CARTESIAN_POINT('',(4.15E0,-5.674075644104E-1,-6.884899066446E-1));
#14515=CARTESIAN_POINT('',(4.15E0,-5.637960024520E-1,-6.865809382793E-1));
#14517=DIRECTION('',(1.E0,0.E0,0.E0));
#14518=VECTOR('',#14517,1.E0);
#14519=SURFACE_OF_LINEAR_EXTRUSION('',#14516,#14518);
#14520=ORIENTED_EDGE('',*,*,#6201,.F.);
#14522=ORIENTED_EDGE('',*,*,#14521,.T.);
#14523=ORIENTED_EDGE('',*,*,#12425,.T.);
#14524=ORIENTED_EDGE('',*,*,#14503,.F.);
#14525=EDGE_LOOP('',(#14520,#14522,#14523,#14524));
#14526=FACE_OUTER_BOUND('',#14525,.F.);
#14528=CARTESIAN_POINT('',(4.15E0,-8.942143653687E-1,-7.960294837125E-1));
#14529=CARTESIAN_POINT('',(4.15E0,-8.937403925158E-1,-7.981543445621E-1));
#14530=CARTESIAN_POINT('',(4.15E0,-8.834296472058E-1,-8.356750910914E-1));
#14531=CARTESIAN_POINT('',(4.15E0,-7.932390653184E-1,-9.053307176338E-1));
#14532=CARTESIAN_POINT('',(4.15E0,-7.057760962895E-1,-8.134345720085E-1));
#14533=CARTESIAN_POINT('',(4.15E0,-7.075392972023E-1,-7.634923453431E-1));
#14534=CARTESIAN_POINT('',(4.15E0,-7.074083732786E-1,-7.581239039003E-1));
#14535=CARTESIAN_POINT('',(4.15E0,-7.071893887467E-1,-7.559110069246E-1));
#14537=DIRECTION('',(1.E0,0.E0,0.E0));
#14538=VECTOR('',#14537,1.E0);
#14539=SURFACE_OF_LINEAR_EXTRUSION('',#14536,#14538);
#14540=ORIENTED_EDGE('',*,*,#6199,.F.);
#14542=ORIENTED_EDGE('',*,*,#14541,.T.);
#14543=ORIENTED_EDGE('',*,*,#12427,.T.);
#14544=ORIENTED_EDGE('',*,*,#14521,.F.);
#14545=EDGE_LOOP('',(#14540,#14542,#14543,#14544));
#14546=FACE_OUTER_BOUND('',#14545,.F.);
#14548=CARTESIAN_POINT('',(4.15E0,-8.264927228416E-1,-5.023864719040E-1));
#14549=CARTESIAN_POINT('',(4.15E0,-8.285619139536E-1,-5.021253414433E-1));
#14550=CARTESIAN_POINT('',(4.15E0,-8.378718953753E-1,-5.009271527355E-1));
#14551=CARTESIAN_POINT('',(4.15E0,-8.864121742650E-1,-4.954856718783E-1));
#14552=CARTESIAN_POINT('',(4.15E0,-9.755624640668E-1,-5.337209786603E-1));
#14553=CARTESIAN_POINT('',(4.15E0,-1.023595945282E0,-6.512090099278E-1));
#14554=CARTESIAN_POINT('',(4.15E0,-9.820930062926E-1,-7.591639352036E-1));
#14555=CARTESIAN_POINT('',(4.15E0,-9.191332103553E-1,-7.961185569860E-1));
#14556=CARTESIAN_POINT('',(4.15E0,-8.884353659977E-1,-8.033666696060E-1));
#14557=CARTESIAN_POINT('',(4.15E0,-8.864054689882E-1,-8.038013475683E-1));
#14559=DIRECTION('',(1.E0,0.E0,0.E0));
#14560=VECTOR('',#14559,1.E0);
#14561=SURFACE_OF_LINEAR_EXTRUSION('',#14558,#14560);
#14562=ORIENTED_EDGE('',*,*,#6197,.F.);
#14563=ORIENTED_EDGE('',*,*,#14279,.T.);
#14564=ORIENTED_EDGE('',*,*,#12429,.T.);
#14565=ORIENTED_EDGE('',*,*,#14541,.F.);
#14566=EDGE_LOOP('',(#14562,#14563,#14564,#14565));
#14567=FACE_OUTER_BOUND('',#14566,.F.);
#14571=DIRECTION('',(-1.E0,0.E0,0.E0));
#14572=VECTOR('',#14571,2.E-1);
#14573=CARTESIAN_POINT('',(-3.51E0,-1.248105607533E-1,-1.625E0));
#14574=LINE('',#14573,#14572);
#14575=DIRECTION('',(0.E0,1.E0,0.E0));
#14576=VECTOR('',#14575,9.861E-1);
#14577=CARTESIAN_POINT('',(-3.51E0,6.394E-1,8.876E-1));
#14578=LINE('',#14577,#14576);
#14579=DIRECTION('',(0.E0,0.E0,1.E0));
#14580=VECTOR('',#14579,9.35E-2);
#14581=CARTESIAN_POINT('',(-3.51E0,1.6255E0,8.876E-1));
#14582=LINE('',#14581,#14580);
#14583=CARTESIAN_POINT('',(-3.51E0,1.8146E0,9.811E-1));
#14584=DIRECTION('',(-1.E0,0.E0,0.E0));
#14585=DIRECTION('',(0.E0,-1.E0,0.E0));
#14586=AXIS2_PLACEMENT_3D('',#14583,#14584,#14585);
#14588=DIRECTION('',(0.E0,1.E0,0.E0));
#14589=VECTOR('',#14588,2.496E-1);
#14590=CARTESIAN_POINT('',(-3.51E0,1.8146E0,1.1702E0));
#14591=LINE('',#14590,#14589);
#14592=CARTESIAN_POINT('',(-3.51E0,2.0642E0,9.844E-1));
#14593=DIRECTION('',(-1.E0,0.E0,0.E0));
#14594=DIRECTION('',(0.E0,0.E0,1.E0));
#14595=AXIS2_PLACEMENT_3D('',#14592,#14593,#14594);
#14597=DIRECTION('',(0.E0,0.E0,-1.E0));
#14598=VECTOR('',#14597,1.1E0);
#14599=CARTESIAN_POINT('',(-3.51E0,2.25E0,9.844E-1));
#14600=LINE('',#14599,#14598);
#14601=DIRECTION('',(0.E0,-8.514662011106E-1,-5.244094853894E-1));
#14602=VECTOR('',#14601,2.189128976467E-1);
#14603=CARTESIAN_POINT('',(-3.51E0,2.25E0,-1.156E-1));
#14604=LINE('',#14603,#14602);
#14605=DIRECTION('',(0.E0,0.E0,-1.E0));
#14606=VECTOR('',#14605,1.2E0);
#14607=CARTESIAN_POINT('',(-3.51E0,2.063603066667E0,-2.304E-1));
#14608=LINE('',#14607,#14606);
#14609=DIRECTION('',(0.E0,-1.E0,0.E0));
#14610=VECTOR('',#14609,1.9484E0);
#14611=CARTESIAN_POINT('',(-3.51E0,2.063603066667E0,-1.4304E0));
#14612=LINE('',#14611,#14610);
#14613=DIRECTION('',(0.E0,-7.767646841201E-1,-6.297909379340E-1));
#14614=VECTOR('',#14613,3.089914260094E-1);
#14615=CARTESIAN_POINT('',(-3.51E0,1.152030666667E-1,-1.4304E0));
#14616=LINE('',#14615,#14614);
#14617=DIRECTION('',(0.E0,-1.E0,0.E0));
#14618=VECTOR('',#14617,1.43E0);
#14619=CARTESIAN_POINT('',(-3.51E0,-1.248105607533E-1,-1.625E0));
#14620=LINE('',#14619,#14618);
#14621=DIRECTION('',(0.E0,-8.433117766416E-1,5.374246434409E-1));
#14622=VECTOR('',#14621,4.328048645309E-1);
#14623=CARTESIAN_POINT('',(-3.51E0,-1.554810560753E0,-1.625E0));
#14624=LINE('',#14623,#14622);
#14625=DIRECTION('',(0.E0,0.E0,1.E0));
#14626=VECTOR('',#14625,1.2513E0);
#14627=CARTESIAN_POINT('',(-3.51E0,-1.9198E0,-1.3924E0));
#14628=LINE('',#14627,#14626);
#14629=DIRECTION('',(0.E0,1.E0,0.E0));
#14630=VECTOR('',#14629,1.0355E0);
#14631=CARTESIAN_POINT('',(-3.51E0,-1.9198E0,-1.411E-1));
#14632=LINE('',#14631,#14630);
#14633=DIRECTION('',(0.E0,0.E0,-1.E0));
#14634=VECTOR('',#14633,1.0625E0);
#14635=CARTESIAN_POINT('',(-3.51E0,-8.843E-1,-1.411E-1));
#14636=LINE('',#14635,#14634);
#14637=DIRECTION('',(0.E0,1.E0,0.E0));
#14638=VECTOR('',#14637,7.451E-1);
#14639=CARTESIAN_POINT('',(-3.51E0,-8.843E-1,-1.2036E0));
#14640=LINE('',#14639,#14638);
#14641=DIRECTION('',(0.E0,0.E0,1.E0));
#14642=VECTOR('',#14641,1.0625E0);
#14643=CARTESIAN_POINT('',(-3.51E0,-1.392E-1,-1.2036E0));
#14644=LINE('',#14643,#14642);
#14645=DIRECTION('',(0.E0,1.E0,0.E0));
#14646=VECTOR('',#14645,1.7393E0);
#14647=CARTESIAN_POINT('',(-3.51E0,-1.392E-1,-1.411E-1));
#14648=LINE('',#14647,#14646);
#14649=DIRECTION('',(0.E0,0.E0,1.E0));
#14650=VECTOR('',#14649,4.878E-1);
#14651=CARTESIAN_POINT('',(-3.51E0,1.6001E0,-1.411E-1));
#14652=LINE('',#14651,#14650);
#14653=DIRECTION('',(0.E0,-1.E0,0.E0));
#14654=VECTOR('',#14653,9.607E-1);
#14655=CARTESIAN_POINT('',(-3.51E0,1.6001E0,3.467E-1));
#14656=LINE('',#14655,#14654);
#14657=DIRECTION('',(0.E0,0.E0,1.E0));
#14658=VECTOR('',#14657,5.409E-1);
#14659=CARTESIAN_POINT('',(-3.51E0,6.394E-1,3.467E-1));
#14660=LINE('',#14659,#14658);
#14661=DIRECTION('',(-1.E0,0.E0,0.E0));
#14662=VECTOR('',#14661,2.E-1);
#14663=CARTESIAN_POINT('',(-3.51E0,6.394E-1,8.876E-1));
#14664=LINE('',#14663,#14662);
#14665=DIRECTION('',(-1.E0,0.E0,0.E0));
#14666=VECTOR('',#14665,2.E-1);
#14667=CARTESIAN_POINT('',(-3.51E0,6.394E-1,3.467E-1));
#14668=LINE('',#14667,#14666);
#14669=DIRECTION('',(-1.E0,0.E0,0.E0));
#14670=VECTOR('',#14669,2.E-1);
#14671=CARTESIAN_POINT('',(-3.51E0,1.6001E0,3.467E-1));
#14672=LINE('',#14671,#14670);
#14673=DIRECTION('',(-1.E0,0.E0,0.E0));
#14674=VECTOR('',#14673,2.E-1);
#14675=CARTESIAN_POINT('',(-3.51E0,1.6001E0,-1.411E-1));
#14676=LINE('',#14675,#14674);
#14677=DIRECTION('',(-1.E0,0.E0,0.E0));
#14678=VECTOR('',#14677,2.E-1);
#14679=CARTESIAN_POINT('',(-3.51E0,-1.392E-1,-1.411E-1));
#14680=LINE('',#14679,#14678);
#14681=DIRECTION('',(-1.E0,0.E0,0.E0));
#14682=VECTOR('',#14681,2.E-1);
#14683=CARTESIAN_POINT('',(-3.51E0,-1.392E-1,-1.2036E0));
#14684=LINE('',#14683,#14682);
#14685=DIRECTION('',(-1.E0,0.E0,0.E0));
#14686=VECTOR('',#14685,2.E-1);
#14687=CARTESIAN_POINT('',(-3.51E0,-8.843E-1,-1.2036E0));
#14688=LINE('',#14687,#14686);
#14689=DIRECTION('',(-1.E0,0.E0,0.E0));
#14690=VECTOR('',#14689,2.E-1);
#14691=CARTESIAN_POINT('',(-3.51E0,-8.843E-1,-1.411E-1));
#14692=LINE('',#14691,#14690);
#14693=DIRECTION('',(-1.E0,0.E0,0.E0));
#14694=VECTOR('',#14693,2.E-1);
#14695=CARTESIAN_POINT('',(-3.51E0,-1.9198E0,-1.411E-1));
#14696=LINE('',#14695,#14694);
#14697=DIRECTION('',(-1.E0,0.E0,0.E0));
#14698=VECTOR('',#14697,2.E-1);
#14699=CARTESIAN_POINT('',(-3.51E0,-1.9198E0,-1.3924E0));
#14700=LINE('',#14699,#14698);
#14701=DIRECTION('',(-1.E0,0.E0,0.E0));
#14702=VECTOR('',#14701,2.E-1);
#14703=CARTESIAN_POINT('',(-3.51E0,-1.554810560753E0,-1.625E0));
#14704=LINE('',#14703,#14702);
#14705=DIRECTION('',(0.E0,1.E0,0.E0));
#14706=VECTOR('',#14705,9.861E-1);
#14707=CARTESIAN_POINT('',(-3.71E0,6.394E-1,8.876E-1));
#14708=LINE('',#14707,#14706);
#14709=DIRECTION('',(0.E0,0.E0,1.E0));
#14710=VECTOR('',#14709,5.409E-1);
#14711=CARTESIAN_POINT('',(-3.71E0,6.394E-1,3.467E-1));
#14712=LINE('',#14711,#14710);
#14713=DIRECTION('',(0.E0,-1.E0,0.E0));
#14714=VECTOR('',#14713,9.607E-1);
#14715=CARTESIAN_POINT('',(-3.71E0,1.6001E0,3.467E-1));
#14716=LINE('',#14715,#14714);
#14717=DIRECTION('',(0.E0,0.E0,1.E0));
#14718=VECTOR('',#14717,4.878E-1);
#14719=CARTESIAN_POINT('',(-3.71E0,1.6001E0,-1.411E-1));
#14720=LINE('',#14719,#14718);
#14721=DIRECTION('',(0.E0,1.E0,0.E0));
#14722=VECTOR('',#14721,1.7393E0);
#14723=CARTESIAN_POINT('',(-3.71E0,-1.392E-1,-1.411E-1));
#14724=LINE('',#14723,#14722);
#14725=DIRECTION('',(0.E0,0.E0,1.E0));
#14726=VECTOR('',#14725,1.0625E0);
#14727=CARTESIAN_POINT('',(-3.71E0,-1.392E-1,-1.2036E0));
#14728=LINE('',#14727,#14726);
#14729=DIRECTION('',(0.E0,1.E0,0.E0));
#14730=VECTOR('',#14729,7.451E-1);
#14731=CARTESIAN_POINT('',(-3.71E0,-8.843E-1,-1.2036E0));
#14732=LINE('',#14731,#14730);
#14733=DIRECTION('',(0.E0,0.E0,-1.E0));
#14734=VECTOR('',#14733,1.0625E0);
#14735=CARTESIAN_POINT('',(-3.71E0,-8.843E-1,-1.411E-1));
#14736=LINE('',#14735,#14734);
#14737=DIRECTION('',(0.E0,1.E0,0.E0));
#14738=VECTOR('',#14737,1.0355E0);
#14739=CARTESIAN_POINT('',(-3.71E0,-1.9198E0,-1.411E-1));
#14740=LINE('',#14739,#14738);
#14741=DIRECTION('',(0.E0,0.E0,1.E0));
#14742=VECTOR('',#14741,1.2513E0);
#14743=CARTESIAN_POINT('',(-3.71E0,-1.9198E0,-1.3924E0));
#14744=LINE('',#14743,#14742);
#14745=DIRECTION('',(0.E0,-8.433117766416E-1,5.374246434409E-1));
#14746=VECTOR('',#14745,4.328048645309E-1);
#14747=CARTESIAN_POINT('',(-3.71E0,-1.554810560753E0,-1.625E0));
#14748=LINE('',#14747,#14746);
#14749=DIRECTION('',(0.E0,-1.E0,0.E0));
#14750=VECTOR('',#14749,1.43E0);
#14751=CARTESIAN_POINT('',(-3.71E0,-1.248105607533E-1,-1.625E0));
#14752=LINE('',#14751,#14750);
#14753=DIRECTION('',(0.E0,-7.767646841201E-1,-6.297909379340E-1));
#14754=VECTOR('',#14753,3.089914260094E-1);
#14755=CARTESIAN_POINT('',(-3.71E0,1.152030666667E-1,-1.4304E0));
#14756=LINE('',#14755,#14754);
#14757=DIRECTION('',(0.E0,-1.E0,0.E0));
#14758=VECTOR('',#14757,1.9484E0);
#14759=CARTESIAN_POINT('',(-3.71E0,2.063603066667E0,-1.4304E0));
#14760=LINE('',#14759,#14758);
#14761=DIRECTION('',(0.E0,0.E0,-1.E0));
#14762=VECTOR('',#14761,1.2E0);
#14763=CARTESIAN_POINT('',(-3.71E0,2.063603066667E0,-2.304E-1));
#14764=LINE('',#14763,#14762);
#14765=DIRECTION('',(0.E0,-8.514662011106E-1,-5.244094853894E-1));
#14766=VECTOR('',#14765,2.189128976467E-1);
#14767=CARTESIAN_POINT('',(-3.71E0,2.25E0,-1.156E-1));
#14768=LINE('',#14767,#14766);
#14769=DIRECTION('',(0.E0,0.E0,-1.E0));
#14770=VECTOR('',#14769,1.1E0);
#14771=CARTESIAN_POINT('',(-3.71E0,2.25E0,9.844E-1));
#14772=LINE('',#14771,#14770);
#14773=CARTESIAN_POINT('',(-3.71E0,2.0642E0,9.844E-1));
#14774=DIRECTION('',(-1.E0,0.E0,0.E0));
#14775=DIRECTION('',(0.E0,0.E0,1.E0));
#14776=AXIS2_PLACEMENT_3D('',#14773,#14774,#14775);
#14778=DIRECTION('',(0.E0,1.E0,0.E0));
#14779=VECTOR('',#14778,2.496E-1);
#14780=CARTESIAN_POINT('',(-3.71E0,1.8146E0,1.1702E0));
#14781=LINE('',#14780,#14779);
#14782=CARTESIAN_POINT('',(-3.71E0,1.8146E0,9.811E-1));
#14783=DIRECTION('',(-1.E0,0.E0,0.E0));
#14784=DIRECTION('',(0.E0,-1.E0,0.E0));
#14785=AXIS2_PLACEMENT_3D('',#14782,#14783,#14784);
#14787=DIRECTION('',(0.E0,0.E0,1.E0));
#14788=VECTOR('',#14787,9.35E-2);
#14789=CARTESIAN_POINT('',(-3.71E0,1.6255E0,8.876E-1));
#14790=LINE('',#14789,#14788);
#14791=DIRECTION('',(-1.E0,0.E0,0.E0));
#14792=VECTOR('',#14791,2.E-1);
#14793=CARTESIAN_POINT('',(-3.51E0,1.152030666667E-1,-1.4304E0));
#14794=LINE('',#14793,#14792);
#14795=DIRECTION('',(-1.E0,0.E0,0.E0));
#14796=VECTOR('',#14795,2.E-1);
#14797=CARTESIAN_POINT('',(-3.51E0,2.063603066667E0,-1.4304E0));
#14798=LINE('',#14797,#14796);
#14799=DIRECTION('',(-1.E0,0.E0,0.E0));
#14800=VECTOR('',#14799,2.E-1);
#14801=CARTESIAN_POINT('',(-3.51E0,2.063603066667E0,-2.304E-1));
#14802=LINE('',#14801,#14800);
#14803=DIRECTION('',(-1.E0,0.E0,0.E0));
#14804=VECTOR('',#14803,2.E-1);
#14805=CARTESIAN_POINT('',(-3.51E0,2.25E0,-1.156E-1));
#14806=LINE('',#14805,#14804);
#14807=DIRECTION('',(-1.E0,0.E0,0.E0));
#14808=VECTOR('',#14807,2.E-1);
#14809=CARTESIAN_POINT('',(-3.51E0,2.25E0,9.844E-1));
#14810=LINE('',#14809,#14808);
#14811=DIRECTION('',(-1.E0,0.E0,0.E0));
#14812=VECTOR('',#14811,2.E-1);
#14813=CARTESIAN_POINT('',(-3.51E0,2.0642E0,1.1702E0));
#14814=LINE('',#14813,#14812);
#14815=DIRECTION('',(-1.E0,0.E0,0.E0));
#14816=VECTOR('',#14815,2.E-1);
#14817=CARTESIAN_POINT('',(-3.51E0,1.8146E0,1.1702E0));
#14818=LINE('',#14817,#14816);
#14819=DIRECTION('',(-1.E0,0.E0,0.E0));
#14820=VECTOR('',#14819,2.E-1);
#14821=CARTESIAN_POINT('',(-3.51E0,1.6255E0,9.811E-1));
#14822=LINE('',#14821,#14820);
#14823=DIRECTION('',(-1.E0,0.E0,0.E0));
#14824=VECTOR('',#14823,2.E-1);
#14825=CARTESIAN_POINT('',(-3.51E0,1.6255E0,8.876E-1));
#14826=LINE('',#14825,#14824);
#14827=CARTESIAN_POINT('',(-3.51E0,6.394E-1,8.876E-1));
#14828=CARTESIAN_POINT('',(-3.51E0,1.6255E0,8.876E-1));
#14829=VERTEX_POINT('',#14827);
#14830=VERTEX_POINT('',#14828);
#14831=CARTESIAN_POINT('',(-3.51E0,1.6255E0,9.811E-1));
#14832=VERTEX_POINT('',#14831);
#14833=CARTESIAN_POINT('',(-3.51E0,1.8146E0,1.1702E0));
#14834=VERTEX_POINT('',#14833);
#14835=CARTESIAN_POINT('',(-3.51E0,2.0642E0,1.1702E0));
#14836=VERTEX_POINT('',#14835);
#14837=CARTESIAN_POINT('',(-3.51E0,2.25E0,9.844E-1));
#14838=VERTEX_POINT('',#14837);
#14839=CARTESIAN_POINT('',(-3.51E0,2.25E0,-1.156E-1));
#14840=VERTEX_POINT('',#14839);
#14841=CARTESIAN_POINT('',(-3.51E0,2.063603066667E0,-2.304E-1));
#14842=VERTEX_POINT('',#14841);
#14843=CARTESIAN_POINT('',(-3.51E0,2.063603066667E0,-1.4304E0));
#14844=VERTEX_POINT('',#14843);
#14845=CARTESIAN_POINT('',(-3.51E0,1.152030666667E-1,-1.4304E0));
#14846=VERTEX_POINT('',#14845);
#14847=CARTESIAN_POINT('',(-3.51E0,-1.248105607533E-1,-1.625E0));
#14848=VERTEX_POINT('',#14847);
#14849=CARTESIAN_POINT('',(-3.51E0,-1.554810560753E0,-1.625E0));
#14850=VERTEX_POINT('',#14849);
#14851=CARTESIAN_POINT('',(-3.51E0,-1.9198E0,-1.3924E0));
#14852=VERTEX_POINT('',#14851);
#14853=CARTESIAN_POINT('',(-3.51E0,-1.9198E0,-1.411E-1));
#14854=VERTEX_POINT('',#14853);
#14855=CARTESIAN_POINT('',(-3.51E0,-8.843E-1,-1.411E-1));
#14856=VERTEX_POINT('',#14855);
#14857=CARTESIAN_POINT('',(-3.51E0,-8.843E-1,-1.2036E0));
#14858=VERTEX_POINT('',#14857);
#14859=CARTESIAN_POINT('',(-3.51E0,-1.392E-1,-1.2036E0));
#14860=VERTEX_POINT('',#14859);
#14861=CARTESIAN_POINT('',(-3.51E0,-1.392E-1,-1.411E-1));
#14862=VERTEX_POINT('',#14861);
#14863=CARTESIAN_POINT('',(-3.51E0,1.6001E0,-1.411E-1));
#14864=VERTEX_POINT('',#14863);
#14865=CARTESIAN_POINT('',(-3.51E0,1.6001E0,3.467E-1));
#14866=VERTEX_POINT('',#14865);
#14867=CARTESIAN_POINT('',(-3.51E0,6.394E-1,3.467E-1));
#14868=VERTEX_POINT('',#14867);
#14869=CARTESIAN_POINT('',(-3.71E0,6.394E-1,8.876E-1));
#14870=CARTESIAN_POINT('',(-3.71E0,1.6255E0,8.876E-1));
#14871=VERTEX_POINT('',#14869);
#14872=VERTEX_POINT('',#14870);
#14873=CARTESIAN_POINT('',(-3.71E0,1.6255E0,9.811E-1));
#14874=VERTEX_POINT('',#14873);
#14875=CARTESIAN_POINT('',(-3.71E0,1.8146E0,1.1702E0));
#14876=VERTEX_POINT('',#14875);
#14877=CARTESIAN_POINT('',(-3.71E0,2.0642E0,1.1702E0));
#14878=VERTEX_POINT('',#14877);
#14879=CARTESIAN_POINT('',(-3.71E0,2.25E0,9.844E-1));
#14880=VERTEX_POINT('',#14879);
#14881=CARTESIAN_POINT('',(-3.71E0,2.25E0,-1.156E-1));
#14882=VERTEX_POINT('',#14881);
#14883=CARTESIAN_POINT('',(-3.71E0,2.063603066667E0,-2.304E-1));
#14884=VERTEX_POINT('',#14883);
#14885=CARTESIAN_POINT('',(-3.71E0,2.063603066667E0,-1.4304E0));
#14886=VERTEX_POINT('',#14885);
#14887=CARTESIAN_POINT('',(-3.71E0,1.152030666667E-1,-1.4304E0));
#14888=VERTEX_POINT('',#14887);
#14889=CARTESIAN_POINT('',(-3.71E0,-1.248105607533E-1,-1.625E0));
#14890=VERTEX_POINT('',#14889);
#14891=CARTESIAN_POINT('',(-3.71E0,-1.554810560753E0,-1.625E0));
#14892=VERTEX_POINT('',#14891);
#14893=CARTESIAN_POINT('',(-3.71E0,-1.9198E0,-1.3924E0));
#14894=VERTEX_POINT('',#14893);
#14895=CARTESIAN_POINT('',(-3.71E0,-1.9198E0,-1.411E-1));
#14896=VERTEX_POINT('',#14895);
#14897=CARTESIAN_POINT('',(-3.71E0,-8.843E-1,-1.411E-1));
#14898=VERTEX_POINT('',#14897);
#14899=CARTESIAN_POINT('',(-3.71E0,-8.843E-1,-1.2036E0));
#14900=VERTEX_POINT('',#14899);
#14901=CARTESIAN_POINT('',(-3.71E0,-1.392E-1,-1.2036E0));
#14902=VERTEX_POINT('',#14901);
#14903=CARTESIAN_POINT('',(-3.71E0,-1.392E-1,-1.411E-1));
#14904=VERTEX_POINT('',#14903);
#14905=CARTESIAN_POINT('',(-3.71E0,1.6001E0,-1.411E-1));
#14906=VERTEX_POINT('',#14905);
#14907=CARTESIAN_POINT('',(-3.71E0,1.6001E0,3.467E-1));
#14908=VERTEX_POINT('',#14907);
#14909=CARTESIAN_POINT('',(-3.71E0,6.394E-1,3.467E-1));
#14910=VERTEX_POINT('',#14909);
#14911=CARTESIAN_POINT('',(-3.51E0,-1.248105607533E-1,-1.625E0));
#14912=DIRECTION('',(0.E0,0.E0,-1.E0));
#14913=DIRECTION('',(0.E0,-1.E0,0.E0));
#14914=AXIS2_PLACEMENT_3D('',#14911,#14912,#14913);
#14915=PLANE('',#14914);
#14917=ORIENTED_EDGE('',*,*,#14916,.F.);
#14919=ORIENTED_EDGE('',*,*,#14918,.T.);
#14921=ORIENTED_EDGE('',*,*,#14920,.T.);
#14923=ORIENTED_EDGE('',*,*,#14922,.F.);
#14924=EDGE_LOOP('',(#14917,#14919,#14921,#14923));
#14925=FACE_OUTER_BOUND('',#14924,.F.);
#14927=FILL_AREA_STYLE_COLOUR('',#16);
#14928=FILL_AREA_STYLE('',(#14927));
#14929=SURFACE_STYLE_FILL_AREA(#14928);
#14930=SURFACE_SIDE_STYLE('',(#14929));
#14931=SURFACE_STYLE_USAGE(.POSITIVE.,#14930);
#14932=PRESENTATION_STYLE_ASSIGNMENT((#14931));
#14933=STYLED_ITEM('',(#14932),#14926);
#14934=CARTESIAN_POINT('',(-3.51E0,0.E0,0.E0));
#14935=DIRECTION('',(-1.E0,0.E0,0.E0));
#14936=DIRECTION('',(0.E0,0.E0,-1.E0));
#14937=AXIS2_PLACEMENT_3D('',#14934,#14935,#14936);
#14938=PLANE('',#14937);
#14940=ORIENTED_EDGE('',*,*,#14939,.T.);
#14942=ORIENTED_EDGE('',*,*,#14941,.T.);
#14944=ORIENTED_EDGE('',*,*,#14943,.T.);
#14946=ORIENTED_EDGE('',*,*,#14945,.T.);
#14948=ORIENTED_EDGE('',*,*,#14947,.T.);
#14950=ORIENTED_EDGE('',*,*,#14949,.T.);
#14952=ORIENTED_EDGE('',*,*,#14951,.T.);
#14954=ORIENTED_EDGE('',*,*,#14953,.T.);
#14956=ORIENTED_EDGE('',*,*,#14955,.T.);
#14958=ORIENTED_EDGE('',*,*,#14957,.T.);
#14959=ORIENTED_EDGE('',*,*,#14916,.T.);
#14961=ORIENTED_EDGE('',*,*,#14960,.T.);
#14963=ORIENTED_EDGE('',*,*,#14962,.T.);
#14965=ORIENTED_EDGE('',*,*,#14964,.T.);
#14967=ORIENTED_EDGE('',*,*,#14966,.T.);
#14969=ORIENTED_EDGE('',*,*,#14968,.T.);
#14971=ORIENTED_EDGE('',*,*,#14970,.T.);
#14973=ORIENTED_EDGE('',*,*,#14972,.T.);
#14975=ORIENTED_EDGE('',*,*,#14974,.T.);
#14977=ORIENTED_EDGE('',*,*,#14976,.T.);
#14979=ORIENTED_EDGE('',*,*,#14978,.T.);
#14980=EDGE_LOOP('',(#14940,#14942,#14944,#14946,#14948,#14950,#14952,#14954,
#14956,#14958,#14959,#14961,#14963,#14965,#14967,#14969,#14971,#14973,#14975,
#14977,#14979));
#14981=FACE_OUTER_BOUND('',#14980,.F.);
#14983=FILL_AREA_STYLE_COLOUR('',#16);
#14984=FILL_AREA_STYLE('',(#14983));
#14985=SURFACE_STYLE_FILL_AREA(#14984);
#14986=SURFACE_SIDE_STYLE('',(#14985));
#14987=SURFACE_STYLE_USAGE(.POSITIVE.,#14986);
#14988=PRESENTATION_STYLE_ASSIGNMENT((#14987));
#14989=STYLED_ITEM('',(#14988),#14982);
#14990=CARTESIAN_POINT('',(-3.51E0,6.394E-1,8.876E-1));
#14991=DIRECTION('',(0.E0,0.E0,1.E0));
#14992=DIRECTION('',(0.E0,1.E0,0.E0));
#14993=AXIS2_PLACEMENT_3D('',#14990,#14991,#14992);
#14994=PLANE('',#14993);
#14995=ORIENTED_EDGE('',*,*,#14939,.F.);
#14997=ORIENTED_EDGE('',*,*,#14996,.T.);
#14999=ORIENTED_EDGE('',*,*,#14998,.T.);
#15001=ORIENTED_EDGE('',*,*,#15000,.F.);
#15002=EDGE_LOOP('',(#14995,#14997,#14999,#15001));
#15003=FACE_OUTER_BOUND('',#15002,.F.);
#15005=FILL_AREA_STYLE_COLOUR('',#16);
#15006=FILL_AREA_STYLE('',(#15005));
#15007=SURFACE_STYLE_FILL_AREA(#15006);
#15008=SURFACE_SIDE_STYLE('',(#15007));
#15009=SURFACE_STYLE_USAGE(.POSITIVE.,#15008);
#15010=PRESENTATION_STYLE_ASSIGNMENT((#15009));
#15011=STYLED_ITEM('',(#15010),#15004);
#15012=CARTESIAN_POINT('',(-3.51E0,6.394E-1,3.467E-1));
#15013=DIRECTION('',(0.E0,-1.E0,0.E0));
#15014=DIRECTION('',(0.E0,0.E0,1.E0));
#15015=AXIS2_PLACEMENT_3D('',#15012,#15013,#15014);
#15016=PLANE('',#15015);
#15017=ORIENTED_EDGE('',*,*,#14978,.F.);
#15019=ORIENTED_EDGE('',*,*,#15018,.T.);
#15021=ORIENTED_EDGE('',*,*,#15020,.T.);
#15022=ORIENTED_EDGE('',*,*,#14996,.F.);
#15023=EDGE_LOOP('',(#15017,#15019,#15021,#15022));
#15024=FACE_OUTER_BOUND('',#15023,.F.);
#15026=FILL_AREA_STYLE_COLOUR('',#16);
#15027=FILL_AREA_STYLE('',(#15026));
#15028=SURFACE_STYLE_FILL_AREA(#15027);
#15029=SURFACE_SIDE_STYLE('',(#15028));
#15030=SURFACE_STYLE_USAGE(.POSITIVE.,#15029);
#15031=PRESENTATION_STYLE_ASSIGNMENT((#15030));
#15032=STYLED_ITEM('',(#15031),#15025);
#15033=CARTESIAN_POINT('',(-3.51E0,1.6001E0,3.467E-1));
#15034=DIRECTION('',(0.E0,0.E0,-1.E0));
#15035=DIRECTION('',(0.E0,-1.E0,0.E0));
#15036=AXIS2_PLACEMENT_3D('',#15033,#15034,#15035);
#15037=PLANE('',#15036);
#15038=ORIENTED_EDGE('',*,*,#14976,.F.);
#15040=ORIENTED_EDGE('',*,*,#15039,.T.);
#15042=ORIENTED_EDGE('',*,*,#15041,.T.);
#15043=ORIENTED_EDGE('',*,*,#15018,.F.);
#15044=EDGE_LOOP('',(#15038,#15040,#15042,#15043));
#15045=FACE_OUTER_BOUND('',#15044,.F.);
#15047=FILL_AREA_STYLE_COLOUR('',#16);
#15048=FILL_AREA_STYLE('',(#15047));
#15049=SURFACE_STYLE_FILL_AREA(#15048);
#15050=SURFACE_SIDE_STYLE('',(#15049));
#15051=SURFACE_STYLE_USAGE(.POSITIVE.,#15050);
#15052=PRESENTATION_STYLE_ASSIGNMENT((#15051));
#15053=STYLED_ITEM('',(#15052),#15046);
#15054=CARTESIAN_POINT('',(-3.51E0,1.6001E0,-1.411E-1));
#15055=DIRECTION('',(0.E0,-1.E0,0.E0));
#15056=DIRECTION('',(0.E0,0.E0,1.E0));
#15057=AXIS2_PLACEMENT_3D('',#15054,#15055,#15056);
#15058=PLANE('',#15057);
#15059=ORIENTED_EDGE('',*,*,#14974,.F.);
#15061=ORIENTED_EDGE('',*,*,#15060,.T.);
#15063=ORIENTED_EDGE('',*,*,#15062,.T.);
#15064=ORIENTED_EDGE('',*,*,#15039,.F.);
#15065=EDGE_LOOP('',(#15059,#15061,#15063,#15064));
#15066=FACE_OUTER_BOUND('',#15065,.F.);
#15068=FILL_AREA_STYLE_COLOUR('',#16);
#15069=FILL_AREA_STYLE('',(#15068));
#15070=SURFACE_STYLE_FILL_AREA(#15069);
#15071=SURFACE_SIDE_STYLE('',(#15070));
#15072=SURFACE_STYLE_USAGE(.POSITIVE.,#15071);
#15073=PRESENTATION_STYLE_ASSIGNMENT((#15072));
#15074=STYLED_ITEM('',(#15073),#15067);
#15075=CARTESIAN_POINT('',(-3.51E0,-1.392E-1,-1.411E-1));
#15076=DIRECTION('',(0.E0,0.E0,1.E0));
#15077=DIRECTION('',(0.E0,1.E0,0.E0));
#15078=AXIS2_PLACEMENT_3D('',#15075,#15076,#15077);
#15079=PLANE('',#15078);
#15080=ORIENTED_EDGE('',*,*,#14972,.F.);
#15082=ORIENTED_EDGE('',*,*,#15081,.T.);
#15084=ORIENTED_EDGE('',*,*,#15083,.T.);
#15085=ORIENTED_EDGE('',*,*,#15060,.F.);
#15086=EDGE_LOOP('',(#15080,#15082,#15084,#15085));
#15087=FACE_OUTER_BOUND('',#15086,.F.);
#15089=FILL_AREA_STYLE_COLOUR('',#16);
#15090=FILL_AREA_STYLE('',(#15089));
#15091=SURFACE_STYLE_FILL_AREA(#15090);
#15092=SURFACE_SIDE_STYLE('',(#15091));
#15093=SURFACE_STYLE_USAGE(.POSITIVE.,#15092);
#15094=PRESENTATION_STYLE_ASSIGNMENT((#15093));
#15095=STYLED_ITEM('',(#15094),#15088);
#15096=CARTESIAN_POINT('',(-3.51E0,-1.392E-1,-1.2036E0));
#15097=DIRECTION('',(0.E0,-1.E0,0.E0));
#15098=DIRECTION('',(0.E0,0.E0,1.E0));
#15099=AXIS2_PLACEMENT_3D('',#15096,#15097,#15098);
#15100=PLANE('',#15099);
#15101=ORIENTED_EDGE('',*,*,#14970,.F.);
#15103=ORIENTED_EDGE('',*,*,#15102,.T.);
#15105=ORIENTED_EDGE('',*,*,#15104,.T.);
#15106=ORIENTED_EDGE('',*,*,#15081,.F.);
#15107=EDGE_LOOP('',(#15101,#15103,#15105,#15106));
#15108=FACE_OUTER_BOUND('',#15107,.F.);
#15110=FILL_AREA_STYLE_COLOUR('',#16);
#15111=FILL_AREA_STYLE('',(#15110));
#15112=SURFACE_STYLE_FILL_AREA(#15111);
#15113=SURFACE_SIDE_STYLE('',(#15112));
#15114=SURFACE_STYLE_USAGE(.POSITIVE.,#15113);
#15115=PRESENTATION_STYLE_ASSIGNMENT((#15114));
#15116=STYLED_ITEM('',(#15115),#15109);
#15117=CARTESIAN_POINT('',(-3.51E0,-8.843E-1,-1.2036E0));
#15118=DIRECTION('',(0.E0,0.E0,1.E0));
#15119=DIRECTION('',(0.E0,1.E0,0.E0));
#15120=AXIS2_PLACEMENT_3D('',#15117,#15118,#15119);
#15121=PLANE('',#15120);
#15122=ORIENTED_EDGE('',*,*,#14968,.F.);
#15124=ORIENTED_EDGE('',*,*,#15123,.T.);
#15126=ORIENTED_EDGE('',*,*,#15125,.T.);
#15127=ORIENTED_EDGE('',*,*,#15102,.F.);
#15128=EDGE_LOOP('',(#15122,#15124,#15126,#15127));
#15129=FACE_OUTER_BOUND('',#15128,.F.);
#15131=FILL_AREA_STYLE_COLOUR('',#16);
#15132=FILL_AREA_STYLE('',(#15131));
#15133=SURFACE_STYLE_FILL_AREA(#15132);
#15134=SURFACE_SIDE_STYLE('',(#15133));
#15135=SURFACE_STYLE_USAGE(.POSITIVE.,#15134);
#15136=PRESENTATION_STYLE_ASSIGNMENT((#15135));
#15137=STYLED_ITEM('',(#15136),#15130);
#15138=CARTESIAN_POINT('',(-3.51E0,-8.843E-1,-1.411E-1));
#15139=DIRECTION('',(0.E0,1.E0,0.E0));
#15140=DIRECTION('',(0.E0,0.E0,-1.E0));
#15141=AXIS2_PLACEMENT_3D('',#15138,#15139,#15140);
#15142=PLANE('',#15141);
#15143=ORIENTED_EDGE('',*,*,#14966,.F.);
#15145=ORIENTED_EDGE('',*,*,#15144,.T.);
#15147=ORIENTED_EDGE('',*,*,#15146,.T.);
#15148=ORIENTED_EDGE('',*,*,#15123,.F.);
#15149=EDGE_LOOP('',(#15143,#15145,#15147,#15148));
#15150=FACE_OUTER_BOUND('',#15149,.F.);
#15152=FILL_AREA_STYLE_COLOUR('',#16);
#15153=FILL_AREA_STYLE('',(#15152));
#15154=SURFACE_STYLE_FILL_AREA(#15153);
#15155=SURFACE_SIDE_STYLE('',(#15154));
#15156=SURFACE_STYLE_USAGE(.POSITIVE.,#15155);
#15157=PRESENTATION_STYLE_ASSIGNMENT((#15156));
#15158=STYLED_ITEM('',(#15157),#15151);
#15159=CARTESIAN_POINT('',(-3.51E0,-1.9198E0,-1.411E-1));
#15160=DIRECTION('',(0.E0,0.E0,1.E0));
#15161=DIRECTION('',(0.E0,1.E0,0.E0));
#15162=AXIS2_PLACEMENT_3D('',#15159,#15160,#15161);
#15163=PLANE('',#15162);
#15164=ORIENTED_EDGE('',*,*,#14964,.F.);
#15166=ORIENTED_EDGE('',*,*,#15165,.T.);
#15168=ORIENTED_EDGE('',*,*,#15167,.T.);
#15169=ORIENTED_EDGE('',*,*,#15144,.F.);
#15170=EDGE_LOOP('',(#15164,#15166,#15168,#15169));
#15171=FACE_OUTER_BOUND('',#15170,.F.);
#15173=FILL_AREA_STYLE_COLOUR('',#16);
#15174=FILL_AREA_STYLE('',(#15173));
#15175=SURFACE_STYLE_FILL_AREA(#15174);
#15176=SURFACE_SIDE_STYLE('',(#15175));
#15177=SURFACE_STYLE_USAGE(.POSITIVE.,#15176);
#15178=PRESENTATION_STYLE_ASSIGNMENT((#15177));
#15179=STYLED_ITEM('',(#15178),#15172);
#15180=CARTESIAN_POINT('',(-3.51E0,-1.9198E0,-1.3924E0));
#15181=DIRECTION('',(0.E0,-1.E0,0.E0));
#15182=DIRECTION('',(0.E0,0.E0,1.E0));
#15183=AXIS2_PLACEMENT_3D('',#15180,#15181,#15182);
#15184=PLANE('',#15183);
#15185=ORIENTED_EDGE('',*,*,#14962,.F.);
#15187=ORIENTED_EDGE('',*,*,#15186,.T.);
#15189=ORIENTED_EDGE('',*,*,#15188,.T.);
#15190=ORIENTED_EDGE('',*,*,#15165,.F.);
#15191=EDGE_LOOP('',(#15185,#15187,#15189,#15190));
#15192=FACE_OUTER_BOUND('',#15191,.F.);
#15194=FILL_AREA_STYLE_COLOUR('',#16);
#15195=FILL_AREA_STYLE('',(#15194));
#15196=SURFACE_STYLE_FILL_AREA(#15195);
#15197=SURFACE_SIDE_STYLE('',(#15196));
#15198=SURFACE_STYLE_USAGE(.POSITIVE.,#15197);
#15199=PRESENTATION_STYLE_ASSIGNMENT((#15198));
#15200=STYLED_ITEM('',(#15199),#15193);
#15201=CARTESIAN_POINT('',(-3.51E0,-1.554810560753E0,-1.625E0));
#15202=DIRECTION('',(0.E0,-5.374246434409E-1,-8.433117766416E-1));
#15203=DIRECTION('',(0.E0,-8.433117766416E-1,5.374246434409E-1));
#15204=AXIS2_PLACEMENT_3D('',#15201,#15202,#15203);
#15205=PLANE('',#15204);
#15206=ORIENTED_EDGE('',*,*,#14960,.F.);
#15207=ORIENTED_EDGE('',*,*,#14922,.T.);
#15209=ORIENTED_EDGE('',*,*,#15208,.T.);
#15210=ORIENTED_EDGE('',*,*,#15186,.F.);
#15211=EDGE_LOOP('',(#15206,#15207,#15209,#15210));
#15212=FACE_OUTER_BOUND('',#15211,.F.);
#15214=FILL_AREA_STYLE_COLOUR('',#16);
#15215=FILL_AREA_STYLE('',(#15214));
#15216=SURFACE_STYLE_FILL_AREA(#15215);
#15217=SURFACE_SIDE_STYLE('',(#15216));
#15218=SURFACE_STYLE_USAGE(.POSITIVE.,#15217);
#15219=PRESENTATION_STYLE_ASSIGNMENT((#15218));
#15220=STYLED_ITEM('',(#15219),#15213);
#15221=CARTESIAN_POINT('',(-3.71E0,0.E0,0.E0));
#15222=DIRECTION('',(-1.E0,0.E0,0.E0));
#15223=DIRECTION('',(0.E0,0.E0,-1.E0));
#15224=AXIS2_PLACEMENT_3D('',#15221,#15222,#15223);
#15225=PLANE('',#15224);
#15226=ORIENTED_EDGE('',*,*,#14998,.F.);
#15227=ORIENTED_EDGE('',*,*,#15020,.F.);
#15228=ORIENTED_EDGE('',*,*,#15041,.F.);
#15229=ORIENTED_EDGE('',*,*,#15062,.F.);
#15230=ORIENTED_EDGE('',*,*,#15083,.F.);
#15231=ORIENTED_EDGE('',*,*,#15104,.F.);
#15232=ORIENTED_EDGE('',*,*,#15125,.F.);
#15233=ORIENTED_EDGE('',*,*,#15146,.F.);
#15234=ORIENTED_EDGE('',*,*,#15167,.F.);
#15235=ORIENTED_EDGE('',*,*,#15188,.F.);
#15236=ORIENTED_EDGE('',*,*,#15208,.F.);
#15237=ORIENTED_EDGE('',*,*,#14920,.F.);
#15239=ORIENTED_EDGE('',*,*,#15238,.F.);
#15241=ORIENTED_EDGE('',*,*,#15240,.F.);
#15243=ORIENTED_EDGE('',*,*,#15242,.F.);
#15245=ORIENTED_EDGE('',*,*,#15244,.F.);
#15247=ORIENTED_EDGE('',*,*,#15246,.F.);
#15249=ORIENTED_EDGE('',*,*,#15248,.F.);
#15251=ORIENTED_EDGE('',*,*,#15250,.F.);
#15253=ORIENTED_EDGE('',*,*,#15252,.F.);
#15255=ORIENTED_EDGE('',*,*,#15254,.F.);
#15256=EDGE_LOOP('',(#15226,#15227,#15228,#15229,#15230,#15231,#15232,#15233,
#15234,#15235,#15236,#15237,#15239,#15241,#15243,#15245,#15247,#15249,#15251,
#15253,#15255));
#15257=FACE_OUTER_BOUND('',#15256,.F.);
#15259=FILL_AREA_STYLE_COLOUR('',#16);
#15260=FILL_AREA_STYLE('',(#15259));
#15261=SURFACE_STYLE_FILL_AREA(#15260);
#15262=SURFACE_SIDE_STYLE('',(#15261));
#15263=SURFACE_STYLE_USAGE(.POSITIVE.,#15262);
#15264=PRESENTATION_STYLE_ASSIGNMENT((#15263));
#15265=STYLED_ITEM('',(#15264),#15258);
#15266=CARTESIAN_POINT('',(-3.51E0,1.152030666667E-1,-1.4304E0));
#15267=DIRECTION('',(0.E0,6.297909379340E-1,-7.767646841201E-1));
#15268=DIRECTION('',(0.E0,-7.767646841201E-1,-6.297909379340E-1));
#15269=AXIS2_PLACEMENT_3D('',#15266,#15267,#15268);
#15270=PLANE('',#15269);
#15271=ORIENTED_EDGE('',*,*,#14957,.F.);
#15273=ORIENTED_EDGE('',*,*,#15272,.T.);
#15274=ORIENTED_EDGE('',*,*,#15238,.T.);
#15275=ORIENTED_EDGE('',*,*,#14918,.F.);
#15276=EDGE_LOOP('',(#15271,#15273,#15274,#15275));
#15277=FACE_OUTER_BOUND('',#15276,.F.);
#15279=FILL_AREA_STYLE_COLOUR('',#16);
#15280=FILL_AREA_STYLE('',(#15279));
#15281=SURFACE_STYLE_FILL_AREA(#15280);
#15282=SURFACE_SIDE_STYLE('',(#15281));
#15283=SURFACE_STYLE_USAGE(.POSITIVE.,#15282);
#15284=PRESENTATION_STYLE_ASSIGNMENT((#15283));
#15285=STYLED_ITEM('',(#15284),#15278);
#15286=CARTESIAN_POINT('',(-3.51E0,2.063603066667E0,-1.4304E0));
#15287=DIRECTION('',(0.E0,0.E0,-1.E0));
#15288=DIRECTION('',(0.E0,-1.E0,0.E0));
#15289=AXIS2_PLACEMENT_3D('',#15286,#15287,#15288);
#15290=PLANE('',#15289);
#15291=ORIENTED_EDGE('',*,*,#14955,.F.);
#15293=ORIENTED_EDGE('',*,*,#15292,.T.);
#15294=ORIENTED_EDGE('',*,*,#15240,.T.);
#15295=ORIENTED_EDGE('',*,*,#15272,.F.);
#15296=EDGE_LOOP('',(#15291,#15293,#15294,#15295));
#15297=FACE_OUTER_BOUND('',#15296,.F.);
#15299=FILL_AREA_STYLE_COLOUR('',#16);
#15300=FILL_AREA_STYLE('',(#15299));
#15301=SURFACE_STYLE_FILL_AREA(#15300);
#15302=SURFACE_SIDE_STYLE('',(#15301));
#15303=SURFACE_STYLE_USAGE(.POSITIVE.,#15302);
#15304=PRESENTATION_STYLE_ASSIGNMENT((#15303));
#15305=STYLED_ITEM('',(#15304),#15298);
#15306=CARTESIAN_POINT('',(-3.51E0,2.063603066667E0,-2.304E-1));
#15307=DIRECTION('',(0.E0,1.E0,0.E0));
#15308=DIRECTION('',(0.E0,0.E0,-1.E0));
#15309=AXIS2_PLACEMENT_3D('',#15306,#15307,#15308);
#15310=PLANE('',#15309);
#15311=ORIENTED_EDGE('',*,*,#14953,.F.);
#15313=ORIENTED_EDGE('',*,*,#15312,.T.);
#15314=ORIENTED_EDGE('',*,*,#15242,.T.);
#15315=ORIENTED_EDGE('',*,*,#15292,.F.);
#15316=EDGE_LOOP('',(#15311,#15313,#15314,#15315));
#15317=FACE_OUTER_BOUND('',#15316,.F.);
#15319=FILL_AREA_STYLE_COLOUR('',#16);
#15320=FILL_AREA_STYLE('',(#15319));
#15321=SURFACE_STYLE_FILL_AREA(#15320);
#15322=SURFACE_SIDE_STYLE('',(#15321));
#15323=SURFACE_STYLE_USAGE(.POSITIVE.,#15322);
#15324=PRESENTATION_STYLE_ASSIGNMENT((#15323));
#15325=STYLED_ITEM('',(#15324),#15318);
#15326=CARTESIAN_POINT('',(-3.51E0,2.25E0,-1.156E-1));
#15327=DIRECTION('',(0.E0,5.244094853894E-1,-8.514662011106E-1));
#15328=DIRECTION('',(0.E0,-8.514662011106E-1,-5.244094853894E-1));
#15329=AXIS2_PLACEMENT_3D('',#15326,#15327,#15328);
#15330=PLANE('',#15329);
#15331=ORIENTED_EDGE('',*,*,#14951,.F.);
#15333=ORIENTED_EDGE('',*,*,#15332,.T.);
#15334=ORIENTED_EDGE('',*,*,#15244,.T.);
#15335=ORIENTED_EDGE('',*,*,#15312,.F.);
#15336=EDGE_LOOP('',(#15331,#15333,#15334,#15335));
#15337=FACE_OUTER_BOUND('',#15336,.F.);
#15339=FILL_AREA_STYLE_COLOUR('',#16);
#15340=FILL_AREA_STYLE('',(#15339));
#15341=SURFACE_STYLE_FILL_AREA(#15340);
#15342=SURFACE_SIDE_STYLE('',(#15341));
#15343=SURFACE_STYLE_USAGE(.POSITIVE.,#15342);
#15344=PRESENTATION_STYLE_ASSIGNMENT((#15343));
#15345=STYLED_ITEM('',(#15344),#15338);
#15346=CARTESIAN_POINT('',(-3.51E0,2.25E0,9.844E-1));
#15347=DIRECTION('',(0.E0,1.E0,0.E0));
#15348=DIRECTION('',(0.E0,0.E0,-1.E0));
#15349=AXIS2_PLACEMENT_3D('',#15346,#15347,#15348);
#15350=PLANE('',#15349);
#15351=ORIENTED_EDGE('',*,*,#14949,.F.);
#15353=ORIENTED_EDGE('',*,*,#15352,.T.);
#15354=ORIENTED_EDGE('',*,*,#15246,.T.);
#15355=ORIENTED_EDGE('',*,*,#15332,.F.);
#15356=EDGE_LOOP('',(#15351,#15353,#15354,#15355));
#15357=FACE_OUTER_BOUND('',#15356,.F.);
#15359=FILL_AREA_STYLE_COLOUR('',#16);
#15360=FILL_AREA_STYLE('',(#15359));
#15361=SURFACE_STYLE_FILL_AREA(#15360);
#15362=SURFACE_SIDE_STYLE('',(#15361));
#15363=SURFACE_STYLE_USAGE(.POSITIVE.,#15362);
#15364=PRESENTATION_STYLE_ASSIGNMENT((#15363));
#15365=STYLED_ITEM('',(#15364),#15358);
#15366=CARTESIAN_POINT('',(-3.51E0,2.0642E0,9.844E-1));
#15367=DIRECTION('',(-1.E0,0.E0,0.E0));
#15368=DIRECTION('',(0.E0,0.E0,-1.E0));
#15369=AXIS2_PLACEMENT_3D('',#15366,#15367,#15368);
#15370=CYLINDRICAL_SURFACE('',#15369,1.858E-1);
#15371=ORIENTED_EDGE('',*,*,#14947,.F.);
#15373=ORIENTED_EDGE('',*,*,#15372,.T.);
#15374=ORIENTED_EDGE('',*,*,#15248,.T.);
#15375=ORIENTED_EDGE('',*,*,#15352,.F.);
#15376=EDGE_LOOP('',(#15371,#15373,#15374,#15375));
#15377=FACE_OUTER_BOUND('',#15376,.F.);
#15379=FILL_AREA_STYLE_COLOUR('',#16);
#15380=FILL_AREA_STYLE('',(#15379));
#15381=SURFACE_STYLE_FILL_AREA(#15380);
#15382=SURFACE_SIDE_STYLE('',(#15381));
#15383=SURFACE_STYLE_USAGE(.POSITIVE.,#15382);
#15384=PRESENTATION_STYLE_ASSIGNMENT((#15383));
#15385=STYLED_ITEM('',(#15384),#15378);
#15386=CARTESIAN_POINT('',(-3.51E0,1.8146E0,1.1702E0));
#15387=DIRECTION('',(0.E0,0.E0,1.E0));
#15388=DIRECTION('',(0.E0,1.E0,0.E0));
#15389=AXIS2_PLACEMENT_3D('',#15386,#15387,#15388);
#15390=PLANE('',#15389);
#15391=ORIENTED_EDGE('',*,*,#14945,.F.);
#15393=ORIENTED_EDGE('',*,*,#15392,.T.);
#15394=ORIENTED_EDGE('',*,*,#15250,.T.);
#15395=ORIENTED_EDGE('',*,*,#15372,.F.);
#15396=EDGE_LOOP('',(#15391,#15393,#15394,#15395));
#15397=FACE_OUTER_BOUND('',#15396,.F.);
#15399=FILL_AREA_STYLE_COLOUR('',#16);
#15400=FILL_AREA_STYLE('',(#15399));
#15401=SURFACE_STYLE_FILL_AREA(#15400);
#15402=SURFACE_SIDE_STYLE('',(#15401));
#15403=SURFACE_STYLE_USAGE(.POSITIVE.,#15402);
#15404=PRESENTATION_STYLE_ASSIGNMENT((#15403));
#15405=STYLED_ITEM('',(#15404),#15398);
#15406=CARTESIAN_POINT('',(-3.51E0,1.8146E0,9.811E-1));
#15407=DIRECTION('',(-1.E0,0.E0,0.E0));
#15408=DIRECTION('',(0.E0,0.E0,-1.E0));
#15409=AXIS2_PLACEMENT_3D('',#15406,#15407,#15408);
#15410=CYLINDRICAL_SURFACE('',#15409,1.891E-1);
#15411=ORIENTED_EDGE('',*,*,#14943,.F.);
#15413=ORIENTED_EDGE('',*,*,#15412,.T.);
#15414=ORIENTED_EDGE('',*,*,#15252,.T.);
#15415=ORIENTED_EDGE('',*,*,#15392,.F.);
#15416=EDGE_LOOP('',(#15411,#15413,#15414,#15415));
#15417=FACE_OUTER_BOUND('',#15416,.F.);
#15419=FILL_AREA_STYLE_COLOUR('',#16);
#15420=FILL_AREA_STYLE('',(#15419));
#15421=SURFACE_STYLE_FILL_AREA(#15420);
#15422=SURFACE_SIDE_STYLE('',(#15421));
#15423=SURFACE_STYLE_USAGE(.POSITIVE.,#15422);
#15424=PRESENTATION_STYLE_ASSIGNMENT((#15423));
#15425=STYLED_ITEM('',(#15424),#15418);
#15426=CARTESIAN_POINT('',(-3.51E0,1.6255E0,8.876E-1));
#15427=DIRECTION('',(0.E0,-1.E0,0.E0));
#15428=DIRECTION('',(0.E0,0.E0,1.E0));
#15429=AXIS2_PLACEMENT_3D('',#15426,#15427,#15428);
#15430=PLANE('',#15429);
#15431=ORIENTED_EDGE('',*,*,#14941,.F.);
#15432=ORIENTED_EDGE('',*,*,#15000,.T.);
#15433=ORIENTED_EDGE('',*,*,#15254,.T.);
#15434=ORIENTED_EDGE('',*,*,#15412,.F.);
#15435=EDGE_LOOP('',(#15431,#15432,#15433,#15434));
#15436=FACE_OUTER_BOUND('',#15435,.F.);
#15438=FILL_AREA_STYLE_COLOUR('',#16);
#15439=FILL_AREA_STYLE('',(#15438));
#15440=SURFACE_STYLE_FILL_AREA(#15439);
#15441=SURFACE_SIDE_STYLE('',(#15440));
#15442=SURFACE_STYLE_USAGE(.POSITIVE.,#15441);
#15443=PRESENTATION_STYLE_ASSIGNMENT((#15442));
#15444=STYLED_ITEM('',(#15443),#15437);
#15447=DIRECTION('',(1.E0,0.E0,0.E0));
#15448=VECTOR('',#15447,2.E-1);
#15449=CARTESIAN_POINT('',(3.51E0,-1.248105607533E-1,-1.625E0));
#15450=LINE('',#15449,#15448);
#15451=DIRECTION('',(0.E0,1.E0,0.E0));
#15452=VECTOR('',#15451,9.861E-1);
#15453=CARTESIAN_POINT('',(3.51E0,6.394E-1,8.876E-1));
#15454=LINE('',#15453,#15452);
#15455=DIRECTION('',(0.E0,0.E0,1.E0));
#15456=VECTOR('',#15455,5.409E-1);
#15457=CARTESIAN_POINT('',(3.51E0,6.394E-1,3.467E-1));
#15458=LINE('',#15457,#15456);
#15459=DIRECTION('',(0.E0,-1.E0,0.E0));
#15460=VECTOR('',#15459,9.607E-1);
#15461=CARTESIAN_POINT('',(3.51E0,1.6001E0,3.467E-1));
#15462=LINE('',#15461,#15460);
#15463=DIRECTION('',(0.E0,0.E0,1.E0));
#15464=VECTOR('',#15463,4.878E-1);
#15465=CARTESIAN_POINT('',(3.51E0,1.6001E0,-1.411E-1));
#15466=LINE('',#15465,#15464);
#15467=DIRECTION('',(0.E0,1.E0,0.E0));
#15468=VECTOR('',#15467,1.7393E0);
#15469=CARTESIAN_POINT('',(3.51E0,-1.392E-1,-1.411E-1));
#15470=LINE('',#15469,#15468);
#15471=DIRECTION('',(0.E0,0.E0,1.E0));
#15472=VECTOR('',#15471,1.0625E0);
#15473=CARTESIAN_POINT('',(3.51E0,-1.392E-1,-1.2036E0));
#15474=LINE('',#15473,#15472);
#15475=DIRECTION('',(0.E0,1.E0,0.E0));
#15476=VECTOR('',#15475,7.451E-1);
#15477=CARTESIAN_POINT('',(3.51E0,-8.843E-1,-1.2036E0));
#15478=LINE('',#15477,#15476);
#15479=DIRECTION('',(0.E0,0.E0,-1.E0));
#15480=VECTOR('',#15479,1.0625E0);
#15481=CARTESIAN_POINT('',(3.51E0,-8.843E-1,-1.411E-1));
#15482=LINE('',#15481,#15480);
#15483=DIRECTION('',(0.E0,1.E0,0.E0));
#15484=VECTOR('',#15483,1.0355E0);
#15485=CARTESIAN_POINT('',(3.51E0,-1.9198E0,-1.411E-1));
#15486=LINE('',#15485,#15484);
#15487=DIRECTION('',(0.E0,0.E0,1.E0));
#15488=VECTOR('',#15487,1.2513E0);
#15489=CARTESIAN_POINT('',(3.51E0,-1.9198E0,-1.3924E0));
#15490=LINE('',#15489,#15488);
#15491=DIRECTION('',(0.E0,-8.433117766416E-1,5.374246434409E-1));
#15492=VECTOR('',#15491,4.328048645309E-1);
#15493=CARTESIAN_POINT('',(3.51E0,-1.554810560753E0,-1.625E0));
#15494=LINE('',#15493,#15492);
#15495=DIRECTION('',(0.E0,-1.E0,0.E0));
#15496=VECTOR('',#15495,1.43E0);
#15497=CARTESIAN_POINT('',(3.51E0,-1.248105607533E-1,-1.625E0));
#15498=LINE('',#15497,#15496);
#15499=DIRECTION('',(0.E0,-7.767646841201E-1,-6.297909379340E-1));
#15500=VECTOR('',#15499,3.089914260094E-1);
#15501=CARTESIAN_POINT('',(3.51E0,1.152030666667E-1,-1.4304E0));
#15502=LINE('',#15501,#15500);
#15503=DIRECTION('',(0.E0,-1.E0,0.E0));
#15504=VECTOR('',#15503,1.9484E0);
#15505=CARTESIAN_POINT('',(3.51E0,2.063603066667E0,-1.4304E0));
#15506=LINE('',#15505,#15504);
#15507=DIRECTION('',(0.E0,0.E0,-1.E0));
#15508=VECTOR('',#15507,1.2E0);
#15509=CARTESIAN_POINT('',(3.51E0,2.063603066667E0,-2.304E-1));
#15510=LINE('',#15509,#15508);
#15511=DIRECTION('',(0.E0,-8.514662011106E-1,-5.244094853894E-1));
#15512=VECTOR('',#15511,2.189128976467E-1);
#15513=CARTESIAN_POINT('',(3.51E0,2.25E0,-1.156E-1));
#15514=LINE('',#15513,#15512);
#15515=DIRECTION('',(0.E0,0.E0,-1.E0));
#15516=VECTOR('',#15515,1.1E0);
#15517=CARTESIAN_POINT('',(3.51E0,2.25E0,9.844E-1));
#15518=LINE('',#15517,#15516);
#15519=CARTESIAN_POINT('',(3.51E0,2.0642E0,9.844E-1));
#15520=DIRECTION('',(-1.E0,0.E0,0.E0));
#15521=DIRECTION('',(0.E0,0.E0,1.E0));
#15522=AXIS2_PLACEMENT_3D('',#15519,#15520,#15521);
#15524=DIRECTION('',(0.E0,1.E0,0.E0));
#15525=VECTOR('',#15524,2.496E-1);
#15526=CARTESIAN_POINT('',(3.51E0,1.8146E0,1.1702E0));
#15527=LINE('',#15526,#15525);
#15528=CARTESIAN_POINT('',(3.51E0,1.8146E0,9.811E-1));
#15529=DIRECTION('',(-1.E0,0.E0,0.E0));
#15530=DIRECTION('',(0.E0,-1.E0,0.E0));
#15531=AXIS2_PLACEMENT_3D('',#15528,#15529,#15530);
#15533=DIRECTION('',(0.E0,0.E0,1.E0));
#15534=VECTOR('',#15533,9.35E-2);
#15535=CARTESIAN_POINT('',(3.51E0,1.6255E0,8.876E-1));
#15536=LINE('',#15535,#15534);
#15537=DIRECTION('',(1.E0,0.E0,0.E0));
#15538=VECTOR('',#15537,2.E-1);
#15539=CARTESIAN_POINT('',(3.51E0,6.394E-1,8.876E-1));
#15540=LINE('',#15539,#15538);
#15541=DIRECTION('',(1.E0,0.E0,0.E0));
#15542=VECTOR('',#15541,2.E-1);
#15543=CARTESIAN_POINT('',(3.51E0,1.6255E0,8.876E-1));
#15544=LINE('',#15543,#15542);
#15545=DIRECTION('',(1.E0,0.E0,0.E0));
#15546=VECTOR('',#15545,2.E-1);
#15547=CARTESIAN_POINT('',(3.51E0,1.6255E0,9.811E-1));
#15548=LINE('',#15547,#15546);
#15549=DIRECTION('',(1.E0,0.E0,0.E0));
#15550=VECTOR('',#15549,2.E-1);
#15551=CARTESIAN_POINT('',(3.51E0,1.8146E0,1.1702E0));
#15552=LINE('',#15551,#15550);
#15553=DIRECTION('',(1.E0,0.E0,0.E0));
#15554=VECTOR('',#15553,2.E-1);
#15555=CARTESIAN_POINT('',(3.51E0,2.0642E0,1.1702E0));
#15556=LINE('',#15555,#15554);
#15557=DIRECTION('',(1.E0,0.E0,0.E0));
#15558=VECTOR('',#15557,2.E-1);
#15559=CARTESIAN_POINT('',(3.51E0,2.25E0,9.844E-1));
#15560=LINE('',#15559,#15558);
#15561=DIRECTION('',(1.E0,0.E0,0.E0));
#15562=VECTOR('',#15561,2.E-1);
#15563=CARTESIAN_POINT('',(3.51E0,2.25E0,-1.156E-1));
#15564=LINE('',#15563,#15562);
#15565=DIRECTION('',(1.E0,0.E0,0.E0));
#15566=VECTOR('',#15565,2.E-1);
#15567=CARTESIAN_POINT('',(3.51E0,2.063603066667E0,-2.304E-1));
#15568=LINE('',#15567,#15566);
#15569=DIRECTION('',(1.E0,0.E0,0.E0));
#15570=VECTOR('',#15569,2.E-1);
#15571=CARTESIAN_POINT('',(3.51E0,2.063603066667E0,-1.4304E0));
#15572=LINE('',#15571,#15570);
#15573=DIRECTION('',(1.E0,0.E0,0.E0));
#15574=VECTOR('',#15573,2.E-1);
#15575=CARTESIAN_POINT('',(3.51E0,1.152030666667E-1,-1.4304E0));
#15576=LINE('',#15575,#15574);
#15577=DIRECTION('',(0.E0,1.E0,0.E0));
#15578=VECTOR('',#15577,9.861E-1);
#15579=CARTESIAN_POINT('',(3.71E0,6.394E-1,8.876E-1));
#15580=LINE('',#15579,#15578);
#15581=DIRECTION('',(0.E0,0.E0,1.E0));
#15582=VECTOR('',#15581,9.35E-2);
#15583=CARTESIAN_POINT('',(3.71E0,1.6255E0,8.876E-1));
#15584=LINE('',#15583,#15582);
#15585=CARTESIAN_POINT('',(3.71E0,1.8146E0,9.811E-1));
#15586=DIRECTION('',(-1.E0,0.E0,0.E0));
#15587=DIRECTION('',(0.E0,-1.E0,0.E0));
#15588=AXIS2_PLACEMENT_3D('',#15585,#15586,#15587);
#15590=DIRECTION('',(0.E0,1.E0,0.E0));
#15591=VECTOR('',#15590,2.496E-1);
#15592=CARTESIAN_POINT('',(3.71E0,1.8146E0,1.1702E0));
#15593=LINE('',#15592,#15591);
#15594=CARTESIAN_POINT('',(3.71E0,2.0642E0,9.844E-1));
#15595=DIRECTION('',(-1.E0,0.E0,0.E0));
#15596=DIRECTION('',(0.E0,0.E0,1.E0));
#15597=AXIS2_PLACEMENT_3D('',#15594,#15595,#15596);
#15599=DIRECTION('',(0.E0,0.E0,-1.E0));
#15600=VECTOR('',#15599,1.1E0);
#15601=CARTESIAN_POINT('',(3.71E0,2.25E0,9.844E-1));
#15602=LINE('',#15601,#15600);
#15603=DIRECTION('',(0.E0,-8.514662011106E-1,-5.244094853894E-1));
#15604=VECTOR('',#15603,2.189128976467E-1);
#15605=CARTESIAN_POINT('',(3.71E0,2.25E0,-1.156E-1));
#15606=LINE('',#15605,#15604);
#15607=DIRECTION('',(0.E0,0.E0,-1.E0));
#15608=VECTOR('',#15607,1.2E0);
#15609=CARTESIAN_POINT('',(3.71E0,2.063603066667E0,-2.304E-1));
#15610=LINE('',#15609,#15608);
#15611=DIRECTION('',(0.E0,-1.E0,0.E0));
#15612=VECTOR('',#15611,1.9484E0);
#15613=CARTESIAN_POINT('',(3.71E0,2.063603066667E0,-1.4304E0));
#15614=LINE('',#15613,#15612);
#15615=DIRECTION('',(0.E0,-7.767646841201E-1,-6.297909379340E-1));
#15616=VECTOR('',#15615,3.089914260094E-1);
#15617=CARTESIAN_POINT('',(3.71E0,1.152030666667E-1,-1.4304E0));
#15618=LINE('',#15617,#15616);
#15619=DIRECTION('',(0.E0,-1.E0,0.E0));
#15620=VECTOR('',#15619,1.43E0);
#15621=CARTESIAN_POINT('',(3.71E0,-1.248105607533E-1,-1.625E0));
#15622=LINE('',#15621,#15620);
#15623=DIRECTION('',(0.E0,-8.433117766416E-1,5.374246434409E-1));
#15624=VECTOR('',#15623,4.328048645309E-1);
#15625=CARTESIAN_POINT('',(3.71E0,-1.554810560753E0,-1.625E0));
#15626=LINE('',#15625,#15624);
#15627=DIRECTION('',(0.E0,0.E0,1.E0));
#15628=VECTOR('',#15627,1.2513E0);
#15629=CARTESIAN_POINT('',(3.71E0,-1.9198E0,-1.3924E0));
#15630=LINE('',#15629,#15628);
#15631=DIRECTION('',(0.E0,1.E0,0.E0));
#15632=VECTOR('',#15631,1.0355E0);
#15633=CARTESIAN_POINT('',(3.71E0,-1.9198E0,-1.411E-1));
#15634=LINE('',#15633,#15632);
#15635=DIRECTION('',(0.E0,0.E0,-1.E0));
#15636=VECTOR('',#15635,1.0625E0);
#15637=CARTESIAN_POINT('',(3.71E0,-8.843E-1,-1.411E-1));
#15638=LINE('',#15637,#15636);
#15639=DIRECTION('',(0.E0,1.E0,0.E0));
#15640=VECTOR('',#15639,7.451E-1);
#15641=CARTESIAN_POINT('',(3.71E0,-8.843E-1,-1.2036E0));
#15642=LINE('',#15641,#15640);
#15643=DIRECTION('',(0.E0,0.E0,1.E0));
#15644=VECTOR('',#15643,1.0625E0);
#15645=CARTESIAN_POINT('',(3.71E0,-1.392E-1,-1.2036E0));
#15646=LINE('',#15645,#15644);
#15647=DIRECTION('',(0.E0,1.E0,0.E0));
#15648=VECTOR('',#15647,1.7393E0);
#15649=CARTESIAN_POINT('',(3.71E0,-1.392E-1,-1.411E-1));
#15650=LINE('',#15649,#15648);
#15651=DIRECTION('',(0.E0,0.E0,1.E0));
#15652=VECTOR('',#15651,4.878E-1);
#15653=CARTESIAN_POINT('',(3.71E0,1.6001E0,-1.411E-1));
#15654=LINE('',#15653,#15652);
#15655=DIRECTION('',(0.E0,-1.E0,0.E0));
#15656=VECTOR('',#15655,9.607E-1);
#15657=CARTESIAN_POINT('',(3.71E0,1.6001E0,3.467E-1));
#15658=LINE('',#15657,#15656);
#15659=DIRECTION('',(0.E0,0.E0,1.E0));
#15660=VECTOR('',#15659,5.409E-1);
#15661=CARTESIAN_POINT('',(3.71E0,6.394E-1,3.467E-1));
#15662=LINE('',#15661,#15660);
#15663=DIRECTION('',(1.E0,0.E0,0.E0));
#15664=VECTOR('',#15663,2.E-1);
#15665=CARTESIAN_POINT('',(3.51E0,-1.554810560753E0,-1.625E0));
#15666=LINE('',#15665,#15664);
#15667=DIRECTION('',(1.E0,0.E0,0.E0));
#15668=VECTOR('',#15667,2.E-1);
#15669=CARTESIAN_POINT('',(3.51E0,-1.9198E0,-1.3924E0));
#15670=LINE('',#15669,#15668);
#15671=DIRECTION('',(1.E0,0.E0,0.E0));
#15672=VECTOR('',#15671,2.E-1);
#15673=CARTESIAN_POINT('',(3.51E0,-1.9198E0,-1.411E-1));
#15674=LINE('',#15673,#15672);
#15675=DIRECTION('',(1.E0,0.E0,0.E0));
#15676=VECTOR('',#15675,2.E-1);
#15677=CARTESIAN_POINT('',(3.51E0,-8.843E-1,-1.411E-1));
#15678=LINE('',#15677,#15676);
#15679=DIRECTION('',(1.E0,0.E0,0.E0));
#15680=VECTOR('',#15679,2.E-1);
#15681=CARTESIAN_POINT('',(3.51E0,-8.843E-1,-1.2036E0));
#15682=LINE('',#15681,#15680);
#15683=DIRECTION('',(1.E0,0.E0,0.E0));
#15684=VECTOR('',#15683,2.E-1);
#15685=CARTESIAN_POINT('',(3.51E0,-1.392E-1,-1.2036E0));
#15686=LINE('',#15685,#15684);
#15687=DIRECTION('',(1.E0,0.E0,0.E0));
#15688=VECTOR('',#15687,2.E-1);
#15689=CARTESIAN_POINT('',(3.51E0,-1.392E-1,-1.411E-1));
#15690=LINE('',#15689,#15688);
#15691=DIRECTION('',(1.E0,0.E0,0.E0));
#15692=VECTOR('',#15691,2.E-1);
#15693=CARTESIAN_POINT('',(3.51E0,1.6001E0,-1.411E-1));
#15694=LINE('',#15693,#15692);
#15695=DIRECTION('',(1.E0,0.E0,0.E0));
#15696=VECTOR('',#15695,2.E-1);
#15697=CARTESIAN_POINT('',(3.51E0,1.6001E0,3.467E-1));
#15698=LINE('',#15697,#15696);
#15699=DIRECTION('',(1.E0,0.E0,0.E0));
#15700=VECTOR('',#15699,2.E-1);
#15701=CARTESIAN_POINT('',(3.51E0,6.394E-1,3.467E-1));
#15702=LINE('',#15701,#15700);
#15703=CARTESIAN_POINT('',(3.51E0,6.394E-1,8.876E-1));
#15704=CARTESIAN_POINT('',(3.51E0,1.6255E0,8.876E-1));
#15705=VERTEX_POINT('',#15703);
#15706=VERTEX_POINT('',#15704);
#15707=CARTESIAN_POINT('',(3.51E0,1.6255E0,9.811E-1));
#15708=VERTEX_POINT('',#15707);
#15709=CARTESIAN_POINT('',(3.51E0,1.8146E0,1.1702E0));
#15710=VERTEX_POINT('',#15709);
#15711=CARTESIAN_POINT('',(3.51E0,2.0642E0,1.1702E0));
#15712=VERTEX_POINT('',#15711);
#15713=CARTESIAN_POINT('',(3.51E0,2.25E0,9.844E-1));
#15714=VERTEX_POINT('',#15713);
#15715=CARTESIAN_POINT('',(3.51E0,2.25E0,-1.156E-1));
#15716=VERTEX_POINT('',#15715);
#15717=CARTESIAN_POINT('',(3.51E0,2.063603066667E0,-2.304E-1));
#15718=VERTEX_POINT('',#15717);
#15719=CARTESIAN_POINT('',(3.51E0,2.063603066667E0,-1.4304E0));
#15720=VERTEX_POINT('',#15719);
#15721=CARTESIAN_POINT('',(3.51E0,1.152030666667E-1,-1.4304E0));
#15722=VERTEX_POINT('',#15721);
#15723=CARTESIAN_POINT('',(3.51E0,-1.248105607533E-1,-1.625E0));
#15724=VERTEX_POINT('',#15723);
#15725=CARTESIAN_POINT('',(3.51E0,-1.554810560753E0,-1.625E0));
#15726=VERTEX_POINT('',#15725);
#15727=CARTESIAN_POINT('',(3.51E0,-1.9198E0,-1.3924E0));
#15728=VERTEX_POINT('',#15727);
#15729=CARTESIAN_POINT('',(3.51E0,-1.9198E0,-1.411E-1));
#15730=VERTEX_POINT('',#15729);
#15731=CARTESIAN_POINT('',(3.51E0,-8.843E-1,-1.411E-1));
#15732=VERTEX_POINT('',#15731);
#15733=CARTESIAN_POINT('',(3.51E0,-8.843E-1,-1.2036E0));
#15734=VERTEX_POINT('',#15733);
#15735=CARTESIAN_POINT('',(3.51E0,-1.392E-1,-1.2036E0));
#15736=VERTEX_POINT('',#15735);
#15737=CARTESIAN_POINT('',(3.51E0,-1.392E-1,-1.411E-1));
#15738=VERTEX_POINT('',#15737);
#15739=CARTESIAN_POINT('',(3.51E0,1.6001E0,-1.411E-1));
#15740=VERTEX_POINT('',#15739);
#15741=CARTESIAN_POINT('',(3.51E0,1.6001E0,3.467E-1));
#15742=VERTEX_POINT('',#15741);
#15743=CARTESIAN_POINT('',(3.51E0,6.394E-1,3.467E-1));
#15744=VERTEX_POINT('',#15743);
#15745=CARTESIAN_POINT('',(3.71E0,6.394E-1,8.876E-1));
#15746=CARTESIAN_POINT('',(3.71E0,1.6255E0,8.876E-1));
#15747=VERTEX_POINT('',#15745);
#15748=VERTEX_POINT('',#15746);
#15749=CARTESIAN_POINT('',(3.71E0,1.6255E0,9.811E-1));
#15750=VERTEX_POINT('',#15749);
#15751=CARTESIAN_POINT('',(3.71E0,1.8146E0,1.1702E0));
#15752=VERTEX_POINT('',#15751);
#15753=CARTESIAN_POINT('',(3.71E0,2.0642E0,1.1702E0));
#15754=VERTEX_POINT('',#15753);
#15755=CARTESIAN_POINT('',(3.71E0,2.25E0,9.844E-1));
#15756=VERTEX_POINT('',#15755);
#15757=CARTESIAN_POINT('',(3.71E0,2.25E0,-1.156E-1));
#15758=VERTEX_POINT('',#15757);
#15759=CARTESIAN_POINT('',(3.71E0,2.063603066667E0,-2.304E-1));
#15760=VERTEX_POINT('',#15759);
#15761=CARTESIAN_POINT('',(3.71E0,2.063603066667E0,-1.4304E0));
#15762=VERTEX_POINT('',#15761);
#15763=CARTESIAN_POINT('',(3.71E0,1.152030666667E-1,-1.4304E0));
#15764=VERTEX_POINT('',#15763);
#15765=CARTESIAN_POINT('',(3.71E0,-1.248105607533E-1,-1.625E0));
#15766=VERTEX_POINT('',#15765);
#15767=CARTESIAN_POINT('',(3.71E0,-1.554810560753E0,-1.625E0));
#15768=VERTEX_POINT('',#15767);
#15769=CARTESIAN_POINT('',(3.71E0,-1.9198E0,-1.3924E0));
#15770=VERTEX_POINT('',#15769);
#15771=CARTESIAN_POINT('',(3.71E0,-1.9198E0,-1.411E-1));
#15772=VERTEX_POINT('',#15771);
#15773=CARTESIAN_POINT('',(3.71E0,-8.843E-1,-1.411E-1));
#15774=VERTEX_POINT('',#15773);
#15775=CARTESIAN_POINT('',(3.71E0,-8.843E-1,-1.2036E0));
#15776=VERTEX_POINT('',#15775);
#15777=CARTESIAN_POINT('',(3.71E0,-1.392E-1,-1.2036E0));
#15778=VERTEX_POINT('',#15777);
#15779=CARTESIAN_POINT('',(3.71E0,-1.392E-1,-1.411E-1));
#15780=VERTEX_POINT('',#15779);
#15781=CARTESIAN_POINT('',(3.71E0,1.6001E0,-1.411E-1));
#15782=VERTEX_POINT('',#15781);
#15783=CARTESIAN_POINT('',(3.71E0,1.6001E0,3.467E-1));
#15784=VERTEX_POINT('',#15783);
#15785=CARTESIAN_POINT('',(3.71E0,6.394E-1,3.467E-1));
#15786=VERTEX_POINT('',#15785);
#15787=CARTESIAN_POINT('',(3.51E0,-1.248105607533E-1,-1.625E0));
#15788=DIRECTION('',(0.E0,0.E0,1.E0));
#15789=DIRECTION('',(0.E0,-1.E0,0.E0));
#15790=AXIS2_PLACEMENT_3D('',#15787,#15788,#15789);
#15791=PLANE('',#15790);
#15793=ORIENTED_EDGE('',*,*,#15792,.T.);
#15795=ORIENTED_EDGE('',*,*,#15794,.T.);
#15797=ORIENTED_EDGE('',*,*,#15796,.F.);
#15799=ORIENTED_EDGE('',*,*,#15798,.F.);
#15800=EDGE_LOOP('',(#15793,#15795,#15797,#15799));
#15801=FACE_OUTER_BOUND('',#15800,.F.);
#15803=FILL_AREA_STYLE_COLOUR('',#16);
#15804=FILL_AREA_STYLE('',(#15803));
#15805=SURFACE_STYLE_FILL_AREA(#15804);
#15806=SURFACE_SIDE_STYLE('',(#15805));
#15807=SURFACE_STYLE_USAGE(.POSITIVE.,#15806);
#15808=PRESENTATION_STYLE_ASSIGNMENT((#15807));
#15809=STYLED_ITEM('',(#15808),#15802);
#15810=CARTESIAN_POINT('',(3.51E0,0.E0,0.E0));
#15811=DIRECTION('',(-1.E0,0.E0,0.E0));
#15812=DIRECTION('',(0.E0,0.E0,-1.E0));
#15813=AXIS2_PLACEMENT_3D('',#15810,#15811,#15812);
#15814=PLANE('',#15813);
#15816=ORIENTED_EDGE('',*,*,#15815,.F.);
#15818=ORIENTED_EDGE('',*,*,#15817,.F.);
#15820=ORIENTED_EDGE('',*,*,#15819,.F.);
#15822=ORIENTED_EDGE('',*,*,#15821,.F.);
#15824=ORIENTED_EDGE('',*,*,#15823,.F.);
#15826=ORIENTED_EDGE('',*,*,#15825,.F.);
#15828=ORIENTED_EDGE('',*,*,#15827,.F.);
#15830=ORIENTED_EDGE('',*,*,#15829,.F.);
#15832=ORIENTED_EDGE('',*,*,#15831,.F.);
#15834=ORIENTED_EDGE('',*,*,#15833,.F.);
#15836=ORIENTED_EDGE('',*,*,#15835,.F.);
#15837=ORIENTED_EDGE('',*,*,#15792,.F.);
#15839=ORIENTED_EDGE('',*,*,#15838,.F.);
#15841=ORIENTED_EDGE('',*,*,#15840,.F.);
#15843=ORIENTED_EDGE('',*,*,#15842,.F.);
#15845=ORIENTED_EDGE('',*,*,#15844,.F.);
#15847=ORIENTED_EDGE('',*,*,#15846,.F.);
#15849=ORIENTED_EDGE('',*,*,#15848,.F.);
#15851=ORIENTED_EDGE('',*,*,#15850,.F.);
#15853=ORIENTED_EDGE('',*,*,#15852,.F.);
#15855=ORIENTED_EDGE('',*,*,#15854,.F.);
#15856=EDGE_LOOP('',(#15816,#15818,#15820,#15822,#15824,#15826,#15828,#15830,
#15832,#15834,#15836,#15837,#15839,#15841,#15843,#15845,#15847,#15849,#15851,
#15853,#15855));
#15857=FACE_OUTER_BOUND('',#15856,.F.);
#15859=FILL_AREA_STYLE_COLOUR('',#16);
#15860=FILL_AREA_STYLE('',(#15859));
#15861=SURFACE_STYLE_FILL_AREA(#15860);
#15862=SURFACE_SIDE_STYLE('',(#15861));
#15863=SURFACE_STYLE_USAGE(.POSITIVE.,#15862);
#15864=PRESENTATION_STYLE_ASSIGNMENT((#15863));
#15865=STYLED_ITEM('',(#15864),#15858);
#15866=CARTESIAN_POINT('',(3.51E0,6.394E-1,8.876E-1));
#15867=DIRECTION('',(0.E0,0.E0,-1.E0));
#15868=DIRECTION('',(0.E0,1.E0,0.E0));
#15869=AXIS2_PLACEMENT_3D('',#15866,#15867,#15868);
#15870=PLANE('',#15869);
#15871=ORIENTED_EDGE('',*,*,#15815,.T.);
#15873=ORIENTED_EDGE('',*,*,#15872,.T.);
#15875=ORIENTED_EDGE('',*,*,#15874,.F.);
#15877=ORIENTED_EDGE('',*,*,#15876,.F.);
#15878=EDGE_LOOP('',(#15871,#15873,#15875,#15877));
#15879=FACE_OUTER_BOUND('',#15878,.F.);
#15881=FILL_AREA_STYLE_COLOUR('',#16);
#15882=FILL_AREA_STYLE('',(#15881));
#15883=SURFACE_STYLE_FILL_AREA(#15882);
#15884=SURFACE_SIDE_STYLE('',(#15883));
#15885=SURFACE_STYLE_USAGE(.POSITIVE.,#15884);
#15886=PRESENTATION_STYLE_ASSIGNMENT((#15885));
#15887=STYLED_ITEM('',(#15886),#15880);
#15888=CARTESIAN_POINT('',(3.51E0,1.6255E0,8.876E-1));
#15889=DIRECTION('',(0.E0,1.E0,0.E0));
#15890=DIRECTION('',(0.E0,0.E0,1.E0));
#15891=AXIS2_PLACEMENT_3D('',#15888,#15889,#15890);
#15892=PLANE('',#15891);
#15893=ORIENTED_EDGE('',*,*,#15854,.T.);
#15895=ORIENTED_EDGE('',*,*,#15894,.T.);
#15897=ORIENTED_EDGE('',*,*,#15896,.F.);
#15898=ORIENTED_EDGE('',*,*,#15872,.F.);
#15899=EDGE_LOOP('',(#15893,#15895,#15897,#15898));
#15900=FACE_OUTER_BOUND('',#15899,.F.);
#15902=FILL_AREA_STYLE_COLOUR('',#16);
#15903=FILL_AREA_STYLE('',(#15902));
#15904=SURFACE_STYLE_FILL_AREA(#15903);
#15905=SURFACE_SIDE_STYLE('',(#15904));
#15906=SURFACE_STYLE_USAGE(.POSITIVE.,#15905);
#15907=PRESENTATION_STYLE_ASSIGNMENT((#15906));
#15908=STYLED_ITEM('',(#15907),#15901);
#15909=CARTESIAN_POINT('',(3.51E0,1.8146E0,9.811E-1));
#15910=DIRECTION('',(-1.E0,0.E0,0.E0));
#15911=DIRECTION('',(0.E0,0.E0,-1.E0));
#15912=AXIS2_PLACEMENT_3D('',#15909,#15910,#15911);
#15913=CYLINDRICAL_SURFACE('',#15912,1.891E-1);
#15914=ORIENTED_EDGE('',*,*,#15852,.T.);
#15916=ORIENTED_EDGE('',*,*,#15915,.T.);
#15918=ORIENTED_EDGE('',*,*,#15917,.F.);
#15919=ORIENTED_EDGE('',*,*,#15894,.F.);
#15920=EDGE_LOOP('',(#15914,#15916,#15918,#15919));
#15921=FACE_OUTER_BOUND('',#15920,.F.);
#15923=FILL_AREA_STYLE_COLOUR('',#16);
#15924=FILL_AREA_STYLE('',(#15923));
#15925=SURFACE_STYLE_FILL_AREA(#15924);
#15926=SURFACE_SIDE_STYLE('',(#15925));
#15927=SURFACE_STYLE_USAGE(.POSITIVE.,#15926);
#15928=PRESENTATION_STYLE_ASSIGNMENT((#15927));
#15929=STYLED_ITEM('',(#15928),#15922);
#15930=CARTESIAN_POINT('',(3.51E0,1.8146E0,1.1702E0));
#15931=DIRECTION('',(0.E0,0.E0,-1.E0));
#15932=DIRECTION('',(0.E0,1.E0,0.E0));
#15933=AXIS2_PLACEMENT_3D('',#15930,#15931,#15932);
#15934=PLANE('',#15933);
#15935=ORIENTED_EDGE('',*,*,#15850,.T.);
#15937=ORIENTED_EDGE('',*,*,#15936,.T.);
#15939=ORIENTED_EDGE('',*,*,#15938,.F.);
#15940=ORIENTED_EDGE('',*,*,#15915,.F.);
#15941=EDGE_LOOP('',(#15935,#15937,#15939,#15940));
#15942=FACE_OUTER_BOUND('',#15941,.F.);
#15944=FILL_AREA_STYLE_COLOUR('',#16);
#15945=FILL_AREA_STYLE('',(#15944));
#15946=SURFACE_STYLE_FILL_AREA(#15945);
#15947=SURFACE_SIDE_STYLE('',(#15946));
#15948=SURFACE_STYLE_USAGE(.POSITIVE.,#15947);
#15949=PRESENTATION_STYLE_ASSIGNMENT((#15948));
#15950=STYLED_ITEM('',(#15949),#15943);
#15951=CARTESIAN_POINT('',(3.51E0,2.0642E0,9.844E-1));
#15952=DIRECTION('',(-1.E0,0.E0,0.E0));
#15953=DIRECTION('',(0.E0,0.E0,-1.E0));
#15954=AXIS2_PLACEMENT_3D('',#15951,#15952,#15953);
#15955=CYLINDRICAL_SURFACE('',#15954,1.858E-1);
#15956=ORIENTED_EDGE('',*,*,#15848,.T.);
#15958=ORIENTED_EDGE('',*,*,#15957,.T.);
#15960=ORIENTED_EDGE('',*,*,#15959,.F.);
#15961=ORIENTED_EDGE('',*,*,#15936,.F.);
#15962=EDGE_LOOP('',(#15956,#15958,#15960,#15961));
#15963=FACE_OUTER_BOUND('',#15962,.F.);
#15965=FILL_AREA_STYLE_COLOUR('',#16);
#15966=FILL_AREA_STYLE('',(#15965));
#15967=SURFACE_STYLE_FILL_AREA(#15966);
#15968=SURFACE_SIDE_STYLE('',(#15967));
#15969=SURFACE_STYLE_USAGE(.POSITIVE.,#15968);
#15970=PRESENTATION_STYLE_ASSIGNMENT((#15969));
#15971=STYLED_ITEM('',(#15970),#15964);
#15972=CARTESIAN_POINT('',(3.51E0,2.25E0,9.844E-1));
#15973=DIRECTION('',(0.E0,-1.E0,0.E0));
#15974=DIRECTION('',(0.E0,0.E0,-1.E0));
#15975=AXIS2_PLACEMENT_3D('',#15972,#15973,#15974);
#15976=PLANE('',#15975);
#15977=ORIENTED_EDGE('',*,*,#15846,.T.);
#15979=ORIENTED_EDGE('',*,*,#15978,.T.);
#15981=ORIENTED_EDGE('',*,*,#15980,.F.);
#15982=ORIENTED_EDGE('',*,*,#15957,.F.);
#15983=EDGE_LOOP('',(#15977,#15979,#15981,#15982));
#15984=FACE_OUTER_BOUND('',#15983,.F.);
#15986=FILL_AREA_STYLE_COLOUR('',#16);
#15987=FILL_AREA_STYLE('',(#15986));
#15988=SURFACE_STYLE_FILL_AREA(#15987);
#15989=SURFACE_SIDE_STYLE('',(#15988));
#15990=SURFACE_STYLE_USAGE(.POSITIVE.,#15989);
#15991=PRESENTATION_STYLE_ASSIGNMENT((#15990));
#15992=STYLED_ITEM('',(#15991),#15985);
#15993=CARTESIAN_POINT('',(3.51E0,2.25E0,-1.156E-1));
#15994=DIRECTION('',(0.E0,-5.244094853894E-1,8.514662011106E-1));
#15995=DIRECTION('',(0.E0,-8.514662011106E-1,-5.244094853894E-1));
#15996=AXIS2_PLACEMENT_3D('',#15993,#15994,#15995);
#15997=PLANE('',#15996);
#15998=ORIENTED_EDGE('',*,*,#15844,.T.);
#16000=ORIENTED_EDGE('',*,*,#15999,.T.);
#16002=ORIENTED_EDGE('',*,*,#16001,.F.);
#16003=ORIENTED_EDGE('',*,*,#15978,.F.);
#16004=EDGE_LOOP('',(#15998,#16000,#16002,#16003));
#16005=FACE_OUTER_BOUND('',#16004,.F.);
#16007=FILL_AREA_STYLE_COLOUR('',#16);
#16008=FILL_AREA_STYLE('',(#16007));
#16009=SURFACE_STYLE_FILL_AREA(#16008);
#16010=SURFACE_SIDE_STYLE('',(#16009));
#16011=SURFACE_STYLE_USAGE(.POSITIVE.,#16010);
#16012=PRESENTATION_STYLE_ASSIGNMENT((#16011));
#16013=STYLED_ITEM('',(#16012),#16006);
#16014=CARTESIAN_POINT('',(3.51E0,2.063603066667E0,-2.304E-1));
#16015=DIRECTION('',(0.E0,-1.E0,0.E0));
#16016=DIRECTION('',(0.E0,0.E0,-1.E0));
#16017=AXIS2_PLACEMENT_3D('',#16014,#16015,#16016);
#16018=PLANE('',#16017);
#16019=ORIENTED_EDGE('',*,*,#15842,.T.);
#16021=ORIENTED_EDGE('',*,*,#16020,.T.);
#16023=ORIENTED_EDGE('',*,*,#16022,.F.);
#16024=ORIENTED_EDGE('',*,*,#15999,.F.);
#16025=EDGE_LOOP('',(#16019,#16021,#16023,#16024));
#16026=FACE_OUTER_BOUND('',#16025,.F.);
#16028=FILL_AREA_STYLE_COLOUR('',#16);
#16029=FILL_AREA_STYLE('',(#16028));
#16030=SURFACE_STYLE_FILL_AREA(#16029);
#16031=SURFACE_SIDE_STYLE('',(#16030));
#16032=SURFACE_STYLE_USAGE(.POSITIVE.,#16031);
#16033=PRESENTATION_STYLE_ASSIGNMENT((#16032));
#16034=STYLED_ITEM('',(#16033),#16027);
#16035=CARTESIAN_POINT('',(3.51E0,2.063603066667E0,-1.4304E0));
#16036=DIRECTION('',(0.E0,0.E0,1.E0));
#16037=DIRECTION('',(0.E0,-1.E0,0.E0));
#16038=AXIS2_PLACEMENT_3D('',#16035,#16036,#16037);
#16039=PLANE('',#16038);
#16040=ORIENTED_EDGE('',*,*,#15840,.T.);
#16042=ORIENTED_EDGE('',*,*,#16041,.T.);
#16044=ORIENTED_EDGE('',*,*,#16043,.F.);
#16045=ORIENTED_EDGE('',*,*,#16020,.F.);
#16046=EDGE_LOOP('',(#16040,#16042,#16044,#16045));
#16047=FACE_OUTER_BOUND('',#16046,.F.);
#16049=FILL_AREA_STYLE_COLOUR('',#16);
#16050=FILL_AREA_STYLE('',(#16049));
#16051=SURFACE_STYLE_FILL_AREA(#16050);
#16052=SURFACE_SIDE_STYLE('',(#16051));
#16053=SURFACE_STYLE_USAGE(.POSITIVE.,#16052);
#16054=PRESENTATION_STYLE_ASSIGNMENT((#16053));
#16055=STYLED_ITEM('',(#16054),#16048);
#16056=CARTESIAN_POINT('',(3.51E0,1.152030666667E-1,-1.4304E0));
#16057=DIRECTION('',(0.E0,-6.297909379340E-1,7.767646841201E-1));
#16058=DIRECTION('',(0.E0,-7.767646841201E-1,-6.297909379340E-1));
#16059=AXIS2_PLACEMENT_3D('',#16056,#16057,#16058);
#16060=PLANE('',#16059);
#16061=ORIENTED_EDGE('',*,*,#15838,.T.);
#16062=ORIENTED_EDGE('',*,*,#15798,.T.);
#16064=ORIENTED_EDGE('',*,*,#16063,.F.);
#16065=ORIENTED_EDGE('',*,*,#16041,.F.);
#16066=EDGE_LOOP('',(#16061,#16062,#16064,#16065));
#16067=FACE_OUTER_BOUND('',#16066,.F.);
#16069=FILL_AREA_STYLE_COLOUR('',#16);
#16070=FILL_AREA_STYLE('',(#16069));
#16071=SURFACE_STYLE_FILL_AREA(#16070);
#16072=SURFACE_SIDE_STYLE('',(#16071));
#16073=SURFACE_STYLE_USAGE(.POSITIVE.,#16072);
#16074=PRESENTATION_STYLE_ASSIGNMENT((#16073));
#16075=STYLED_ITEM('',(#16074),#16068);
#16076=CARTESIAN_POINT('',(3.71E0,0.E0,0.E0));
#16077=DIRECTION('',(-1.E0,0.E0,0.E0));
#16078=DIRECTION('',(0.E0,0.E0,-1.E0));
#16079=AXIS2_PLACEMENT_3D('',#16076,#16077,#16078);
#16080=PLANE('',#16079);
#16081=ORIENTED_EDGE('',*,*,#15874,.T.);
#16082=ORIENTED_EDGE('',*,*,#15896,.T.);
#16083=ORIENTED_EDGE('',*,*,#15917,.T.);
#16084=ORIENTED_EDGE('',*,*,#15938,.T.);
#16085=ORIENTED_EDGE('',*,*,#15959,.T.);
#16086=ORIENTED_EDGE('',*,*,#15980,.T.);
#16087=ORIENTED_EDGE('',*,*,#16001,.T.);
#16088=ORIENTED_EDGE('',*,*,#16022,.T.);
#16089=ORIENTED_EDGE('',*,*,#16043,.T.);
#16090=ORIENTED_EDGE('',*,*,#16063,.T.);
#16091=ORIENTED_EDGE('',*,*,#15796,.T.);
#16093=ORIENTED_EDGE('',*,*,#16092,.T.);
#16095=ORIENTED_EDGE('',*,*,#16094,.T.);
#16097=ORIENTED_EDGE('',*,*,#16096,.T.);
#16099=ORIENTED_EDGE('',*,*,#16098,.T.);
#16101=ORIENTED_EDGE('',*,*,#16100,.T.);
#16103=ORIENTED_EDGE('',*,*,#16102,.T.);
#16105=ORIENTED_EDGE('',*,*,#16104,.T.);
#16107=ORIENTED_EDGE('',*,*,#16106,.T.);
#16109=ORIENTED_EDGE('',*,*,#16108,.T.);
#16111=ORIENTED_EDGE('',*,*,#16110,.T.);
#16112=EDGE_LOOP('',(#16081,#16082,#16083,#16084,#16085,#16086,#16087,#16088,
#16089,#16090,#16091,#16093,#16095,#16097,#16099,#16101,#16103,#16105,#16107,
#16109,#16111));
#16113=FACE_OUTER_BOUND('',#16112,.F.);
#16115=FILL_AREA_STYLE_COLOUR('',#16);
#16116=FILL_AREA_STYLE('',(#16115));
#16117=SURFACE_STYLE_FILL_AREA(#16116);
#16118=SURFACE_SIDE_STYLE('',(#16117));
#16119=SURFACE_STYLE_USAGE(.POSITIVE.,#16118);
#16120=PRESENTATION_STYLE_ASSIGNMENT((#16119));
#16121=STYLED_ITEM('',(#16120),#16114);
#16122=CARTESIAN_POINT('',(3.51E0,-1.554810560753E0,-1.625E0));
#16123=DIRECTION('',(0.E0,5.374246434409E-1,8.433117766416E-1));
#16124=DIRECTION('',(0.E0,-8.433117766416E-1,5.374246434409E-1));
#16125=AXIS2_PLACEMENT_3D('',#16122,#16123,#16124);
#16126=PLANE('',#16125);
#16127=ORIENTED_EDGE('',*,*,#15835,.T.);
#16129=ORIENTED_EDGE('',*,*,#16128,.T.);
#16130=ORIENTED_EDGE('',*,*,#16092,.F.);
#16131=ORIENTED_EDGE('',*,*,#15794,.F.);
#16132=EDGE_LOOP('',(#16127,#16129,#16130,#16131));
#16133=FACE_OUTER_BOUND('',#16132,.F.);
#16135=FILL_AREA_STYLE_COLOUR('',#16);
#16136=FILL_AREA_STYLE('',(#16135));
#16137=SURFACE_STYLE_FILL_AREA(#16136);
#16138=SURFACE_SIDE_STYLE('',(#16137));
#16139=SURFACE_STYLE_USAGE(.POSITIVE.,#16138);
#16140=PRESENTATION_STYLE_ASSIGNMENT((#16139));
#16141=STYLED_ITEM('',(#16140),#16134);
#16142=CARTESIAN_POINT('',(3.51E0,-1.9198E0,-1.3924E0));
#16143=DIRECTION('',(0.E0,1.E0,0.E0));
#16144=DIRECTION('',(0.E0,0.E0,1.E0));
#16145=AXIS2_PLACEMENT_3D('',#16142,#16143,#16144);
#16146=PLANE('',#16145);
#16147=ORIENTED_EDGE('',*,*,#15833,.T.);
#16149=ORIENTED_EDGE('',*,*,#16148,.T.);
#16150=ORIENTED_EDGE('',*,*,#16094,.F.);
#16151=ORIENTED_EDGE('',*,*,#16128,.F.);
#16152=EDGE_LOOP('',(#16147,#16149,#16150,#16151));
#16153=FACE_OUTER_BOUND('',#16152,.F.);
#16155=FILL_AREA_STYLE_COLOUR('',#16);
#16156=FILL_AREA_STYLE('',(#16155));
#16157=SURFACE_STYLE_FILL_AREA(#16156);
#16158=SURFACE_SIDE_STYLE('',(#16157));
#16159=SURFACE_STYLE_USAGE(.POSITIVE.,#16158);
#16160=PRESENTATION_STYLE_ASSIGNMENT((#16159));
#16161=STYLED_ITEM('',(#16160),#16154);
#16162=CARTESIAN_POINT('',(3.51E0,-1.9198E0,-1.411E-1));
#16163=DIRECTION('',(0.E0,0.E0,-1.E0));
#16164=DIRECTION('',(0.E0,1.E0,0.E0));
#16165=AXIS2_PLACEMENT_3D('',#16162,#16163,#16164);
#16166=PLANE('',#16165);
#16167=ORIENTED_EDGE('',*,*,#15831,.T.);
#16169=ORIENTED_EDGE('',*,*,#16168,.T.);
#16170=ORIENTED_EDGE('',*,*,#16096,.F.);
#16171=ORIENTED_EDGE('',*,*,#16148,.F.);
#16172=EDGE_LOOP('',(#16167,#16169,#16170,#16171));
#16173=FACE_OUTER_BOUND('',#16172,.F.);
#16175=FILL_AREA_STYLE_COLOUR('',#16);
#16176=FILL_AREA_STYLE('',(#16175));
#16177=SURFACE_STYLE_FILL_AREA(#16176);
#16178=SURFACE_SIDE_STYLE('',(#16177));
#16179=SURFACE_STYLE_USAGE(.POSITIVE.,#16178);
#16180=PRESENTATION_STYLE_ASSIGNMENT((#16179));
#16181=STYLED_ITEM('',(#16180),#16174);
#16182=CARTESIAN_POINT('',(3.51E0,-8.843E-1,-1.411E-1));
#16183=DIRECTION('',(0.E0,-1.E0,0.E0));
#16184=DIRECTION('',(0.E0,0.E0,-1.E0));
#16185=AXIS2_PLACEMENT_3D('',#16182,#16183,#16184);
#16186=PLANE('',#16185);
#16187=ORIENTED_EDGE('',*,*,#15829,.T.);
#16189=ORIENTED_EDGE('',*,*,#16188,.T.);
#16190=ORIENTED_EDGE('',*,*,#16098,.F.);
#16191=ORIENTED_EDGE('',*,*,#16168,.F.);
#16192=EDGE_LOOP('',(#16187,#16189,#16190,#16191));
#16193=FACE_OUTER_BOUND('',#16192,.F.);
#16195=FILL_AREA_STYLE_COLOUR('',#16);
#16196=FILL_AREA_STYLE('',(#16195));
#16197=SURFACE_STYLE_FILL_AREA(#16196);
#16198=SURFACE_SIDE_STYLE('',(#16197));
#16199=SURFACE_STYLE_USAGE(.POSITIVE.,#16198);
#16200=PRESENTATION_STYLE_ASSIGNMENT((#16199));
#16201=STYLED_ITEM('',(#16200),#16194);
#16202=CARTESIAN_POINT('',(3.51E0,-8.843E-1,-1.2036E0));
#16203=DIRECTION('',(0.E0,0.E0,-1.E0));
#16204=DIRECTION('',(0.E0,1.E0,0.E0));
#16205=AXIS2_PLACEMENT_3D('',#16202,#16203,#16204);
#16206=PLANE('',#16205);
#16207=ORIENTED_EDGE('',*,*,#15827,.T.);
#16209=ORIENTED_EDGE('',*,*,#16208,.T.);
#16210=ORIENTED_EDGE('',*,*,#16100,.F.);
#16211=ORIENTED_EDGE('',*,*,#16188,.F.);
#16212=EDGE_LOOP('',(#16207,#16209,#16210,#16211));
#16213=FACE_OUTER_BOUND('',#16212,.F.);
#16215=FILL_AREA_STYLE_COLOUR('',#16);
#16216=FILL_AREA_STYLE('',(#16215));
#16217=SURFACE_STYLE_FILL_AREA(#16216);
#16218=SURFACE_SIDE_STYLE('',(#16217));
#16219=SURFACE_STYLE_USAGE(.POSITIVE.,#16218);
#16220=PRESENTATION_STYLE_ASSIGNMENT((#16219));
#16221=STYLED_ITEM('',(#16220),#16214);
#16222=CARTESIAN_POINT('',(3.51E0,-1.392E-1,-1.2036E0));
#16223=DIRECTION('',(0.E0,1.E0,0.E0));
#16224=DIRECTION('',(0.E0,0.E0,1.E0));
#16225=AXIS2_PLACEMENT_3D('',#16222,#16223,#16224);
#16226=PLANE('',#16225);
#16227=ORIENTED_EDGE('',*,*,#15825,.T.);
#16229=ORIENTED_EDGE('',*,*,#16228,.T.);
#16230=ORIENTED_EDGE('',*,*,#16102,.F.);
#16231=ORIENTED_EDGE('',*,*,#16208,.F.);
#16232=EDGE_LOOP('',(#16227,#16229,#16230,#16231));
#16233=FACE_OUTER_BOUND('',#16232,.F.);
#16235=FILL_AREA_STYLE_COLOUR('',#16);
#16236=FILL_AREA_STYLE('',(#16235));
#16237=SURFACE_STYLE_FILL_AREA(#16236);
#16238=SURFACE_SIDE_STYLE('',(#16237));
#16239=SURFACE_STYLE_USAGE(.POSITIVE.,#16238);
#16240=PRESENTATION_STYLE_ASSIGNMENT((#16239));
#16241=STYLED_ITEM('',(#16240),#16234);
#16242=CARTESIAN_POINT('',(3.51E0,-1.392E-1,-1.411E-1));
#16243=DIRECTION('',(0.E0,0.E0,-1.E0));
#16244=DIRECTION('',(0.E0,1.E0,0.E0));
#16245=AXIS2_PLACEMENT_3D('',#16242,#16243,#16244);
#16246=PLANE('',#16245);
#16247=ORIENTED_EDGE('',*,*,#15823,.T.);
#16249=ORIENTED_EDGE('',*,*,#16248,.T.);
#16250=ORIENTED_EDGE('',*,*,#16104,.F.);
#16251=ORIENTED_EDGE('',*,*,#16228,.F.);
#16252=EDGE_LOOP('',(#16247,#16249,#16250,#16251));
#16253=FACE_OUTER_BOUND('',#16252,.F.);
#16255=FILL_AREA_STYLE_COLOUR('',#16);
#16256=FILL_AREA_STYLE('',(#16255));
#16257=SURFACE_STYLE_FILL_AREA(#16256);
#16258=SURFACE_SIDE_STYLE('',(#16257));
#16259=SURFACE_STYLE_USAGE(.POSITIVE.,#16258);
#16260=PRESENTATION_STYLE_ASSIGNMENT((#16259));
#16261=STYLED_ITEM('',(#16260),#16254);
#16262=CARTESIAN_POINT('',(3.51E0,1.6001E0,-1.411E-1));
#16263=DIRECTION('',(0.E0,1.E0,0.E0));
#16264=DIRECTION('',(0.E0,0.E0,1.E0));
#16265=AXIS2_PLACEMENT_3D('',#16262,#16263,#16264);
#16266=PLANE('',#16265);
#16267=ORIENTED_EDGE('',*,*,#15821,.T.);
#16269=ORIENTED_EDGE('',*,*,#16268,.T.);
#16270=ORIENTED_EDGE('',*,*,#16106,.F.);
#16271=ORIENTED_EDGE('',*,*,#16248,.F.);
#16272=EDGE_LOOP('',(#16267,#16269,#16270,#16271));
#16273=FACE_OUTER_BOUND('',#16272,.F.);
#16275=FILL_AREA_STYLE_COLOUR('',#16);
#16276=FILL_AREA_STYLE('',(#16275));
#16277=SURFACE_STYLE_FILL_AREA(#16276);
#16278=SURFACE_SIDE_STYLE('',(#16277));
#16279=SURFACE_STYLE_USAGE(.POSITIVE.,#16278);
#16280=PRESENTATION_STYLE_ASSIGNMENT((#16279));
#16281=STYLED_ITEM('',(#16280),#16274);
#16282=CARTESIAN_POINT('',(3.51E0,1.6001E0,3.467E-1));
#16283=DIRECTION('',(0.E0,0.E0,1.E0));
#16284=DIRECTION('',(0.E0,-1.E0,0.E0));
#16285=AXIS2_PLACEMENT_3D('',#16282,#16283,#16284);
#16286=PLANE('',#16285);
#16287=ORIENTED_EDGE('',*,*,#15819,.T.);
#16289=ORIENTED_EDGE('',*,*,#16288,.T.);
#16290=ORIENTED_EDGE('',*,*,#16108,.F.);
#16291=ORIENTED_EDGE('',*,*,#16268,.F.);
#16292=EDGE_LOOP('',(#16287,#16289,#16290,#16291));
#16293=FACE_OUTER_BOUND('',#16292,.F.);
#16295=FILL_AREA_STYLE_COLOUR('',#16);
#16296=FILL_AREA_STYLE('',(#16295));
#16297=SURFACE_STYLE_FILL_AREA(#16296);
#16298=SURFACE_SIDE_STYLE('',(#16297));
#16299=SURFACE_STYLE_USAGE(.POSITIVE.,#16298);
#16300=PRESENTATION_STYLE_ASSIGNMENT((#16299));
#16301=STYLED_ITEM('',(#16300),#16294);
#16302=CARTESIAN_POINT('',(3.51E0,6.394E-1,3.467E-1));
#16303=DIRECTION('',(0.E0,1.E0,0.E0));
#16304=DIRECTION('',(0.E0,0.E0,1.E0));
#16305=AXIS2_PLACEMENT_3D('',#16302,#16303,#16304);
#16306=PLANE('',#16305);
#16307=ORIENTED_EDGE('',*,*,#15817,.T.);
#16308=ORIENTED_EDGE('',*,*,#15876,.T.);
#16309=ORIENTED_EDGE('',*,*,#16110,.F.);
#16310=ORIENTED_EDGE('',*,*,#16288,.F.);
#16311=EDGE_LOOP('',(#16307,#16308,#16309,#16310));
#16312=FACE_OUTER_BOUND('',#16311,.F.);
#16314=FILL_AREA_STYLE_COLOUR('',#16);
#16315=FILL_AREA_STYLE('',(#16314));
#16316=SURFACE_STYLE_FILL_AREA(#16315);
#16317=SURFACE_SIDE_STYLE('',(#16316));
#16318=SURFACE_STYLE_USAGE(.POSITIVE.,#16317);
#16319=PRESENTATION_STYLE_ASSIGNMENT((#16318));
#16320=STYLED_ITEM('',(#16319),#16313);
#16325=PLANE_ANGLE_MEASURE_WITH_UNIT(PLANE_ANGLE_MEASURE(1.745329251994E-2),
#16324);
#16326=(CONVERSION_BASED_UNIT('DEGREE',#16325)NAMED_UNIT(*)PLANE_ANGLE_UNIT());
#16328=UNCERTAINTY_MEASURE_WITH_UNIT(LENGTH_MEASURE(1.021218788492E-3),#16323,
'distance_accuracy_value',
'Maximum model space distance between geometric entities at asserted connectivities');
#16331=MECHANICAL_DESIGN_GEOMETRIC_PRESENTATION_REPRESENTATION('',(#6236,#6255,
#6278,#6303,#6324,#6347,#6372,#6443,#6601,#6666,#6790,#6817,#6837,#6863,#6887,
#6913,#6939,#6965,#6991,#7014,#7039,#7061,#7084,#7110,#7136,#7162,#7188,#7211,
#7236,#7256,#7277,#7298,#7319,#7340,#7361,#7382,#7426,#7447,#7468,#7488,#7507,
#7529,#7550,#7572,#7603,#7622,#7642,#7661,#7682,#7702,#7754,#7776,#7797,#7818,
#7839,#7867,#7888,#7908,#7929,#7955,#7977,#7997,#8017,#8038,#8058,#8077,#8099,
#8120,#8141,#8160,#8181,#8201,#8221,#8240,#8272,#8294,#8315,#8336,#8358,#8378,
#8415,#8436,#8457,#8477,#8496,#8515,#8535,#8554,#8573,#8593,#8617,#8637,#8661,
#8680,#8700,#8724,#8744,#8767,#8787,#8811,#8831,#8855,#8874,#8894,#8918,#8938,
#8962,#8981,#9001,#9025,#9045,#9069,#9088,#9107,#9126,#9150,#9192,#9213,#9234,
#9257,#9298,#9318,#9338,#9358,#9377,#9397,#9417,#9437,#9457,#9477,#9497,#9517,
#9537,#9557,#9577,#9596,#9620,#9662,#9683,#9704,#9727,#9768,#9788,#9808,#9828,
#9847,#9867,#9887,#9907,#9927,#9947,#9967,#9987,#10007,#10027,#10047,#10066,
#10090,#10132,#10153,#10174,#10197,#10238,#10258,#10278,#10298,#10317,#10337,
#10357,#10377,#10397,#10417,#10437,#10457,#10477,#10497,#10517,#10536,#10560,
#10602,#10623,#10644,#10667,#10708,#10728,#10748,#10768,#10787,#10807,#10827,
#10847,#10867,#10887,#10907,#10927,#10947,#10967,#10987,#11006,#11030,#11072,
#11093,#11114,#11137,#11178,#11198,#11218,#11238,#11257,#11277,#11297,#11317,
#11337,#11357,#11377,#11397,#11417,#11437,#11457,#11476,#11500,#11542,#11563,
#11584,#11607,#11648,#11668,#11688,#11708,#11727,#11747,#11767,#11787,#11807,
#11827,#11847,#11867,#11887,#11907,#11927,#11946,#12001,#12024,#12062,#12095,
#12138,#12177,#12216,#12239,#12278,#12317,#12350,#12393,#12444,#14933,#14989,
#15011,#15032,#15053,#15074,#15095,#15116,#15137,#15158,#15179,#15200,#15220,
#15265,#15285,#15305,#15325,#15345,#15365,#15385,#15405,#15425,#15444,#15809,
#15865,#15887,#15908,#15929,#15950,#15971,#15992,#16013,#16034,#16055,#16075,
#16121,#16141,#16161,#16181,#16201,#16221,#16241,#16261,#16281,#16301,#16320),
#16329);
#16332=APPLICATION_CONTEXT('automotive_design');
#16333=APPLICATION_PROTOCOL_DEFINITION('international standard',
'automotive_design',2001,#16332);
#16334=PRODUCT_DEFINITION_CONTEXT('part definition',#16332,'design');
#16335=PRODUCT_CONTEXT('',#16332,'mechanical');
#16336=PRODUCT('333','333','NOT SPECIFIED',(#16335));
#16337=PRODUCT_DEFINITION_FORMATION('2','LAST_VERSION',#16336);
#16345=DERIVED_UNIT_ELEMENT(#16344,2.E0);
#16346=DERIVED_UNIT((#16345));
#16347=MEASURE_REPRESENTATION_ITEM('surface area measure',AREA_MEASURE(
2.997674509526E2),#16346);
#16352=DERIVED_UNIT_ELEMENT(#16351,3.E0);
#16353=DERIVED_UNIT((#16352));
#16354=MEASURE_REPRESENTATION_ITEM('volume measure',VOLUME_MEASURE(
5.906837030198E1),#16353);
#16358=CARTESIAN_POINT('centre point',(5.531500712669E-5,2.664473464930E-1,
4.759550853275E-3));
#16363=DERIVED_UNIT_ELEMENT(#16362,2.E0);
#16364=DERIVED_UNIT((#16363));
#16365=MEASURE_REPRESENTATION_ITEM('surface area measure',AREA_MEASURE(
2.997674509526E2),#16364);
#16370=DERIVED_UNIT_ELEMENT(#16369,3.E0);
#16371=DERIVED_UNIT((#16370));
#16372=MEASURE_REPRESENTATION_ITEM('volume measure',VOLUME_MEASURE(
5.906837030198E1),#16371);
#16376=CARTESIAN_POINT('centre point',(5.531500712669E-5,2.664473464930E-1,
4.759550853275E-3));
#16381=PRODUCT_RELATED_PRODUCT_CATEGORY('part','',(#16336));
#1=DRAUGHTING_PRE_DEFINED_COLOUR('black');
#2=DRAUGHTING_PRE_DEFINED_COLOUR('green');
#3=COLOUR_RGB('',1.1E-2,1.2E-2,1.E0);
#4=COLOUR_RGB('',3.20388E-1,3.20388E-1,3.20388E-1);
#5=COLOUR_RGB('',4.1E-1,2.61589E-1,1.12848E-1);
#6=COLOUR_RGB('',5.04854E-1,1.5455E-2,1.5455E-2);
#7=COLOUR_RGB('',6.35294E-1,6.86275E-1,7.4902E-1);
#8=COLOUR_RGB('',6.40777E-1,6.40777E-1,6.40777E-1);
#9=COLOUR_RGB('',6.69062E-1,6.69903E-1,6.55217E-1);
#10=COLOUR_RGB('',9.029126213592E-1,8.842618931445E-1,8.436058607882E-1);
#11=COLOUR_RGB('',9.21569E-1,7.05882E-1,4.70588E-1);
#12=DRAUGHTING_PRE_DEFINED_COLOUR('red');
#13=DRAUGHTING_PRE_DEFINED_COLOUR('yellow');
#14=COLOUR_RGB('',1.E0,1.E0,5.3E-1);
#15=COLOUR_RGB('',1.E0,1.E0,9.49E-1);
#16=DRAUGHTING_PRE_DEFINED_COLOUR('white');
#33=CIRCLE('',#32,3.700301795527E-2);
#38=CIRCLE('',#37,3.700301795527E-2);
#67=B_SPLINE_CURVE_WITH_KNOTS('',3,(#63,#64,#65,#66),.UNSPECIFIED.,.F.,.F.,(4,
4),(0.E0,1.E0),.UNSPECIFIED.);
#77=B_SPLINE_CURVE_WITH_KNOTS('',3,(#68,#69,#70,#71,#72,#73,#74,#75,#76),
.UNSPECIFIED.,.F.,.F.,(4,1,1,1,1,1,4),(0.E0,1.428123809713E-1,3.157002335176E-1,
5.028266890791E-1,6.801090736562E-1,8.432647676470E-1,1.E0),.UNSPECIFIED.);
#82=B_SPLINE_CURVE_WITH_KNOTS('',3,(#78,#79,#80,#81),.UNSPECIFIED.,.F.,.F.,(4,
4),(0.E0,1.E0),.UNSPECIFIED.);
#92=B_SPLINE_CURVE_WITH_KNOTS('',3,(#83,#84,#85,#86,#87,#88,#89,#90,#91),
.UNSPECIFIED.,.F.,.F.,(4,1,1,1,1,1,4),(0.E0,1.355656425280E-1,3.127119931457E-1,
4.965056153384E-1,6.951384388364E-1,8.847719214979E-1,1.E0),.UNSPECIFIED.);
#145=B_SPLINE_CURVE_WITH_KNOTS('',3,(#141,#142,#143,#144),.UNSPECIFIED.,.F.,.F.,
(4,4),(0.E0,1.E0),.UNSPECIFIED.);
#153=B_SPLINE_CURVE_WITH_KNOTS('',3,(#146,#147,#148,#149,#150,#151,#152),
.UNSPECIFIED.,.F.,.F.,(4,1,1,1,4),(0.E0,2.559769024855E-1,5.077686946022E-1,
7.533752025714E-1,1.E0),.UNSPECIFIED.);
#158=B_SPLINE_CURVE_WITH_KNOTS('',3,(#154,#155,#156,#157),.UNSPECIFIED.,.F.,.F.,
(4,4),(0.E0,1.E0),.UNSPECIFIED.);
#163=B_SPLINE_CURVE_WITH_KNOTS('',3,(#159,#160,#161,#162),.UNSPECIFIED.,.F.,.F.,
(4,4),(0.E0,1.E0),.UNSPECIFIED.);
#168=B_SPLINE_CURVE_WITH_KNOTS('',3,(#164,#165,#166,#167),.UNSPECIFIED.,.F.,.F.,
(4,4),(0.E0,1.E0),.UNSPECIFIED.);
#176=B_SPLINE_CURVE_WITH_KNOTS('',3,(#169,#170,#171,#172,#173,#174,#175),
.UNSPECIFIED.,.F.,.F.,(4,1,1,1,4),(0.E0,2.502152773835E-1,4.910267303209E-1,
7.421623589777E-1,1.E0),.UNSPECIFIED.);
#181=B_SPLINE_CURVE_WITH_KNOTS('',3,(#177,#178,#179,#180),.UNSPECIFIED.,.F.,.F.,
(4,4),(0.E0,1.E0),.UNSPECIFIED.);
#186=B_SPLINE_CURVE_WITH_KNOTS('',3,(#182,#183,#184,#185),.UNSPECIFIED.,.F.,.F.,
(4,4),(0.E0,1.E0),.UNSPECIFIED.);
#191=B_SPLINE_CURVE_WITH_KNOTS('',3,(#187,#188,#189,#190),.UNSPECIFIED.,.F.,.F.,
(4,4),(0.E0,1.E0),.UNSPECIFIED.);
#196=B_SPLINE_CURVE_WITH_KNOTS('',3,(#192,#193,#194,#195),.UNSPECIFIED.,.F.,.F.,
(4,4),(0.E0,1.E0),.UNSPECIFIED.);
#201=B_SPLINE_CURVE_WITH_KNOTS('',3,(#197,#198,#199,#200),.UNSPECIFIED.,.F.,.F.,
(4,4),(0.E0,1.E0),.UNSPECIFIED.);
#206=B_SPLINE_CURVE_WITH_KNOTS('',3,(#202,#203,#204,#205),.UNSPECIFIED.,.F.,.F.,
(4,4),(0.E0,1.E0),.UNSPECIFIED.);
#211=B_SPLINE_CURVE_WITH_KNOTS('',3,(#207,#208,#209,#210),.UNSPECIFIED.,.F.,.F.,
(4,4),(0.E0,1.E0),.UNSPECIFIED.);
#296=B_SPLINE_CURVE_WITH_KNOTS('',3,(#292,#293,#294,#295),.UNSPECIFIED.,.F.,.F.,
(4,4),(0.E0,1.E0),.UNSPECIFIED.);
#301=B_SPLINE_CURVE_WITH_KNOTS('',3,(#297,#298,#299,#300),.UNSPECIFIED.,.F.,.F.,
(4,4),(0.E0,1.E0),.UNSPECIFIED.);
#311=B_SPLINE_CURVE_WITH_KNOTS('',3,(#302,#303,#304,#305,#306,#307,#308,#309,
#310),.UNSPECIFIED.,.F.,.F.,(4,1,1,1,1,1,4),(0.E0,1.789457703317E-1,
3.127767465800E-1,4.389666650841E-1,5.790218632447E-1,7.844263875846E-1,1.E0),
.UNSPECIFIED.);
#316=B_SPLINE_CURVE_WITH_KNOTS('',3,(#312,#313,#314,#315),.UNSPECIFIED.,.F.,.F.,
(4,4),(0.E0,1.E0),.UNSPECIFIED.);
#321=B_SPLINE_CURVE_WITH_KNOTS('',3,(#317,#318,#319,#320),.UNSPECIFIED.,.F.,.F.,
(4,4),(0.E0,1.E0),.UNSPECIFIED.);
#326=B_SPLINE_CURVE_WITH_KNOTS('',3,(#322,#323,#324,#325),.UNSPECIFIED.,.F.,.F.,
(4,4),(0.E0,1.E0),.UNSPECIFIED.);
#332=B_SPLINE_CURVE_WITH_KNOTS('',3,(#327,#328,#329,#330,#331),.UNSPECIFIED.,
.F.,.F.,(4,1,4),(0.E0,4.049801273211E-1,1.E0),.UNSPECIFIED.);
#337=B_SPLINE_CURVE_WITH_KNOTS('',3,(#333,#334,#335,#336),.UNSPECIFIED.,.F.,.F.,
(4,4),(0.E0,1.E0),.UNSPECIFIED.);
#343=B_SPLINE_CURVE_WITH_KNOTS('',3,(#338,#339,#340,#341,#342),.UNSPECIFIED.,
.F.,.F.,(4,1,4),(0.E0,4.762475716500E-1,1.E0),.UNSPECIFIED.);
#348=B_SPLINE_CURVE_WITH_KNOTS('',3,(#344,#345,#346,#347),.UNSPECIFIED.,.F.,.F.,
(4,4),(0.E0,1.E0),.UNSPECIFIED.);
#356=B_SPLINE_CURVE_WITH_KNOTS('',3,(#349,#350,#351,#352,#353,#354,#355),
.UNSPECIFIED.,.F.,.F.,(4,1,1,1,4),(0.E0,2.762921365359E-1,4.645455754548E-1,
6.412734532372E-1,1.E0),.UNSPECIFIED.);
#361=B_SPLINE_CURVE_WITH_KNOTS('',3,(#357,#358,#359,#360),.UNSPECIFIED.,.F.,.F.,
(4,4),(0.E0,1.E0),.UNSPECIFIED.);
#375=B_SPLINE_CURVE_WITH_KNOTS('',3,(#362,#363,#364,#365,#366,#367,#368,#369,
#370,#371,#372,#373,#374),.UNSPECIFIED.,.F.,.F.,(4,1,1,1,1,1,1,1,1,1,4),(0.E0,
1.276819283975E-1,1.968290535356E-1,2.504732951503E-1,2.991047906893E-1,
3.913116296472E-1,5.172908831455E-1,6.020882689472E-1,7.199160264533E-1,
8.658555187811E-1,1.E0),.UNSPECIFIED.);
#380=B_SPLINE_CURVE_WITH_KNOTS('',3,(#376,#377,#378,#379),.UNSPECIFIED.,.F.,.F.,
(4,4),(0.E0,1.E0),.UNSPECIFIED.);
#393=B_SPLINE_CURVE_WITH_KNOTS('',3,(#381,#382,#383,#384,#385,#386,#387,#388,
#389,#390,#391,#392),.UNSPECIFIED.,.F.,.F.,(4,1,1,1,1,1,1,1,1,4),(0.E0,
1.483757450376E-1,2.689286802329E-1,3.203061056882E-1,4.199203346453E-1,
5.434124167720E-1,6.242910899825E-1,7.418812970803E-1,8.824346707196E-1,1.E0),
.UNSPECIFIED.);
#398=B_SPLINE_CURVE_WITH_KNOTS('',3,(#394,#395,#396,#397),.UNSPECIFIED.,.F.,.F.,
(4,4),(0.E0,1.E0),.UNSPECIFIED.);
#403=B_SPLINE_CURVE_WITH_KNOTS('',3,(#399,#400,#401,#402),.UNSPECIFIED.,.F.,.F.,
(4,4),(0.E0,1.E0),.UNSPECIFIED.);
#408=B_SPLINE_CURVE_WITH_KNOTS('',3,(#404,#405,#406,#407),.UNSPECIFIED.,.F.,.F.,
(4,4),(0.E0,1.E0),.UNSPECIFIED.);
#413=B_SPLINE_CURVE_WITH_KNOTS('',3,(#409,#410,#411,#412),.UNSPECIFIED.,.F.,.F.,
(4,4),(0.E0,1.E0),.UNSPECIFIED.);
#418=B_SPLINE_CURVE_WITH_KNOTS('',3,(#414,#415,#416,#417),.UNSPECIFIED.,.F.,.F.,
(4,4),(0.E0,1.E0),.UNSPECIFIED.);
#424=B_SPLINE_CURVE_WITH_KNOTS('',3,(#419,#420,#421,#422,#423),.UNSPECIFIED.,
.F.,.F.,(4,1,4),(0.E0,3.076625543478E-1,1.E0),.UNSPECIFIED.);
#429=B_SPLINE_CURVE_WITH_KNOTS('',3,(#425,#426,#427,#428),.UNSPECIFIED.,.F.,.F.,
(4,4),(0.E0,1.E0),.UNSPECIFIED.);
#435=B_SPLINE_CURVE_WITH_KNOTS('',3,(#430,#431,#432,#433,#434),.UNSPECIFIED.,
.F.,.F.,(4,1,4),(0.E0,8.078466422658E-1,1.E0),.UNSPECIFIED.);
#440=B_SPLINE_CURVE_WITH_KNOTS('',3,(#436,#437,#438,#439),.UNSPECIFIED.,.F.,.F.,
(4,4),(0.E0,1.E0),.UNSPECIFIED.);
#445=B_SPLINE_CURVE_WITH_KNOTS('',3,(#441,#442,#443,#444),.UNSPECIFIED.,.F.,.F.,
(4,4),(0.E0,1.E0),.UNSPECIFIED.);
#450=B_SPLINE_CURVE_WITH_KNOTS('',3,(#446,#447,#448,#449),.UNSPECIFIED.,.F.,.F.,
(4,4),(0.E0,1.E0),.UNSPECIFIED.);
#455=B_SPLINE_CURVE_WITH_KNOTS('',3,(#451,#452,#453,#454),.UNSPECIFIED.,.F.,.F.,
(4,4),(0.E0,1.E0),.UNSPECIFIED.);
#508=B_SPLINE_CURVE_WITH_KNOTS('',3,(#504,#505,#506,#507),.UNSPECIFIED.,.F.,.F.,
(4,4),(0.E0,1.E0),.UNSPECIFIED.);
#516=B_SPLINE_CURVE_WITH_KNOTS('',3,(#509,#510,#511,#512,#513,#514,#515),
.UNSPECIFIED.,.F.,.F.,(4,1,1,1,4),(0.E0,2.559769024879E-1,5.077686946101E-1,
7.533752025744E-1,1.E0),.UNSPECIFIED.);
#521=B_SPLINE_CURVE_WITH_KNOTS('',3,(#517,#518,#519,#520),.UNSPECIFIED.,.F.,.F.,
(4,4),(0.E0,1.E0),.UNSPECIFIED.);
#526=B_SPLINE_CURVE_WITH_KNOTS('',3,(#522,#523,#524,#525),.UNSPECIFIED.,.F.,.F.,
(4,4),(0.E0,1.E0),.UNSPECIFIED.);
#531=B_SPLINE_CURVE_WITH_KNOTS('',3,(#527,#528,#529,#530),.UNSPECIFIED.,.F.,.F.,
(4,4),(0.E0,1.E0),.UNSPECIFIED.);
#539=B_SPLINE_CURVE_WITH_KNOTS('',3,(#532,#533,#534,#535,#536,#537,#538),
.UNSPECIFIED.,.F.,.F.,(4,1,1,1,4),(0.E0,2.502152773823E-1,4.910267303254E-1,
7.421623589801E-1,1.E0),.UNSPECIFIED.);
#544=B_SPLINE_CURVE_WITH_KNOTS('',3,(#540,#541,#542,#543),.UNSPECIFIED.,.F.,.F.,
(4,4),(0.E0,1.E0),.UNSPECIFIED.);
#549=B_SPLINE_CURVE_WITH_KNOTS('',3,(#545,#546,#547,#548),.UNSPECIFIED.,.F.,.F.,
(4,4),(0.E0,1.E0),.UNSPECIFIED.);
#554=B_SPLINE_CURVE_WITH_KNOTS('',3,(#550,#551,#552,#553),.UNSPECIFIED.,.F.,.F.,
(4,4),(0.E0,1.E0),.UNSPECIFIED.);
#559=B_SPLINE_CURVE_WITH_KNOTS('',3,(#555,#556,#557,#558),.UNSPECIFIED.,.F.,.F.,
(4,4),(0.E0,1.E0),.UNSPECIFIED.);
#564=B_SPLINE_CURVE_WITH_KNOTS('',3,(#560,#561,#562,#563),.UNSPECIFIED.,.F.,.F.,
(4,4),(0.E0,1.E0),.UNSPECIFIED.);
#569=B_SPLINE_CURVE_WITH_KNOTS('',3,(#565,#566,#567,#568),.UNSPECIFIED.,.F.,.F.,
(4,4),(0.E0,1.E0),.UNSPECIFIED.);
#574=B_SPLINE_CURVE_WITH_KNOTS('',3,(#570,#571,#572,#573),.UNSPECIFIED.,.F.,.F.,
(4,4),(0.E0,1.E0),.UNSPECIFIED.);
#614=B_SPLINE_CURVE_WITH_KNOTS('',3,(#607,#608,#609,#610,#611,#612,#613),
.UNSPECIFIED.,.F.,.F.,(4,1,1,1,4),(0.E0,2.226963329829E-1,5.615438495888E-1,
8.551881585072E-1,1.E0),.UNSPECIFIED.);
#623=B_SPLINE_CURVE_WITH_KNOTS('',3,(#615,#616,#617,#618,#619,#620,#621,#622),
.UNSPECIFIED.,.F.,.F.,(4,1,1,1,1,4),(0.E0,4.798572530125E-2,3.069980039736E-1,
5.632939930434E-1,8.060865076554E-1,1.E0),.UNSPECIFIED.);
#630=B_SPLINE_CURVE_WITH_KNOTS('',3,(#624,#625,#626,#627,#628,#629),
.UNSPECIFIED.,.F.,.F.,(4,1,1,4),(0.E0,4.355221245185E-1,9.627213829328E-1,1.E0),
.UNSPECIFIED.);
#635=B_SPLINE_CURVE_WITH_KNOTS('',3,(#631,#632,#633,#634),.UNSPECIFIED.,.F.,.F.,
(4,4),(0.E0,1.E0),.UNSPECIFIED.);
#640=B_SPLINE_CURVE_WITH_KNOTS('',3,(#636,#637,#638,#639),.UNSPECIFIED.,.F.,.F.,
(4,4),(0.E0,1.E0),.UNSPECIFIED.);
#645=B_SPLINE_CURVE_WITH_KNOTS('',3,(#641,#642,#643,#644),.UNSPECIFIED.,.F.,.F.,
(4,4),(0.E0,1.E0),.UNSPECIFIED.);
#651=B_SPLINE_CURVE_WITH_KNOTS('',3,(#646,#647,#648,#649,#650),.UNSPECIFIED.,
.F.,.F.,(4,1,4),(0.E0,4.175733561965E-1,1.E0),.UNSPECIFIED.);
#658=B_SPLINE_CURVE_WITH_KNOTS('',3,(#652,#653,#654,#655,#656,#657),
.UNSPECIFIED.,.F.,.F.,(4,1,1,4),(0.E0,3.585443611440E-1,8.201936862644E-1,1.E0),
.UNSPECIFIED.);
#664=B_SPLINE_CURVE_WITH_KNOTS('',3,(#659,#660,#661,#662,#663),.UNSPECIFIED.,
.F.,.F.,(4,1,4),(0.E0,4.675992636402E-1,1.E0),.UNSPECIFIED.);
#671=B_SPLINE_CURVE_WITH_KNOTS('',3,(#665,#666,#667,#668,#669,#670),
.UNSPECIFIED.,.F.,.F.,(4,1,1,4),(0.E0,3.564114353987E-2,5.270824027251E-1,1.E0),
.UNSPECIFIED.);
#676=B_SPLINE_CURVE_WITH_KNOTS('',3,(#672,#673,#674,#675),.UNSPECIFIED.,.F.,.F.,
(4,4),(0.E0,1.E0),.UNSPECIFIED.);
#683=B_SPLINE_CURVE_WITH_KNOTS('',3,(#677,#678,#679,#680,#681,#682),
.UNSPECIFIED.,.F.,.F.,(4,1,1,4),(0.E0,6.584959150851E-2,5.404520185202E-1,1.E0),
.UNSPECIFIED.);
#688=B_SPLINE_CURVE_WITH_KNOTS('',3,(#684,#685,#686,#687),.UNSPECIFIED.,.F.,.F.,
(4,4),(0.E0,1.E0),.UNSPECIFIED.);
#693=B_SPLINE_CURVE_WITH_KNOTS('',3,(#689,#690,#691,#692),.UNSPECIFIED.,.F.,.F.,
(4,4),(0.E0,1.E0),.UNSPECIFIED.);
#698=B_SPLINE_CURVE_WITH_KNOTS('',3,(#694,#695,#696,#697),.UNSPECIFIED.,.F.,.F.,
(4,4),(0.E0,1.E0),.UNSPECIFIED.);
#705=B_SPLINE_CURVE_WITH_KNOTS('',3,(#699,#700,#701,#702,#703,#704),
.UNSPECIFIED.,.F.,.F.,(4,1,1,4),(0.E0,2.761126116402E-1,5.534015859397E-1,1.E0),
.UNSPECIFIED.);
#2262=CIRCLE('',#2261,1.999E-1);
#2283=CIRCLE('',#2282,1.726E-1);
#2300=CIRCLE('',#2299,1.505694969951E-1);
#2333=CIRCLE('',#2332,1.999E-1);
#2366=CIRCLE('',#2365,1.505694969951E-1);
#2383=CIRCLE('',#2382,1.726E-1);
#2464=CIRCLE('',#2463,1.999E-1);
#2485=CIRCLE('',#2484,1.726E-1);
#2502=CIRCLE('',#2501,1.505694969951E-1);
#2535=CIRCLE('',#2534,1.999E-1);
#2568=CIRCLE('',#2567,1.505694969951E-1);
#2585=CIRCLE('',#2584,1.726E-1);
#2666=CIRCLE('',#2665,1.999E-1);
#2687=CIRCLE('',#2686,1.726E-1);
#2704=CIRCLE('',#2703,1.505694969951E-1);
#2737=CIRCLE('',#2736,1.999E-1);
#2770=CIRCLE('',#2769,1.505694969951E-1);
#2787=CIRCLE('',#2786,1.726E-1);
#2868=CIRCLE('',#2867,1.999E-1);
#2889=CIRCLE('',#2888,1.726E-1);
#2906=CIRCLE('',#2905,1.505694969951E-1);
#2939=CIRCLE('',#2938,1.999E-1);
#2972=CIRCLE('',#2971,1.505694969951E-1);
#2989=CIRCLE('',#2988,1.726E-1);
#3070=CIRCLE('',#3069,1.999E-1);
#3091=CIRCLE('',#3090,1.726E-1);
#3108=CIRCLE('',#3107,1.505694969951E-1);
#3141=CIRCLE('',#3140,1.999E-1);
#3174=CIRCLE('',#3173,1.505694969951E-1);
#3191=CIRCLE('',#3190,1.726E-1);
#3272=CIRCLE('',#3271,1.999E-1);
#3293=CIRCLE('',#3292,1.726E-1);
#3310=CIRCLE('',#3309,1.505694969951E-1);
#3343=CIRCLE('',#3342,1.999E-1);
#3376=CIRCLE('',#3375,1.505694969951E-1);
#3393=CIRCLE('',#3392,1.726E-1);
#3474=CIRCLE('',#3473,3.700301795527E-2);
#3479=CIRCLE('',#3478,3.700301795527E-2);
#3508=B_SPLINE_CURVE_WITH_KNOTS('',3,(#3504,#3505,#3506,#3507),.UNSPECIFIED.,
.F.,.F.,(4,4),(0.E0,1.E0),.UNSPECIFIED.);
#3518=B_SPLINE_CURVE_WITH_KNOTS('',3,(#3509,#3510,#3511,#3512,#3513,#3514,#3515,
#3516,#3517),.UNSPECIFIED.,.F.,.F.,(4,1,1,1,1,1,4),(0.E0,1.152280785021E-1,
3.048615611636E-1,5.034943846616E-1,6.872880068543E-1,8.644343574720E-1,1.E0),
.UNSPECIFIED.);
#3523=B_SPLINE_CURVE_WITH_KNOTS('',3,(#3519,#3520,#3521,#3522),.UNSPECIFIED.,
.F.,.F.,(4,4),(0.E0,1.E0),.UNSPECIFIED.);
#3533=B_SPLINE_CURVE_WITH_KNOTS('',3,(#3524,#3525,#3526,#3527,#3528,#3529,#3530,
#3531,#3532),.UNSPECIFIED.,.F.,.F.,(4,1,1,1,1,1,4),(0.E0,1.567352323530E-1,
3.198909263438E-1,4.971733109209E-1,6.842997664824E-1,8.571876190287E-1,1.E0),
.UNSPECIFIED.);
#3586=B_SPLINE_CURVE_WITH_KNOTS('',3,(#3582,#3583,#3584,#3585),.UNSPECIFIED.,
.F.,.F.,(4,4),(0.E0,1.E0),.UNSPECIFIED.);
#3591=B_SPLINE_CURVE_WITH_KNOTS('',3,(#3587,#3588,#3589,#3590),.UNSPECIFIED.,
.F.,.F.,(4,4),(0.E0,1.E0),.UNSPECIFIED.);
#3596=B_SPLINE_CURVE_WITH_KNOTS('',3,(#3592,#3593,#3594,#3595),.UNSPECIFIED.,
.F.,.F.,(4,4),(0.E0,1.E0),.UNSPECIFIED.);
#3604=B_SPLINE_CURVE_WITH_KNOTS('',3,(#3597,#3598,#3599,#3600,#3601,#3602,
#3603),.UNSPECIFIED.,.F.,.F.,(4,1,1,1,4),(0.E0,2.466247974286E-1,
4.922313053978E-1,7.440230975145E-1,1.E0),.UNSPECIFIED.);
#3609=B_SPLINE_CURVE_WITH_KNOTS('',3,(#3605,#3606,#3607,#3608),.UNSPECIFIED.,
.F.,.F.,(4,4),(0.E0,1.E0),.UNSPECIFIED.);
#3614=B_SPLINE_CURVE_WITH_KNOTS('',3,(#3610,#3611,#3612,#3613),.UNSPECIFIED.,
.F.,.F.,(4,4),(0.E0,1.E0),.UNSPECIFIED.);
#3619=B_SPLINE_CURVE_WITH_KNOTS('',3,(#3615,#3616,#3617,#3618),.UNSPECIFIED.,
.F.,.F.,(4,4),(0.E0,1.E0),.UNSPECIFIED.);
#3627=B_SPLINE_CURVE_WITH_KNOTS('',3,(#3620,#3621,#3622,#3623,#3624,#3625,
#3626),.UNSPECIFIED.,.F.,.F.,(4,1,1,1,4),(0.E0,2.578376410223E-1,
5.089732696792E-1,7.497847226165E-1,1.E0),.UNSPECIFIED.);
#3632=B_SPLINE_CURVE_WITH_KNOTS('',3,(#3628,#3629,#3630,#3631),.UNSPECIFIED.,
.F.,.F.,(4,4),(0.E0,1.E0),.UNSPECIFIED.);
#3637=B_SPLINE_CURVE_WITH_KNOTS('',3,(#3633,#3634,#3635,#3636),.UNSPECIFIED.,
.F.,.F.,(4,4),(0.E0,1.E0),.UNSPECIFIED.);
#3642=B_SPLINE_CURVE_WITH_KNOTS('',3,(#3638,#3639,#3640,#3641),.UNSPECIFIED.,
.F.,.F.,(4,4),(0.E0,1.E0),.UNSPECIFIED.);
#3647=B_SPLINE_CURVE_WITH_KNOTS('',3,(#3643,#3644,#3645,#3646),.UNSPECIFIED.,
.F.,.F.,(4,4),(0.E0,1.E0),.UNSPECIFIED.);
#3652=B_SPLINE_CURVE_WITH_KNOTS('',3,(#3648,#3649,#3650,#3651),.UNSPECIFIED.,
.F.,.F.,(4,4),(0.E0,1.E0),.UNSPECIFIED.);
#3737=B_SPLINE_CURVE_WITH_KNOTS('',3,(#3733,#3734,#3735,#3736),.UNSPECIFIED.,
.F.,.F.,(4,4),(0.E0,1.E0),.UNSPECIFIED.);
#3747=B_SPLINE_CURVE_WITH_KNOTS('',3,(#3738,#3739,#3740,#3741,#3742,#3743,#3744,
#3745,#3746),.UNSPECIFIED.,.F.,.F.,(4,1,1,1,1,1,4),(0.E0,2.155736124154E-1,
4.209781367553E-1,5.610333349159E-1,6.872232534200E-1,8.210542296683E-1,1.E0),
.UNSPECIFIED.);
#3752=B_SPLINE_CURVE_WITH_KNOTS('',3,(#3748,#3749,#3750,#3751),.UNSPECIFIED.,
.F.,.F.,(4,4),(0.E0,1.E0),.UNSPECIFIED.);
#3757=B_SPLINE_CURVE_WITH_KNOTS('',3,(#3753,#3754,#3755,#3756),.UNSPECIFIED.,
.F.,.F.,(4,4),(0.E0,1.E0),.UNSPECIFIED.);
#3765=B_SPLINE_CURVE_WITH_KNOTS('',3,(#3758,#3759,#3760,#3761,#3762,#3763,
#3764),.UNSPECIFIED.,.F.,.F.,(4,1,1,1,4),(0.E0,3.587265467628E-1,
5.354544245452E-1,7.237078634641E-1,1.E0),.UNSPECIFIED.);
#3770=B_SPLINE_CURVE_WITH_KNOTS('',3,(#3766,#3767,#3768,#3769),.UNSPECIFIED.,
.F.,.F.,(4,4),(0.E0,1.E0),.UNSPECIFIED.);
#3776=B_SPLINE_CURVE_WITH_KNOTS('',3,(#3771,#3772,#3773,#3774,#3775),
.UNSPECIFIED.,.F.,.F.,(4,1,4),(0.E0,5.237524283500E-1,1.E0),.UNSPECIFIED.);
#3781=B_SPLINE_CURVE_WITH_KNOTS('',3,(#3777,#3778,#3779,#3780),.UNSPECIFIED.,
.F.,.F.,(4,4),(0.E0,1.E0),.UNSPECIFIED.);
#3787=B_SPLINE_CURVE_WITH_KNOTS('',3,(#3782,#3783,#3784,#3785,#3786),
.UNSPECIFIED.,.F.,.F.,(4,1,4),(0.E0,5.950198726789E-1,1.E0),.UNSPECIFIED.);
#3792=B_SPLINE_CURVE_WITH_KNOTS('',3,(#3788,#3789,#3790,#3791),.UNSPECIFIED.,
.F.,.F.,(4,4),(0.E0,1.E0),.UNSPECIFIED.);
#3797=B_SPLINE_CURVE_WITH_KNOTS('',3,(#3793,#3794,#3795,#3796),.UNSPECIFIED.,
.F.,.F.,(4,4),(0.E0,1.E0),.UNSPECIFIED.);
#3802=B_SPLINE_CURVE_WITH_KNOTS('',3,(#3798,#3799,#3800,#3801),.UNSPECIFIED.,
.F.,.F.,(4,4),(0.E0,1.E0),.UNSPECIFIED.);
#3815=B_SPLINE_CURVE_WITH_KNOTS('',3,(#3803,#3804,#3805,#3806,#3807,#3808,#3809,
#3810,#3811,#3812,#3813,#3814),.UNSPECIFIED.,.F.,.F.,(4,1,1,1,1,1,1,1,1,4),
(0.E0,1.175653292804E-1,2.581187029197E-1,3.757089100175E-1,4.565875832280E-1,
5.800796653547E-1,6.796938943118E-1,7.310713197671E-1,8.516242549624E-1,1.E0),
.UNSPECIFIED.);
#3820=B_SPLINE_CURVE_WITH_KNOTS('',3,(#3816,#3817,#3818,#3819),.UNSPECIFIED.,
.F.,.F.,(4,4),(0.E0,1.E0),.UNSPECIFIED.);
#3834=B_SPLINE_CURVE_WITH_KNOTS('',3,(#3821,#3822,#3823,#3824,#3825,#3826,#3827,
#3828,#3829,#3830,#3831,#3832,#3833),.UNSPECIFIED.,.F.,.F.,(4,1,1,1,1,1,1,1,1,1,
4),(0.E0,1.341444812189E-1,2.800839735467E-1,3.979117310528E-1,
4.827091168545E-1,6.086883703528E-1,7.008952093107E-1,7.495267048497E-1,
8.031709464644E-1,8.723180716025E-1,1.E0),.UNSPECIFIED.);
#3839=B_SPLINE_CURVE_WITH_KNOTS('',3,(#3835,#3836,#3837,#3838),.UNSPECIFIED.,
.F.,.F.,(4,4),(0.E0,1.E0),.UNSPECIFIED.);
#3844=B_SPLINE_CURVE_WITH_KNOTS('',3,(#3840,#3841,#3842,#3843),.UNSPECIFIED.,
.F.,.F.,(4,4),(0.E0,1.E0),.UNSPECIFIED.);
#3849=B_SPLINE_CURVE_WITH_KNOTS('',3,(#3845,#3846,#3847,#3848),.UNSPECIFIED.,
.F.,.F.,(4,4),(0.E0,1.E0),.UNSPECIFIED.);
#3854=B_SPLINE_CURVE_WITH_KNOTS('',3,(#3850,#3851,#3852,#3853),.UNSPECIFIED.,
.F.,.F.,(4,4),(0.E0,1.E0),.UNSPECIFIED.);
#3859=B_SPLINE_CURVE_WITH_KNOTS('',3,(#3855,#3856,#3857,#3858),.UNSPECIFIED.,
.F.,.F.,(4,4),(0.E0,1.E0),.UNSPECIFIED.);
#3865=B_SPLINE_CURVE_WITH_KNOTS('',3,(#3860,#3861,#3862,#3863,#3864),
.UNSPECIFIED.,.F.,.F.,(4,1,4),(0.E0,1.921533577342E-1,1.E0),.UNSPECIFIED.);
#3870=B_SPLINE_CURVE_WITH_KNOTS('',3,(#3866,#3867,#3868,#3869),.UNSPECIFIED.,
.F.,.F.,(4,4),(0.E0,1.E0),.UNSPECIFIED.);
#3876=B_SPLINE_CURVE_WITH_KNOTS('',3,(#3871,#3872,#3873,#3874,#3875),
.UNSPECIFIED.,.F.,.F.,(4,1,4),(0.E0,6.923374456522E-1,1.E0),.UNSPECIFIED.);
#3881=B_SPLINE_CURVE_WITH_KNOTS('',3,(#3877,#3878,#3879,#3880),.UNSPECIFIED.,
.F.,.F.,(4,4),(0.E0,1.E0),.UNSPECIFIED.);
#3886=B_SPLINE_CURVE_WITH_KNOTS('',3,(#3882,#3883,#3884,#3885),.UNSPECIFIED.,
.F.,.F.,(4,4),(0.E0,1.E0),.UNSPECIFIED.);
#3891=B_SPLINE_CURVE_WITH_KNOTS('',3,(#3887,#3888,#3889,#3890),.UNSPECIFIED.,
.F.,.F.,(4,4),(0.E0,1.E0),.UNSPECIFIED.);
#3896=B_SPLINE_CURVE_WITH_KNOTS('',3,(#3892,#3893,#3894,#3895),.UNSPECIFIED.,
.F.,.F.,(4,4),(0.E0,1.E0),.UNSPECIFIED.);
#3949=B_SPLINE_CURVE_WITH_KNOTS('',3,(#3945,#3946,#3947,#3948),.UNSPECIFIED.,
.F.,.F.,(4,4),(0.E0,1.E0),.UNSPECIFIED.);
#3954=B_SPLINE_CURVE_WITH_KNOTS('',3,(#3950,#3951,#3952,#3953),.UNSPECIFIED.,
.F.,.F.,(4,4),(0.E0,1.E0),.UNSPECIFIED.);
#3959=B_SPLINE_CURVE_WITH_KNOTS('',3,(#3955,#3956,#3957,#3958),.UNSPECIFIED.,
.F.,.F.,(4,4),(0.E0,1.E0),.UNSPECIFIED.);
#3967=B_SPLINE_CURVE_WITH_KNOTS('',3,(#3960,#3961,#3962,#3963,#3964,#3965,
#3966),.UNSPECIFIED.,.F.,.F.,(4,1,1,1,4),(0.E0,2.466247974256E-1,
4.922313053899E-1,7.440230975121E-1,1.E0),.UNSPECIFIED.);
#3972=B_SPLINE_CURVE_WITH_KNOTS('',3,(#3968,#3969,#3970,#3971),.UNSPECIFIED.,
.F.,.F.,(4,4),(0.E0,1.E0),.UNSPECIFIED.);
#3977=B_SPLINE_CURVE_WITH_KNOTS('',3,(#3973,#3974,#3975,#3976),.UNSPECIFIED.,
.F.,.F.,(4,4),(0.E0,1.E0),.UNSPECIFIED.);
#3982=B_SPLINE_CURVE_WITH_KNOTS('',3,(#3978,#3979,#3980,#3981),.UNSPECIFIED.,
.F.,.F.,(4,4),(0.E0,1.E0),.UNSPECIFIED.);
#3990=B_SPLINE_CURVE_WITH_KNOTS('',3,(#3983,#3984,#3985,#3986,#3987,#3988,
#3989),.UNSPECIFIED.,.F.,.F.,(4,1,1,1,4),(0.E0,2.578376410199E-1,
5.089732696746E-1,7.497847226177E-1,1.E0),.UNSPECIFIED.);
#3995=B_SPLINE_CURVE_WITH_KNOTS('',3,(#3991,#3992,#3993,#3994),.UNSPECIFIED.,
.F.,.F.,(4,4),(0.E0,1.E0),.UNSPECIFIED.);
#4000=B_SPLINE_CURVE_WITH_KNOTS('',3,(#3996,#3997,#3998,#3999),.UNSPECIFIED.,
.F.,.F.,(4,4),(0.E0,1.E0),.UNSPECIFIED.);
#4005=B_SPLINE_CURVE_WITH_KNOTS('',3,(#4001,#4002,#4003,#4004),.UNSPECIFIED.,
.F.,.F.,(4,4),(0.E0,1.E0),.UNSPECIFIED.);
#4010=B_SPLINE_CURVE_WITH_KNOTS('',3,(#4006,#4007,#4008,#4009),.UNSPECIFIED.,
.F.,.F.,(4,4),(0.E0,1.E0),.UNSPECIFIED.);
#4015=B_SPLINE_CURVE_WITH_KNOTS('',3,(#4011,#4012,#4013,#4014),.UNSPECIFIED.,
.F.,.F.,(4,4),(0.E0,1.E0),.UNSPECIFIED.);
#4055=B_SPLINE_CURVE_WITH_KNOTS('',3,(#4048,#4049,#4050,#4051,#4052,#4053,
#4054),.UNSPECIFIED.,.F.,.F.,(4,1,1,1,4),(0.E0,2.226963329829E-1,
5.615438495888E-1,8.551881585072E-1,1.E0),.UNSPECIFIED.);
#4062=B_SPLINE_CURVE_WITH_KNOTS('',3,(#4056,#4057,#4058,#4059,#4060,#4061),
.UNSPECIFIED.,.F.,.F.,(4,1,1,4),(0.E0,2.761126116402E-1,5.534015859397E-1,1.E0),
.UNSPECIFIED.);
#4067=B_SPLINE_CURVE_WITH_KNOTS('',3,(#4063,#4064,#4065,#4066),.UNSPECIFIED.,
.F.,.F.,(4,4),(0.E0,1.E0),.UNSPECIFIED.);
#4072=B_SPLINE_CURVE_WITH_KNOTS('',3,(#4068,#4069,#4070,#4071),.UNSPECIFIED.,
.F.,.F.,(4,4),(0.E0,1.E0),.UNSPECIFIED.);
#4077=B_SPLINE_CURVE_WITH_KNOTS('',3,(#4073,#4074,#4075,#4076),.UNSPECIFIED.,
.F.,.F.,(4,4),(0.E0,1.E0),.UNSPECIFIED.);
#4084=B_SPLINE_CURVE_WITH_KNOTS('',3,(#4078,#4079,#4080,#4081,#4082,#4083),
.UNSPECIFIED.,.F.,.F.,(4,1,1,4),(0.E0,6.584959150851E-2,5.404520185202E-1,1.E0),
.UNSPECIFIED.);
#4089=B_SPLINE_CURVE_WITH_KNOTS('',3,(#4085,#4086,#4087,#4088),.UNSPECIFIED.,
.F.,.F.,(4,4),(0.E0,1.E0),.UNSPECIFIED.);
#4096=B_SPLINE_CURVE_WITH_KNOTS('',3,(#4090,#4091,#4092,#4093,#4094,#4095),
.UNSPECIFIED.,.F.,.F.,(4,1,1,4),(0.E0,3.564114353987E-2,5.270824027251E-1,1.E0),
.UNSPECIFIED.);
#4102=B_SPLINE_CURVE_WITH_KNOTS('',3,(#4097,#4098,#4099,#4100,#4101),
.UNSPECIFIED.,.F.,.F.,(4,1,4),(0.E0,4.675992636402E-1,1.E0),.UNSPECIFIED.);
#4109=B_SPLINE_CURVE_WITH_KNOTS('',3,(#4103,#4104,#4105,#4106,#4107,#4108),
.UNSPECIFIED.,.F.,.F.,(4,1,1,4),(0.E0,3.585443611440E-1,8.201936862644E-1,1.E0),
.UNSPECIFIED.);
#4115=B_SPLINE_CURVE_WITH_KNOTS('',3,(#4110,#4111,#4112,#4113,#4114),
.UNSPECIFIED.,.F.,.F.,(4,1,4),(0.E0,4.175733561965E-1,1.E0),.UNSPECIFIED.);
#4120=B_SPLINE_CURVE_WITH_KNOTS('',3,(#4116,#4117,#4118,#4119),.UNSPECIFIED.,
.F.,.F.,(4,4),(0.E0,1.E0),.UNSPECIFIED.);
#4125=B_SPLINE_CURVE_WITH_KNOTS('',3,(#4121,#4122,#4123,#4124),.UNSPECIFIED.,
.F.,.F.,(4,4),(0.E0,1.E0),.UNSPECIFIED.);
#4130=B_SPLINE_CURVE_WITH_KNOTS('',3,(#4126,#4127,#4128,#4129),.UNSPECIFIED.,
.F.,.F.,(4,4),(0.E0,1.E0),.UNSPECIFIED.);
#4137=B_SPLINE_CURVE_WITH_KNOTS('',3,(#4131,#4132,#4133,#4134,#4135,#4136),
.UNSPECIFIED.,.F.,.F.,(4,1,1,4),(0.E0,4.355221245185E-1,9.627213829328E-1,1.E0),
.UNSPECIFIED.);
#4146=B_SPLINE_CURVE_WITH_KNOTS('',3,(#4138,#4139,#4140,#4141,#4142,#4143,#4144,
#4145),.UNSPECIFIED.,.F.,.F.,(4,1,1,1,1,4),(0.E0,4.798572530125E-2,
3.069980039736E-1,5.632939930434E-1,8.060865076554E-1,1.E0),.UNSPECIFIED.);
#5958=EDGE_CURVE('',#5801,#5803,#136,.T.);
#5960=EDGE_CURVE('',#5801,#5608,#20,.T.);
#5962=EDGE_CURVE('',#5608,#5610,#3545,.T.);
#5964=EDGE_CURVE('',#5803,#5610,#4194,.T.);
#5968=ADVANCED_FACE('',(#5967),#5957,.T.);
#5974=EDGE_CURVE('',#4774,#4762,#789,.T.);
#5976=EDGE_CURVE('',#4751,#4774,#24,.T.);
#5978=EDGE_CURVE('',#4751,#4670,#28,.T.);
#5980=EDGE_CURVE('',#4670,#4762,#1717,.T.);
#5984=EDGE_CURVE('',#5766,#5767,#42,.T.);
#5986=EDGE_CURVE('',#5767,#5769,#46,.T.);
#5988=EDGE_CURVE('',#5769,#5771,#50,.T.);
#5990=EDGE_CURVE('',#5771,#5773,#54,.T.);
#5992=EDGE_CURVE('',#5773,#5775,#58,.T.);
#5994=EDGE_CURVE('',#5775,#5766,#62,.T.);
#5998=EDGE_CURVE('',#5776,#5777,#67,.T.);
#6000=EDGE_CURVE('',#5778,#5777,#77,.T.);
#6002=EDGE_CURVE('',#5778,#5779,#82,.T.);
#6004=EDGE_CURVE('',#5776,#5779,#92,.T.);
#6008=EDGE_CURVE('',#5782,#5783,#96,.T.);
#6010=EDGE_CURVE('',#5783,#5785,#100,.T.);
#6012=EDGE_CURVE('',#5785,#5787,#104,.T.);
#6014=EDGE_CURVE('',#5787,#5789,#108,.T.);
#6016=EDGE_CURVE('',#5789,#5791,#112,.T.);
#6018=EDGE_CURVE('',#5791,#5793,#116,.T.);
#6020=EDGE_CURVE('',#5793,#5795,#120,.T.);
#6022=EDGE_CURVE('',#5795,#5797,#124,.T.);
#6024=EDGE_CURVE('',#5797,#5799,#128,.T.);
#6026=EDGE_CURVE('',#5799,#5801,#132,.T.);
#6029=EDGE_CURVE('',#5803,#5782,#140,.T.);
#6033=EDGE_CURVE('',#5808,#5809,#168,.T.);
#6035=EDGE_CURVE('',#5810,#5809,#176,.T.);
#6037=EDGE_CURVE('',#5810,#5811,#181,.T.);
#6039=EDGE_CURVE('',#5811,#5808,#186,.T.);
#6043=EDGE_CURVE('',#5819,#5820,#215,.T.);
#6045=EDGE_CURVE('',#5820,#5822,#219,.T.);
#6047=EDGE_CURVE('',#5822,#5824,#223,.T.);
#6049=EDGE_CURVE('',#5824,#5826,#227,.T.);
#6051=EDGE_CURVE('',#5826,#5828,#231,.T.);
#6053=EDGE_CURVE('',#5828,#5830,#235,.T.);
#6055=EDGE_CURVE('',#5830,#5832,#239,.T.);
#6057=EDGE_CURVE('',#5832,#5819,#243,.T.);
#6061=EDGE_CURVE('',#5835,#5836,#247,.T.);
#6063=EDGE_CURVE('',#5836,#5838,#251,.T.);
#6065=EDGE_CURVE('',#5838,#5840,#255,.T.);
#6067=EDGE_CURVE('',#5840,#5842,#259,.T.);
#6069=EDGE_CURVE('',#5842,#5844,#263,.T.);
#6071=EDGE_CURVE('',#5844,#5846,#267,.T.);
#6073=EDGE_CURVE('',#5846,#5848,#271,.T.);
#6075=EDGE_CURVE('',#5848,#5850,#275,.T.);
#6077=EDGE_CURVE('',#5850,#5852,#279,.T.);
#6079=EDGE_CURVE('',#5852,#5854,#283,.T.);
#6081=EDGE_CURVE('',#5854,#5856,#287,.T.);
#6083=EDGE_CURVE('',#5856,#5835,#291,.T.);
#6087=EDGE_CURVE('',#5860,#5861,#316,.T.);
#6089=EDGE_CURVE('',#5861,#5862,#321,.T.);
#6091=EDGE_CURVE('',#5862,#5863,#326,.T.);
#6093=EDGE_CURVE('',#5864,#5863,#332,.T.);
#6095=EDGE_CURVE('',#5864,#5865,#337,.T.);
#6097=EDGE_CURVE('',#5866,#5865,#343,.T.);
#6099=EDGE_CURVE('',#5866,#5867,#348,.T.);
#6101=EDGE_CURVE('',#5860,#5867,#356,.T.);
#6105=EDGE_CURVE('',#5868,#5869,#361,.T.);
#6107=EDGE_CURVE('',#5870,#5869,#375,.T.);
#6109=EDGE_CURVE('',#5870,#5871,#380,.T.);
#6111=EDGE_CURVE('',#5868,#5871,#393,.T.);
#6115=EDGE_CURVE('',#5872,#5873,#398,.T.);
#6117=EDGE_CURVE('',#5873,#5874,#403,.T.);
#6119=EDGE_CURVE('',#5874,#5875,#408,.T.);
#6121=EDGE_CURVE('',#5875,#5876,#413,.T.);
#6123=EDGE_CURVE('',#5876,#5877,#418,.T.);
#6125=EDGE_CURVE('',#5878,#5877,#424,.T.);
#6127=EDGE_CURVE('',#5878,#5879,#429,.T.);
#6129=EDGE_CURVE('',#5880,#5879,#435,.T.);
#6131=EDGE_CURVE('',#5880,#5881,#440,.T.);
#6133=EDGE_CURVE('',#5881,#5882,#445,.T.);
#6135=EDGE_CURVE('',#5882,#5883,#450,.T.);
#6137=EDGE_CURVE('',#5872,#5883,#455,.T.);
#6141=EDGE_CURVE('',#5886,#5887,#459,.T.);
#6143=EDGE_CURVE('',#5887,#5889,#463,.T.);
#6145=EDGE_CURVE('',#5889,#5891,#467,.T.);
#6147=EDGE_CURVE('',#5891,#5893,#471,.T.);
#6149=EDGE_CURVE('',#5893,#5895,#475,.T.);
#6151=EDGE_CURVE('',#5895,#5897,#479,.T.);
#6153=EDGE_CURVE('',#5897,#5899,#483,.T.);
#6155=EDGE_CURVE('',#5899,#5901,#487,.T.);
#6157=EDGE_CURVE('',#5901,#5903,#491,.T.);
#6159=EDGE_CURVE('',#5903,#5905,#495,.T.);
#6161=EDGE_CURVE('',#5905,#5907,#499,.T.);
#6163=EDGE_CURVE('',#5907,#5886,#503,.T.);
#6167=EDGE_CURVE('',#5912,#5913,#531,.T.);
#6169=EDGE_CURVE('',#5914,#5913,#539,.T.);
#6171=EDGE_CURVE('',#5914,#5915,#544,.T.);
#6173=EDGE_CURVE('',#5915,#5912,#549,.T.);
#6177=EDGE_CURVE('',#5923,#5924,#578,.T.);
#6179=EDGE_CURVE('',#5924,#5926,#582,.T.);
#6181=EDGE_CURVE('',#5926,#5928,#586,.T.);
#6183=EDGE_CURVE('',#5928,#5930,#590,.T.);
#6185=EDGE_CURVE('',#5930,#5932,#594,.T.);
#6187=EDGE_CURVE('',#5932,#5934,#598,.T.);
#6189=EDGE_CURVE('',#5934,#5936,#602,.T.);
#6191=EDGE_CURVE('',#5936,#5923,#606,.T.);
#6195=EDGE_CURVE('',#5937,#5938,#614,.T.);
#6197=EDGE_CURVE('',#5938,#5939,#623,.T.);
#6199=EDGE_CURVE('',#5939,#5940,#630,.T.);
#6201=EDGE_CURVE('',#5940,#5941,#635,.T.);
#6203=EDGE_CURVE('',#5941,#5942,#640,.T.);
#6205=EDGE_CURVE('',#5942,#5943,#645,.T.);
#6207=EDGE_CURVE('',#5943,#5944,#651,.T.);
#6209=EDGE_CURVE('',#5944,#5945,#658,.T.);
#6211=EDGE_CURVE('',#5945,#5946,#664,.T.);
#6213=EDGE_CURVE('',#5946,#5947,#671,.T.);
#6215=EDGE_CURVE('',#5947,#5948,#676,.T.);
#6217=EDGE_CURVE('',#5948,#5949,#683,.T.);
#6219=EDGE_CURVE('',#5949,#5950,#688,.T.);
#6221=EDGE_CURVE('',#5950,#5951,#693,.T.);
#6223=EDGE_CURVE('',#5951,#5952,#698,.T.);
#6225=EDGE_CURVE('',#5952,#5937,#705,.T.);
#6229=ADVANCED_FACE('',(#5983,#5997,#6007,#6032,#6042,#6060,#6086,#6104,#6114,
#6140,#6166,#6176,#6194,#6228),#5973,.T.);
#6242=EDGE_CURVE('',#5762,#5763,#33,.T.);
#6244=EDGE_CURVE('',#5763,#5762,#38,.T.);
#6248=ADVANCED_FACE('',(#6247),#6241,.T.);
#6261=EDGE_CURVE('',#5804,#5805,#145,.T.);
#6263=EDGE_CURVE('',#5806,#5805,#153,.T.);
#6265=EDGE_CURVE('',#5806,#5807,#158,.T.);
#6267=EDGE_CURVE('',#5807,#5804,#163,.T.);
#6271=ADVANCED_FACE('',(#6270),#6260,.T.);
#6284=EDGE_CURVE('',#5812,#5813,#191,.T.);
#6286=EDGE_CURVE('',#5812,#5814,#196,.T.);
#6288=EDGE_CURVE('',#5814,#5815,#201,.T.);
#6290=EDGE_CURVE('',#5815,#5816,#206,.T.);
#6292=EDGE_CURVE('',#5813,#5816,#211,.T.);
#6296=ADVANCED_FACE('',(#6295),#6283,.T.);
#6309=EDGE_CURVE('',#5857,#5858,#296,.T.);
#6311=EDGE_CURVE('',#5858,#5859,#301,.T.);
#6313=EDGE_CURVE('',#5857,#5859,#311,.T.);
#6317=ADVANCED_FACE('',(#6316),#6308,.T.);
#6330=EDGE_CURVE('',#5908,#5909,#508,.T.);
#6332=EDGE_CURVE('',#5910,#5909,#516,.T.);
#6334=EDGE_CURVE('',#5910,#5911,#521,.T.);
#6336=EDGE_CURVE('',#5911,#5908,#526,.T.);
#6340=ADVANCED_FACE('',(#6339),#6329,.T.);
#6353=EDGE_CURVE('',#5916,#5917,#554,.T.);
#6355=EDGE_CURVE('',#5916,#5918,#559,.T.);
#6357=EDGE_CURVE('',#5918,#5919,#564,.T.);
#6359=EDGE_CURVE('',#5919,#5920,#569,.T.);
#6361=EDGE_CURVE('',#5917,#5920,#574,.T.);
#6365=ADVANCED_FACE('',(#6364),#6352,.T.);
#6378=EDGE_CURVE('',#4978,#4982,#709,.T.);
#6380=EDGE_CURVE('',#4978,#5088,#713,.T.);
#6382=EDGE_CURVE('',#5086,#5088,#1469,.T.);
#6384=EDGE_CURVE('',#4966,#5086,#2245,.T.);
#6386=EDGE_CURVE('',#4962,#4966,#717,.T.);
#6388=EDGE_CURVE('',#4962,#5064,#721,.T.);
#6390=EDGE_CURVE('',#5062,#5064,#1437,.T.);
#6392=EDGE_CURVE('',#4950,#5062,#2217,.T.);
#6394=EDGE_CURVE('',#4946,#4950,#725,.T.);
#6396=EDGE_CURVE('',#4946,#5040,#729,.T.);
#6398=EDGE_CURVE('',#5038,#5040,#1417,.T.);
#6400=EDGE_CURVE('',#4934,#5038,#2189,.T.);
#6402=EDGE_CURVE('',#4930,#4934,#733,.T.);
#6404=EDGE_CURVE('',#4930,#5016,#737,.T.);
#6406=EDGE_CURVE('',#5014,#5016,#1397,.T.);
#6408=EDGE_CURVE('',#4918,#5014,#2133,.T.);
#6410=EDGE_CURVE('',#4914,#4918,#741,.T.);
#6412=EDGE_CURVE('',#4914,#4992,#745,.T.);
#6414=EDGE_CURVE('',#4894,#4992,#1377,.T.);
#6416=EDGE_CURVE('',#4906,#4894,#2149,.T.);
#6418=EDGE_CURVE('',#4905,#4906,#749,.T.);
#6420=EDGE_CURVE('',#4905,#4872,#753,.T.);
#6422=EDGE_CURVE('',#4764,#4872,#1357,.T.);
#6424=EDGE_CURVE('',#4757,#4764,#1593,.T.);
#6426=EDGE_CURVE('',#4757,#4758,#2085,.T.);
#6428=EDGE_CURVE('',#4758,#4768,#2041,.T.);
#6430=EDGE_CURVE('',#5090,#4768,#1453,.T.);
#6432=EDGE_CURVE('',#4982,#5090,#1229,.T.);
#6436=ADVANCED_FACE('',(#6435),#6377,.F.);
#6449=EDGE_CURVE('',#4986,#4990,#757,.T.);
#6451=EDGE_CURVE('',#5094,#4986,#1221,.T.);
#6453=EDGE_CURVE('',#5094,#4862,#761,.T.);
#6455=EDGE_CURVE('',#4868,#4862,#765,.T.);
#6457=EDGE_CURVE('',#4866,#4868,#769,.T.);
#6459=EDGE_CURVE('',#4864,#4866,#773,.T.);
#6461=EDGE_CURVE('',#4864,#4838,#777,.T.);
#6463=EDGE_CURVE('',#4840,#4838,#781,.T.);
#6465=EDGE_CURVE('',#4870,#4840,#785,.T.);
#6467=EDGE_CURVE('',#4774,#4870,#1973,.T.);
#6470=EDGE_CURVE('',#4761,#4762,#1713,.T.);
#6472=EDGE_CURVE('',#4761,#4772,#793,.T.);
#6474=EDGE_CURVE('',#4804,#4772,#1685,.T.);
#6476=EDGE_CURVE('',#4804,#4807,#797,.T.);
#6478=EDGE_CURVE('',#4807,#4808,#801,.T.);
#6480=EDGE_CURVE('',#4819,#4808,#1585,.T.);
#6482=EDGE_CURVE('',#4819,#4820,#805,.T.);
#6484=EDGE_CURVE('',#4820,#4822,#809,.T.);
#6486=EDGE_CURVE('',#4822,#4824,#813,.T.);
#6488=EDGE_CURVE('',#4824,#4874,#817,.T.);
#6490=EDGE_CURVE('',#4874,#4910,#821,.T.);
#6492=EDGE_CURVE('',#4909,#4910,#825,.T.);
#6494=EDGE_CURVE('',#4892,#4909,#2141,.T.);
#6496=EDGE_CURVE('',#4892,#4994,#829,.T.);
#6498=EDGE_CURVE('',#4994,#4926,#833,.T.);
#6500=EDGE_CURVE('',#4922,#4926,#837,.T.);
#6502=EDGE_CURVE('',#5012,#4922,#2125,.T.);
#6504=EDGE_CURVE('',#5012,#5018,#841,.T.);
#6506=EDGE_CURVE('',#5018,#4942,#845,.T.);
#6508=EDGE_CURVE('',#4938,#4942,#849,.T.);
#6510=EDGE_CURVE('',#5036,#4938,#2181,.T.);
#6512=EDGE_CURVE('',#5036,#5042,#853,.T.);
#6514=EDGE_CURVE('',#5042,#4958,#857,.T.);
#6516=EDGE_CURVE('',#4954,#4958,#861,.T.);
#6518=EDGE_CURVE('',#5060,#4954,#2209,.T.);
#6520=EDGE_CURVE('',#5060,#5066,#865,.T.);
#6522=EDGE_CURVE('',#5066,#4974,#869,.T.);
#6524=EDGE_CURVE('',#4970,#4974,#873,.T.);
#6526=EDGE_CURVE('',#5084,#4970,#2237,.T.);
#6528=EDGE_CURVE('',#5084,#5092,#877,.T.);
#6530=EDGE_CURVE('',#5092,#4990,#881,.T.);
#6534=EDGE_CURVE('',#5181,#5182,#885,.T.);
#6536=EDGE_CURVE('',#5181,#5185,#889,.T.);
#6538=EDGE_CURVE('',#5185,#5186,#893,.T.);
#6540=EDGE_CURVE('',#5182,#5186,#897,.T.);
#6544=EDGE_CURVE('',#5257,#5258,#901,.T.);
#6546=EDGE_CURVE('',#5257,#5261,#905,.T.);
#6548=EDGE_CURVE('',#5261,#5262,#909,.T.);
#6550=EDGE_CURVE('',#5258,#5262,#913,.T.);
#6554=EDGE_CURVE('',#5333,#5334,#917,.T.);
#6556=EDGE_CURVE('',#5333,#5337,#921,.T.);
#6558=EDGE_CURVE('',#5337,#5338,#925,.T.);
#6560=EDGE_CURVE('',#5334,#5338,#929,.T.);
#6564=EDGE_CURVE('',#5409,#5410,#933,.T.);
#6566=EDGE_CURVE('',#5409,#5413,#937,.T.);
#6568=EDGE_CURVE('',#5413,#5414,#941,.T.);
#6570=EDGE_CURVE('',#5410,#5414,#945,.T.);
#6574=EDGE_CURVE('',#5485,#5486,#949,.T.);
#6576=EDGE_CURVE('',#5485,#5489,#953,.T.);
#6578=EDGE_CURVE('',#5489,#5490,#957,.T.);
#6580=EDGE_CURVE('',#5486,#5490,#961,.T.);
#6584=EDGE_CURVE('',#5561,#5562,#965,.T.);
#6586=EDGE_CURVE('',#5561,#5565,#969,.T.);
#6588=EDGE_CURVE('',#5565,#5566,#973,.T.);
#6590=EDGE_CURVE('',#5562,#5566,#977,.T.);
#6594=ADVANCED_FACE('',(#6533,#6543,#6553,#6563,#6573,#6583,#6593),#6448,.F.);
#6607=EDGE_CURVE('',#4965,#4977,#1025,.T.);
#6609=EDGE_CURVE('',#4977,#4978,#981,.T.);
#6612=EDGE_CURVE('',#4981,#4982,#1225,.T.);
#6614=EDGE_CURVE('',#4981,#4678,#1121,.T.);
#6616=EDGE_CURVE('',#4718,#4678,#1821,.T.);
#6618=EDGE_CURVE('',#4718,#4712,#985,.T.);
#6620=EDGE_CURVE('',#4712,#4676,#989,.T.);
#6622=EDGE_CURVE('',#4676,#4902,#1105,.T.);
#6624=EDGE_CURVE('',#4902,#4905,#993,.T.);
#6627=EDGE_CURVE('',#4897,#4906,#2145,.T.);
#6629=EDGE_CURVE('',#4897,#4913,#1089,.T.);
#6631=EDGE_CURVE('',#4913,#4914,#997,.T.);
#6634=EDGE_CURVE('',#4917,#4918,#2129,.T.);
#6636=EDGE_CURVE('',#4917,#4929,#1073,.T.);
#6638=EDGE_CURVE('',#4929,#4930,#1001,.T.);
#6641=EDGE_CURVE('',#4933,#4934,#2185,.T.);
#6643=EDGE_CURVE('',#4933,#4945,#1057,.T.);
#6645=EDGE_CURVE('',#4945,#4946,#1005,.T.);
#6648=EDGE_CURVE('',#4949,#4950,#2213,.T.);
#6650=EDGE_CURVE('',#4949,#4961,#1041,.T.);
#6652=EDGE_CURVE('',#4961,#4962,#1009,.T.);
#6655=EDGE_CURVE('',#4965,#4966,#2241,.T.);
#6659=ADVANCED_FACE('',(#6658),#6606,.F.);
#6672=EDGE_CURVE('',#4981,#4985,#1013,.T.);
#6674=EDGE_CURVE('',#4985,#4989,#1017,.T.);
#6676=EDGE_CURVE('',#4977,#4989,#1021,.T.);
#6679=EDGE_CURVE('',#4965,#4969,#1029,.T.);
#6681=EDGE_CURVE('',#4969,#4973,#1033,.T.);
#6683=EDGE_CURVE('',#4961,#4973,#1037,.T.);
#6686=EDGE_CURVE('',#4949,#4953,#1045,.T.);
#6688=EDGE_CURVE('',#4953,#4957,#1049,.T.);
#6690=EDGE_CURVE('',#4945,#4957,#1053,.T.);
#6693=EDGE_CURVE('',#4933,#4937,#1061,.T.);
#6695=EDGE_CURVE('',#4937,#4941,#1065,.T.);
#6697=EDGE_CURVE('',#4929,#4941,#1069,.T.);
#6700=EDGE_CURVE('',#4917,#4921,#1077,.T.);
#6702=EDGE_CURVE('',#4921,#4925,#1081,.T.);
#6704=EDGE_CURVE('',#4913,#4925,#1085,.T.);
#6707=EDGE_CURVE('',#4897,#4898,#1093,.T.);
#6709=EDGE_CURVE('',#4898,#4900,#1097,.T.);
#6711=EDGE_CURVE('',#4902,#4900,#1101,.T.);
#6714=EDGE_CURVE('',#4674,#4676,#1109,.T.);
#6716=EDGE_CURVE('',#4673,#4674,#1113,.T.);
#6718=EDGE_CURVE('',#4678,#4673,#1117,.T.);
#6723=EDGE_CURVE('',#5173,#5174,#1125,.T.);
#6725=EDGE_CURVE('',#5174,#5178,#1129,.T.);
#6727=EDGE_CURVE('',#5177,#5178,#1133,.T.);
#6729=EDGE_CURVE('',#5173,#5177,#1137,.T.);
#6733=EDGE_CURVE('',#5249,#5250,#1141,.T.);
#6735=EDGE_CURVE('',#5250,#5254,#1145,.T.);
#6737=EDGE_CURVE('',#5253,#5254,#1149,.T.);
#6739=EDGE_CURVE('',#5249,#5253,#1153,.T.);
#6743=EDGE_CURVE('',#5325,#5326,#1157,.T.);
#6745=EDGE_CURVE('',#5326,#5330,#1161,.T.);
#6747=EDGE_CURVE('',#5329,#5330,#1165,.T.);
#6749=EDGE_CURVE('',#5325,#5329,#1169,.T.);
#6753=EDGE_CURVE('',#5401,#5402,#1173,.T.);
#6755=EDGE_CURVE('',#5402,#5406,#1177,.T.);
#6757=EDGE_CURVE('',#5405,#5406,#1181,.T.);
#6759=EDGE_CURVE('',#5401,#5405,#1185,.T.);
#6763=EDGE_CURVE('',#5477,#5478,#1189,.T.);
#6765=EDGE_CURVE('',#5478,#5482,#1193,.T.);
#6767=EDGE_CURVE('',#5481,#5482,#1197,.T.);
#6769=EDGE_CURVE('',#5477,#5481,#1201,.T.);
#6773=EDGE_CURVE('',#5553,#5554,#1205,.T.);
#6775=EDGE_CURVE('',#5554,#5558,#1209,.T.);
#6777=EDGE_CURVE('',#5557,#5558,#1213,.T.);
#6779=EDGE_CURVE('',#5553,#5557,#1217,.T.);
#6783=ADVANCED_FACE('',(#6722,#6732,#6742,#6752,#6762,#6772,#6782),#6671,.T.);
#6797=EDGE_CURVE('',#4985,#4986,#1237,.T.);
#6802=EDGE_CURVE('',#5090,#5100,#1449,.T.);
#6804=EDGE_CURVE('',#5100,#5098,#1233,.T.);
#6806=EDGE_CURVE('',#5098,#5094,#1333,.T.);
#6810=ADVANCED_FACE('',(#6809),#6795,.F.);
#6825=EDGE_CURVE('',#4989,#4990,#1241,.T.);
#6830=ADVANCED_FACE('',(#6829),#6822,.F.);
#6848=EDGE_CURVE('',#5108,#5092,#1341,.T.);
#6850=EDGE_CURVE('',#5108,#5106,#1245,.T.);
#6852=EDGE_CURVE('',#5088,#5106,#1473,.T.);
#6856=ADVANCED_FACE('',(#6855),#6842,.F.);
#6869=EDGE_CURVE('',#4888,#4890,#1249,.T.);
#6871=EDGE_CURVE('',#4888,#4874,#1253,.T.);
#6874=EDGE_CURVE('',#4776,#4824,#1257,.T.);
#6876=EDGE_CURVE('',#4890,#4776,#1481,.T.);
#6880=ADVANCED_FACE('',(#6879),#6868,.F.);
#6893=EDGE_CURVE('',#5008,#5010,#1261,.T.);
#6895=EDGE_CURVE('',#5008,#4994,#1265,.T.);
#6898=EDGE_CURVE('',#4878,#4892,#1269,.T.);
#6900=EDGE_CURVE('',#4877,#4878,#1273,.T.);
#6902=EDGE_CURVE('',#5010,#4877,#1493,.T.);
#6906=ADVANCED_FACE('',(#6905),#6892,.F.);
#6919=EDGE_CURVE('',#5032,#5034,#1277,.T.);
#6921=EDGE_CURVE('',#5032,#5018,#1281,.T.);
#6924=EDGE_CURVE('',#4998,#5012,#1285,.T.);
#6926=EDGE_CURVE('',#4997,#4998,#1289,.T.);
#6928=EDGE_CURVE('',#5034,#4997,#1509,.T.);
#6932=ADVANCED_FACE('',(#6931),#6918,.F.);
#6945=EDGE_CURVE('',#5056,#5058,#1293,.T.);
#6947=EDGE_CURVE('',#5056,#5042,#1297,.T.);
#6950=EDGE_CURVE('',#5022,#5036,#1301,.T.);
#6952=EDGE_CURVE('',#5021,#5022,#1305,.T.);
#6954=EDGE_CURVE('',#5058,#5021,#1525,.T.);
#6958=ADVANCED_FACE('',(#6957),#6944,.F.);
#6971=EDGE_CURVE('',#5080,#5082,#1309,.T.);
#6973=EDGE_CURVE('',#5080,#5066,#1313,.T.);
#6976=EDGE_CURVE('',#5046,#5060,#1317,.T.);
#6978=EDGE_CURVE('',#5045,#5046,#1321,.T.);
#6980=EDGE_CURVE('',#5082,#5045,#1541,.T.);
#6984=ADVANCED_FACE('',(#6983),#6970,.F.);
#6997=EDGE_CURVE('',#5097,#5098,#1325,.T.);
#6999=EDGE_CURVE('',#4778,#5097,#1561,.T.);
#7001=EDGE_CURVE('',#4778,#4862,#1329,.T.);
#7007=ADVANCED_FACE('',(#7006),#6996,.F.);
#7020=EDGE_CURVE('',#5108,#5110,#1337,.T.);
#7024=EDGE_CURVE('',#5070,#5084,#1345,.T.);
#7026=EDGE_CURVE('',#5069,#5070,#1349,.T.);
#7028=EDGE_CURVE('',#5110,#5069,#1569,.T.);
#7032=ADVANCED_FACE('',(#7031),#7019,.F.);
#7045=EDGE_CURVE('',#4885,#4886,#1353,.T.);
#7047=EDGE_CURVE('',#4888,#4886,#2165,.T.);
#7050=EDGE_CURVE('',#4890,#4885,#1477,.T.);
#7054=ADVANCED_FACE('',(#7053),#7044,.T.);
#7068=EDGE_CURVE('',#4885,#4766,#1485,.T.);
#7070=EDGE_CURVE('',#4766,#4764,#1597,.T.);
#7073=EDGE_CURVE('',#4872,#4886,#1361,.T.);
#7077=ADVANCED_FACE('',(#7076),#7066,.F.);
#7090=EDGE_CURVE('',#5005,#5006,#1365,.T.);
#7092=EDGE_CURVE('',#5005,#4882,#1501,.T.);
#7094=EDGE_CURVE('',#4880,#4882,#1369,.T.);
#7096=EDGE_CURVE('',#4894,#4880,#1373,.T.);
#7099=EDGE_CURVE('',#4992,#5006,#1381,.T.);
#7103=ADVANCED_FACE('',(#7102),#7089,.F.);
#7116=EDGE_CURVE('',#5029,#5030,#1385,.T.);
#7118=EDGE_CURVE('',#5029,#5002,#1517,.T.);
#7120=EDGE_CURVE('',#5000,#5002,#1389,.T.);
#7122=EDGE_CURVE('',#5014,#5000,#1393,.T.);
#7125=EDGE_CURVE('',#5016,#5030,#1401,.T.);
#7129=ADVANCED_FACE('',(#7128),#7115,.F.);
#7142=EDGE_CURVE('',#5053,#5054,#1405,.T.);
#7144=EDGE_CURVE('',#5053,#5026,#1533,.T.);
#7146=EDGE_CURVE('',#5024,#5026,#1409,.T.);
#7148=EDGE_CURVE('',#5038,#5024,#1413,.T.);
#7151=EDGE_CURVE('',#5040,#5054,#1421,.T.);
#7155=ADVANCED_FACE('',(#7154),#7141,.F.);
#7168=EDGE_CURVE('',#5077,#5078,#1425,.T.);
#7170=EDGE_CURVE('',#5077,#5050,#1549,.T.);
#7172=EDGE_CURVE('',#5048,#5050,#1429,.T.);
#7174=EDGE_CURVE('',#5062,#5048,#1433,.T.);
#7177=EDGE_CURVE('',#5064,#5078,#1441,.T.);
#7181=ADVANCED_FACE('',(#7180),#7167,.F.);
#7194=EDGE_CURVE('',#5100,#5102,#1445,.T.);
#7198=EDGE_CURVE('',#4770,#4768,#2037,.T.);
#7200=EDGE_CURVE('',#4770,#5102,#1557,.T.);
#7204=ADVANCED_FACE('',(#7203),#7193,.F.);
#7217=EDGE_CURVE('',#5105,#5106,#1457,.T.);
#7219=EDGE_CURVE('',#5105,#5074,#1577,.T.);
#7221=EDGE_CURVE('',#5072,#5074,#1461,.T.);
#7223=EDGE_CURVE('',#5086,#5072,#1465,.T.);
#7229=ADVANCED_FACE('',(#7228),#7216,.F.);
#7244=EDGE_CURVE('',#4766,#4776,#1601,.T.);
#7249=ADVANCED_FACE('',(#7248),#7241,.T.);
#7262=EDGE_CURVE('',#5010,#5005,#1489,.T.);
#7265=EDGE_CURVE('',#4882,#4877,#1497,.T.);
#7270=ADVANCED_FACE('',(#7269),#7261,.T.);
#7283=EDGE_CURVE('',#5034,#5029,#1505,.T.);
#7286=EDGE_CURVE('',#5002,#4997,#1513,.T.);
#7291=ADVANCED_FACE('',(#7290),#7282,.T.);
#7304=EDGE_CURVE('',#5058,#5053,#1521,.T.);
#7307=EDGE_CURVE('',#5026,#5021,#1529,.T.);
#7312=ADVANCED_FACE('',(#7311),#7303,.T.);
#7325=EDGE_CURVE('',#5082,#5077,#1537,.T.);
#7328=EDGE_CURVE('',#5050,#5045,#1545,.T.);
#7333=ADVANCED_FACE('',(#7332),#7324,.T.);
#7346=EDGE_CURVE('',#5102,#5097,#1553,.T.);
#7349=EDGE_CURVE('',#4778,#4770,#2033,.T.);
#7354=ADVANCED_FACE('',(#7353),#7345,.T.);
#7367=EDGE_CURVE('',#5110,#5105,#1565,.T.);
#7370=EDGE_CURVE('',#5074,#5069,#1573,.T.);
#7375=ADVANCED_FACE('',(#7374),#7366,.T.);
#7389=EDGE_CURVE('',#4824,#4811,#1581,.T.);
#7391=EDGE_CURVE('',#4811,#4812,#1617,.T.);
#7393=EDGE_CURVE('',#4819,#4812,#1613,.T.);
#7396=EDGE_CURVE('',#4808,#4789,#1657,.T.);
#7398=EDGE_CURVE('',#4801,#4789,#1701,.T.);
#7400=EDGE_CURVE('',#4796,#4801,#1673,.T.);
#7402=EDGE_CURVE('',#4796,#4784,#1589,.T.);
#7404=EDGE_CURVE('',#4784,#4786,#1641,.T.);
#7406=EDGE_CURVE('',#4798,#4786,#2109,.T.);
#7408=EDGE_CURVE('',#4746,#4798,#1689,.T.);
#7410=EDGE_CURVE('',#4745,#4746,#1777,.T.);
#7412=EDGE_CURVE('',#4745,#4757,#2089,.T.);
#7419=ADVANCED_FACE('',(#7418),#7387,.F.);
#7433=EDGE_CURVE('',#4822,#4816,#1605,.T.);
#7435=EDGE_CURVE('',#4816,#4811,#1621,.T.);
#7440=ADVANCED_FACE('',(#7439),#7431,.F.);
#7454=EDGE_CURVE('',#4820,#4814,#1609,.T.);
#7456=EDGE_CURVE('',#4814,#4816,#1625,.T.);
#7461=ADVANCED_FACE('',(#7460),#7452,.F.);
#7476=EDGE_CURVE('',#4812,#4814,#1629,.T.);
#7481=ADVANCED_FACE('',(#7480),#7473,.F.);
#7500=ADVANCED_FACE('',(#7499),#7493,.T.);
#7513=EDGE_CURVE('',#4781,#4782,#1633,.T.);
#7515=EDGE_CURVE('',#4786,#4781,#1637,.T.);
#7518=EDGE_CURVE('',#4782,#4784,#1645,.T.);
#7522=ADVANCED_FACE('',(#7521),#7512,.T.);
#7535=EDGE_CURVE('',#4790,#4807,#1649,.T.);
#7537=EDGE_CURVE('',#4789,#4790,#1653,.T.);
#7543=ADVANCED_FACE('',(#7542),#7534,.T.);
#7556=EDGE_CURVE('',#4793,#4794,#1665,.T.);
#7558=EDGE_CURVE('',#4793,#4781,#1661,.T.);
#7561=EDGE_CURVE('',#4794,#4782,#1697,.T.);
#7565=ADVANCED_FACE('',(#7564),#7555,.F.);
#7579=EDGE_CURVE('',#4796,#4794,#1669,.T.);
#7582=EDGE_CURVE('',#4801,#4802,#1677,.T.);
#7584=EDGE_CURVE('',#4804,#4802,#1681,.T.);
#7587=EDGE_CURVE('',#4772,#4748,#1709,.T.);
#7589=EDGE_CURVE('',#4748,#4746,#1781,.T.);
#7592=EDGE_CURVE('',#4798,#4793,#1693,.T.);
#7596=ADVANCED_FACE('',(#7595),#7577,.F.);
#7615=ADVANCED_FACE('',(#7614),#7608,.F.);
#7631=EDGE_CURVE('',#4802,#4790,#1705,.T.);
#7635=ADVANCED_FACE('',(#7634),#7627,.F.);
#7654=ADVANCED_FACE('',(#7653),#7647,.F.);
#7668=EDGE_CURVE('',#4761,#4669,#1725,.T.);
#7670=EDGE_CURVE('',#4748,#4669,#1785,.T.);
#7675=ADVANCED_FACE('',(#7674),#7666,.T.);
#7690=EDGE_CURVE('',#4669,#4670,#1721,.T.);
#7695=ADVANCED_FACE('',(#7694),#7687,.T.);
#7713=EDGE_CURVE('',#4751,#4752,#1789,.T.);
#7715=EDGE_CURVE('',#4754,#4752,#1793,.T.);
#7717=EDGE_CURVE('',#4745,#4754,#2093,.T.);
#7721=EDGE_CURVE('',#4697,#4698,#1729,.T.);
#7723=EDGE_CURVE('',#4704,#4697,#1733,.T.);
#7725=EDGE_CURVE('',#4710,#4704,#1737,.T.);
#7727=EDGE_CURVE('',#4714,#4710,#1741,.T.);
#7729=EDGE_CURVE('',#4716,#4714,#1745,.T.);
#7731=EDGE_CURVE('',#4720,#4716,#1749,.T.);
#7733=EDGE_CURVE('',#4724,#4720,#1753,.T.);
#7735=EDGE_CURVE('',#4728,#4724,#1757,.T.);
#7737=EDGE_CURVE('',#4734,#4728,#1761,.T.);
#7739=EDGE_CURVE('',#4738,#4734,#1765,.T.);
#7741=EDGE_CURVE('',#4742,#4738,#1769,.T.);
#7743=EDGE_CURVE('',#4698,#4742,#1773,.T.);
#7747=ADVANCED_FACE('',(#7720,#7746),#7707,.T.);
#7761=EDGE_CURVE('',#4702,#4698,#1797,.T.);
#7763=EDGE_CURVE('',#4701,#4702,#1901,.T.);
#7765=EDGE_CURVE('',#4701,#4697,#1889,.T.);
#7769=ADVANCED_FACE('',(#7768),#7759,.T.);
#7783=EDGE_CURVE('',#4740,#4742,#1801,.T.);
#7785=EDGE_CURVE('',#4702,#4740,#1869,.T.);
#7790=ADVANCED_FACE('',(#7789),#7781,.T.);
#7803=EDGE_CURVE('',#4740,#4736,#1809,.T.);
#7807=EDGE_CURVE('',#4736,#4738,#1805,.T.);
#7811=ADVANCED_FACE('',(#7810),#7802,.T.);
#7825=EDGE_CURVE('',#4736,#4673,#1813,.T.);
#7828=EDGE_CURVE('',#4740,#4674,#1873,.T.);
#7832=ADVANCED_FACE('',(#7831),#7823,.F.);
#7845=EDGE_CURVE('',#4722,#4718,#1817,.T.);
#7850=EDGE_CURVE('',#4736,#4732,#1825,.T.);
#7852=EDGE_CURVE('',#4732,#4694,#1829,.T.);
#7854=EDGE_CURVE('',#4693,#4694,#1833,.T.);
#7856=EDGE_CURVE('',#4722,#4693,#1837,.T.);
#7860=ADVANCED_FACE('',(#7859),#7844,.F.);
#7874=EDGE_CURVE('',#4718,#4716,#1841,.T.);
#7877=EDGE_CURVE('',#4722,#4720,#1949,.T.);
#7881=ADVANCED_FACE('',(#7880),#7872,.T.);
#7895=EDGE_CURVE('',#4712,#4714,#1845,.T.);
#7901=ADVANCED_FACE('',(#7900),#7893,.T.);
#7914=EDGE_CURVE('',#4712,#4708,#1853,.T.);
#7918=EDGE_CURVE('',#4708,#4710,#1849,.T.);
#7922=ADVANCED_FACE('',(#7921),#7913,.T.);
#7936=EDGE_CURVE('',#4708,#4689,#1857,.T.);
#7938=EDGE_CURVE('',#4689,#4690,#1861,.T.);
#7940=EDGE_CURVE('',#4702,#4690,#1865,.T.);
#7948=ADVANCED_FACE('',(#7947),#7934,.F.);
#7961=EDGE_CURVE('',#4708,#4706,#1877,.T.);
#7963=EDGE_CURVE('',#4706,#4682,#1881,.T.);
#7965=EDGE_CURVE('',#4682,#4689,#1905,.T.);
#7970=ADVANCED_FACE('',(#7969),#7960,.F.);
#7986=EDGE_CURVE('',#4706,#4704,#1885,.T.);
#7990=ADVANCED_FACE('',(#7989),#7982,.T.);
#8005=EDGE_CURVE('',#4706,#4701,#1893,.T.);
#8010=ADVANCED_FACE('',(#8009),#8002,.T.);
#8024=EDGE_CURVE('',#4701,#4681,#1897,.T.);
#8026=EDGE_CURVE('',#4681,#4682,#1909,.T.);
#8031=ADVANCED_FACE('',(#8030),#8022,.F.);
#8046=EDGE_CURVE('',#4690,#4681,#1913,.T.);
#8051=ADVANCED_FACE('',(#8050),#8043,.F.);
#8070=ADVANCED_FACE('',(#8069),#8063,.T.);
#8084=EDGE_CURVE('',#4686,#4694,#1917,.T.);
#8086=EDGE_CURVE('',#4685,#4686,#1921,.T.);
#8088=EDGE_CURVE('',#4693,#4685,#1925,.T.);
#8092=ADVANCED_FACE('',(#8091),#8082,.T.);
#8105=EDGE_CURVE('',#4732,#4730,#1929,.T.);
#8107=EDGE_CURVE('',#4730,#4686,#1933,.T.);
#8113=ADVANCED_FACE('',(#8112),#8104,.F.);
#8127=EDGE_CURVE('',#4732,#4734,#1941,.T.);
#8130=EDGE_CURVE('',#4730,#4728,#1937,.T.);
#8134=ADVANCED_FACE('',(#8133),#8125,.T.);
#8153=ADVANCED_FACE('',(#8152),#8146,.T.);
#8167=EDGE_CURVE('',#4726,#4724,#1945,.T.);
#8169=EDGE_CURVE('',#4730,#4726,#1957,.T.);
#8174=ADVANCED_FACE('',(#8173),#8165,.T.);
#8189=EDGE_CURVE('',#4726,#4722,#1953,.T.);
#8194=ADVANCED_FACE('',(#8193),#8186,.T.);
#8210=EDGE_CURVE('',#4726,#4685,#1961,.T.);
#8214=ADVANCED_FACE('',(#8213),#8206,.F.);
#8233=ADVANCED_FACE('',(#8232),#8226,.F.);
#8246=EDGE_CURVE('',#4842,#4844,#1965,.T.);
#8248=EDGE_CURVE('',#4848,#4842,#1969,.T.);
#8250=EDGE_CURVE('',#4752,#4848,#2045,.T.);
#8255=EDGE_CURVE('',#4870,#4852,#1977,.T.);
#8257=EDGE_CURVE('',#4850,#4852,#1981,.T.);
#8259=EDGE_CURVE('',#4846,#4850,#2053,.T.);
#8261=EDGE_CURVE('',#4846,#4844,#1985,.T.);
#8265=ADVANCED_FACE('',(#8264),#8245,.F.);
#8278=EDGE_CURVE('',#4842,#4827,#1989,.T.);
#8281=EDGE_CURVE('',#4844,#4828,#2025,.T.);
#8283=EDGE_CURVE('',#4827,#4828,#1997,.T.);
#8287=ADVANCED_FACE('',(#8286),#8277,.T.);
#8301=EDGE_CURVE('',#4832,#4827,#2009,.T.);
#8303=EDGE_CURVE('',#4848,#4832,#1993,.T.);
#8308=ADVANCED_FACE('',(#8307),#8299,.T.);
#8322=EDGE_CURVE('',#4828,#4830,#2001,.T.);
#8324=EDGE_CURVE('',#4830,#4832,#2005,.T.);
#8329=ADVANCED_FACE('',(#8328),#8320,.F.);
#8342=EDGE_CURVE('',#4838,#4835,#2013,.T.);
#8344=EDGE_CURVE('',#4835,#4836,#2017,.T.);
#8346=EDGE_CURVE('',#4836,#4840,#2021,.T.);
#8351=ADVANCED_FACE('',(#8350),#8341,.F.);
#8366=EDGE_CURVE('',#4846,#4830,#2049,.T.);
#8371=ADVANCED_FACE('',(#8370),#8363,.T.);
#8385=EDGE_CURVE('',#4864,#4856,#2057,.T.);
#8387=EDGE_CURVE('',#4855,#4856,#2069,.T.);
#8389=EDGE_CURVE('',#4862,#4855,#2029,.T.);
#8395=EDGE_CURVE('',#4754,#4758,#2097,.T.);
#8403=EDGE_CURVE('',#4850,#4835,#2101,.T.);
#8408=ADVANCED_FACE('',(#8407),#8383,.F.);
#8423=EDGE_CURVE('',#4866,#4858,#2061,.T.);
#8425=EDGE_CURVE('',#4856,#4858,#2073,.T.);
#8429=ADVANCED_FACE('',(#8428),#8420,.T.);
#8444=EDGE_CURVE('',#4868,#4860,#2065,.T.);
#8446=EDGE_CURVE('',#4858,#4860,#2077,.T.);
#8450=ADVANCED_FACE('',(#8449),#8441,.T.);
#8464=EDGE_CURVE('',#4860,#4855,#2081,.T.);
#8470=ADVANCED_FACE('',(#8469),#8462,.T.);
#8489=ADVANCED_FACE('',(#8488),#8482,.F.);
#8508=ADVANCED_FACE('',(#8507),#8501,.F.);
#8523=EDGE_CURVE('',#4852,#4836,#2105,.T.);
#8528=ADVANCED_FACE('',(#8527),#8520,.T.);
#8547=ADVANCED_FACE('',(#8546),#8540,.T.);
#8566=ADVANCED_FACE('',(#8565),#8559,.F.);
#8580=EDGE_CURVE('',#5008,#5006,#2117,.T.);
#8586=ADVANCED_FACE('',(#8585),#8578,.T.);
#8602=EDGE_CURVE('',#4925,#4926,#2113,.T.);
#8610=ADVANCED_FACE('',(#8609),#8598,.F.);
#8623=EDGE_CURVE('',#4921,#4922,#2121,.T.);
#8630=ADVANCED_FACE('',(#8629),#8622,.F.);
#8649=EDGE_CURVE('',#5000,#4998,#2137,.T.);
#8654=ADVANCED_FACE('',(#8653),#8642,.F.);
#8673=ADVANCED_FACE('',(#8672),#8666,.T.);
#8687=EDGE_CURVE('',#4880,#4878,#2153,.T.);
#8693=ADVANCED_FACE('',(#8692),#8685,.T.);
#8707=EDGE_CURVE('',#4898,#4909,#2157,.T.);
#8717=ADVANCED_FACE('',(#8716),#8705,.F.);
#8733=EDGE_CURVE('',#4900,#4910,#2161,.T.);
#8737=ADVANCED_FACE('',(#8736),#8729,.F.);
#8760=ADVANCED_FACE('',(#8759),#8749,.F.);
#8774=EDGE_CURVE('',#5032,#5030,#2173,.T.);
#8780=ADVANCED_FACE('',(#8779),#8772,.T.);
#8796=EDGE_CURVE('',#4941,#4942,#2169,.T.);
#8804=ADVANCED_FACE('',(#8803),#8792,.F.);
#8817=EDGE_CURVE('',#4937,#4938,#2177,.T.);
#8824=ADVANCED_FACE('',(#8823),#8816,.F.);
#8843=EDGE_CURVE('',#5024,#5022,#2193,.T.);
#8848=ADVANCED_FACE('',(#8847),#8836,.F.);
#8867=ADVANCED_FACE('',(#8866),#8860,.T.);
#8881=EDGE_CURVE('',#5056,#5054,#2201,.T.);
#8887=ADVANCED_FACE('',(#8886),#8879,.T.);
#8903=EDGE_CURVE('',#4957,#4958,#2197,.T.);
#8911=ADVANCED_FACE('',(#8910),#8899,.F.);
#8924=EDGE_CURVE('',#4953,#4954,#2205,.T.);
#8931=ADVANCED_FACE('',(#8930),#8923,.F.);
#8950=EDGE_CURVE('',#5048,#5046,#2221,.T.);
#8955=ADVANCED_FACE('',(#8954),#8943,.F.);
#8974=ADVANCED_FACE('',(#8973),#8967,.T.);
#8988=EDGE_CURVE('',#5080,#5078,#2229,.T.);
#8994=ADVANCED_FACE('',(#8993),#8986,.T.);
#9010=EDGE_CURVE('',#4973,#4974,#2225,.T.);
#9018=ADVANCED_FACE('',(#9017),#9006,.F.);
#9031=EDGE_CURVE('',#4969,#4970,#2233,.T.);
#9038=ADVANCED_FACE('',(#9037),#9030,.F.);
#9057=EDGE_CURVE('',#5072,#5070,#2249,.T.);
#9062=ADVANCED_FACE('',(#9061),#9050,.F.);
#9081=ADVANCED_FACE('',(#9080),#9074,.T.);
#9100=ADVANCED_FACE('',(#9099),#9093,.T.);
#9119=ADVANCED_FACE('',(#9118),#9112,.T.);
#9133=EDGE_CURVE('',#5173,#5117,#2253,.T.);
#9135=EDGE_CURVE('',#5117,#5118,#2257,.T.);
#9137=EDGE_CURVE('',#5118,#5120,#2262,.T.);
#9139=EDGE_CURVE('',#5120,#5174,#2266,.T.);
#9143=ADVANCED_FACE('',(#9142),#9131,.F.);
#9157=EDGE_CURVE('',#5182,#5123,#2270,.T.);
#9159=EDGE_CURVE('',#5123,#5124,#2274,.T.);
#9161=EDGE_CURVE('',#5124,#5126,#2278,.T.);
#9163=EDGE_CURVE('',#5126,#5128,#2283,.T.);
#9165=EDGE_CURVE('',#5128,#5130,#2287,.T.);
#9167=EDGE_CURVE('',#5130,#5132,#2291,.T.);
#9169=EDGE_CURVE('',#5132,#5134,#2295,.T.);
#9171=EDGE_CURVE('',#5134,#5136,#2300,.T.);
#9173=EDGE_CURVE('',#5136,#5138,#2304,.T.);
#9175=EDGE_CURVE('',#5138,#5140,#2308,.T.);
#9177=EDGE_CURVE('',#5140,#5113,#2312,.T.);
#9179=EDGE_CURVE('',#5113,#5114,#2316,.T.);
#9181=EDGE_CURVE('',#5114,#5181,#2320,.T.);
#9185=ADVANCED_FACE('',(#9184),#9155,.F.);
#9199=EDGE_CURVE('',#5177,#5147,#2341,.T.);
#9201=EDGE_CURVE('',#5117,#5147,#2407,.T.);
#9206=ADVANCED_FACE('',(#9205),#9197,.T.);
#9221=EDGE_CURVE('',#5114,#5144,#2324,.T.);
#9223=EDGE_CURVE('',#5144,#5185,#2345,.T.);
#9227=ADVANCED_FACE('',(#9226),#9218,.T.);
#9241=EDGE_CURVE('',#5150,#5178,#2328,.T.);
#9243=EDGE_CURVE('',#5148,#5150,#2333,.T.);
#9245=EDGE_CURVE('',#5147,#5148,#2337,.T.);
#9250=ADVANCED_FACE('',(#9249),#9239,.T.);
#9265=EDGE_CURVE('',#5143,#5144,#2349,.T.);
#9267=EDGE_CURVE('',#5170,#5143,#2353,.T.);
#9269=EDGE_CURVE('',#5168,#5170,#2357,.T.);
#9271=EDGE_CURVE('',#5166,#5168,#2361,.T.);
#9273=EDGE_CURVE('',#5164,#5166,#2366,.T.);
#9275=EDGE_CURVE('',#5162,#5164,#2370,.T.);
#9277=EDGE_CURVE('',#5160,#5162,#2374,.T.);
#9279=EDGE_CURVE('',#5158,#5160,#2378,.T.);
#9281=EDGE_CURVE('',#5156,#5158,#2383,.T.);
#9283=EDGE_CURVE('',#5154,#5156,#2387,.T.);
#9285=EDGE_CURVE('',#5153,#5154,#2391,.T.);
#9287=EDGE_CURVE('',#5186,#5153,#2395,.T.);
#9291=ADVANCED_FACE('',(#9290),#9262,.T.);
#9306=EDGE_CURVE('',#5120,#5150,#2399,.T.);
#9311=ADVANCED_FACE('',(#9310),#9303,.T.);
#9326=EDGE_CURVE('',#5123,#5153,#2411,.T.);
#9331=ADVANCED_FACE('',(#9330),#9323,.T.);
#9345=EDGE_CURVE('',#5118,#5148,#2403,.T.);
#9351=ADVANCED_FACE('',(#9350),#9343,.T.);
#9370=ADVANCED_FACE('',(#9369),#9363,.T.);
#9386=EDGE_CURVE('',#5124,#5154,#2415,.T.);
#9390=ADVANCED_FACE('',(#9389),#9382,.T.);
#9406=EDGE_CURVE('',#5126,#5156,#2419,.T.);
#9410=ADVANCED_FACE('',(#9409),#9402,.T.);
#9426=EDGE_CURVE('',#5128,#5158,#2423,.T.);
#9430=ADVANCED_FACE('',(#9429),#9422,.T.);
#9446=EDGE_CURVE('',#5130,#5160,#2427,.T.);
#9450=ADVANCED_FACE('',(#9449),#9442,.T.);
#9466=EDGE_CURVE('',#5132,#5162,#2431,.T.);
#9470=ADVANCED_FACE('',(#9469),#9462,.T.);
#9486=EDGE_CURVE('',#5134,#5164,#2435,.T.);
#9490=ADVANCED_FACE('',(#9489),#9482,.T.);
#9506=EDGE_CURVE('',#5136,#5166,#2439,.T.);
#9510=ADVANCED_FACE('',(#9509),#9502,.T.);
#9526=EDGE_CURVE('',#5138,#5168,#2443,.T.);
#9530=ADVANCED_FACE('',(#9529),#9522,.T.);
#9546=EDGE_CURVE('',#5140,#5170,#2447,.T.);
#9550=ADVANCED_FACE('',(#9549),#9542,.T.);
#9566=EDGE_CURVE('',#5113,#5143,#2451,.T.);
#9570=ADVANCED_FACE('',(#9569),#9562,.T.);
#9589=ADVANCED_FACE('',(#9588),#9582,.T.);
#9603=EDGE_CURVE('',#5249,#5193,#2455,.T.);
#9605=EDGE_CURVE('',#5193,#5194,#2459,.T.);
#9607=EDGE_CURVE('',#5194,#5196,#2464,.T.);
#9609=EDGE_CURVE('',#5196,#5250,#2468,.T.);
#9613=ADVANCED_FACE('',(#9612),#9601,.F.);
#9627=EDGE_CURVE('',#5258,#5199,#2472,.T.);
#9629=EDGE_CURVE('',#5199,#5200,#2476,.T.);
#9631=EDGE_CURVE('',#5200,#5202,#2480,.T.);
#9633=EDGE_CURVE('',#5202,#5204,#2485,.T.);
#9635=EDGE_CURVE('',#5204,#5206,#2489,.T.);
#9637=EDGE_CURVE('',#5206,#5208,#2493,.T.);
#9639=EDGE_CURVE('',#5208,#5210,#2497,.T.);
#9641=EDGE_CURVE('',#5210,#5212,#2502,.T.);
#9643=EDGE_CURVE('',#5212,#5214,#2506,.T.);
#9645=EDGE_CURVE('',#5214,#5216,#2510,.T.);
#9647=EDGE_CURVE('',#5216,#5189,#2514,.T.);
#9649=EDGE_CURVE('',#5189,#5190,#2518,.T.);
#9651=EDGE_CURVE('',#5190,#5257,#2522,.T.);
#9655=ADVANCED_FACE('',(#9654),#9625,.F.);
#9669=EDGE_CURVE('',#5253,#5223,#2543,.T.);
#9671=EDGE_CURVE('',#5193,#5223,#2609,.T.);
#9676=ADVANCED_FACE('',(#9675),#9667,.T.);
#9691=EDGE_CURVE('',#5190,#5220,#2526,.T.);
#9693=EDGE_CURVE('',#5220,#5261,#2547,.T.);
#9697=ADVANCED_FACE('',(#9696),#9688,.T.);
#9711=EDGE_CURVE('',#5226,#5254,#2530,.T.);
#9713=EDGE_CURVE('',#5224,#5226,#2535,.T.);
#9715=EDGE_CURVE('',#5223,#5224,#2539,.T.);
#9720=ADVANCED_FACE('',(#9719),#9709,.T.);
#9735=EDGE_CURVE('',#5219,#5220,#2551,.T.);
#9737=EDGE_CURVE('',#5246,#5219,#2555,.T.);
#9739=EDGE_CURVE('',#5244,#5246,#2559,.T.);
#9741=EDGE_CURVE('',#5242,#5244,#2563,.T.);
#9743=EDGE_CURVE('',#5240,#5242,#2568,.T.);
#9745=EDGE_CURVE('',#5238,#5240,#2572,.T.);
#9747=EDGE_CURVE('',#5236,#5238,#2576,.T.);
#9749=EDGE_CURVE('',#5234,#5236,#2580,.T.);
#9751=EDGE_CURVE('',#5232,#5234,#2585,.T.);
#9753=EDGE_CURVE('',#5230,#5232,#2589,.T.);
#9755=EDGE_CURVE('',#5229,#5230,#2593,.T.);
#9757=EDGE_CURVE('',#5262,#5229,#2597,.T.);
#9761=ADVANCED_FACE('',(#9760),#9732,.T.);
#9776=EDGE_CURVE('',#5196,#5226,#2601,.T.);
#9781=ADVANCED_FACE('',(#9780),#9773,.T.);
#9796=EDGE_CURVE('',#5199,#5229,#2613,.T.);
#9801=ADVANCED_FACE('',(#9800),#9793,.T.);
#9815=EDGE_CURVE('',#5194,#5224,#2605,.T.);
#9821=ADVANCED_FACE('',(#9820),#9813,.T.);
#9840=ADVANCED_FACE('',(#9839),#9833,.T.);
#9856=EDGE_CURVE('',#5200,#5230,#2617,.T.);
#9860=ADVANCED_FACE('',(#9859),#9852,.T.);
#9876=EDGE_CURVE('',#5202,#5232,#2621,.T.);
#9880=ADVANCED_FACE('',(#9879),#9872,.T.);
#9896=EDGE_CURVE('',#5204,#5234,#2625,.T.);
#9900=ADVANCED_FACE('',(#9899),#9892,.T.);
#9916=EDGE_CURVE('',#5206,#5236,#2629,.T.);
#9920=ADVANCED_FACE('',(#9919),#9912,.T.);
#9936=EDGE_CURVE('',#5208,#5238,#2633,.T.);
#9940=ADVANCED_FACE('',(#9939),#9932,.T.);
#9956=EDGE_CURVE('',#5210,#5240,#2637,.T.);
#9960=ADVANCED_FACE('',(#9959),#9952,.T.);
#9976=EDGE_CURVE('',#5212,#5242,#2641,.T.);
#9980=ADVANCED_FACE('',(#9979),#9972,.T.);
#9996=EDGE_CURVE('',#5214,#5244,#2645,.T.);
#10000=ADVANCED_FACE('',(#9999),#9992,.T.);
#10016=EDGE_CURVE('',#5216,#5246,#2649,.T.);
#10020=ADVANCED_FACE('',(#10019),#10012,.T.);
#10036=EDGE_CURVE('',#5189,#5219,#2653,.T.);
#10040=ADVANCED_FACE('',(#10039),#10032,.T.);
#10059=ADVANCED_FACE('',(#10058),#10052,.T.);
#10073=EDGE_CURVE('',#5325,#5269,#2657,.T.);
#10075=EDGE_CURVE('',#5269,#5270,#2661,.T.);
#10077=EDGE_CURVE('',#5270,#5272,#2666,.T.);
#10079=EDGE_CURVE('',#5272,#5326,#2670,.T.);
#10083=ADVANCED_FACE('',(#10082),#10071,.F.);
#10097=EDGE_CURVE('',#5334,#5275,#2674,.T.);
#10099=EDGE_CURVE('',#5275,#5276,#2678,.T.);
#10101=EDGE_CURVE('',#5276,#5278,#2682,.T.);
#10103=EDGE_CURVE('',#5278,#5280,#2687,.T.);
#10105=EDGE_CURVE('',#5280,#5282,#2691,.T.);
#10107=EDGE_CURVE('',#5282,#5284,#2695,.T.);
#10109=EDGE_CURVE('',#5284,#5286,#2699,.T.);
#10111=EDGE_CURVE('',#5286,#5288,#2704,.T.);
#10113=EDGE_CURVE('',#5288,#5290,#2708,.T.);
#10115=EDGE_CURVE('',#5290,#5292,#2712,.T.);
#10117=EDGE_CURVE('',#5292,#5265,#2716,.T.);
#10119=EDGE_CURVE('',#5265,#5266,#2720,.T.);
#10121=EDGE_CURVE('',#5266,#5333,#2724,.T.);
#10125=ADVANCED_FACE('',(#10124),#10095,.F.);
#10139=EDGE_CURVE('',#5329,#5299,#2745,.T.);
#10141=EDGE_CURVE('',#5269,#5299,#2811,.T.);
#10146=ADVANCED_FACE('',(#10145),#10137,.T.);
#10161=EDGE_CURVE('',#5266,#5296,#2728,.T.);
#10163=EDGE_CURVE('',#5296,#5337,#2749,.T.);
#10167=ADVANCED_FACE('',(#10166),#10158,.T.);
#10181=EDGE_CURVE('',#5302,#5330,#2732,.T.);
#10183=EDGE_CURVE('',#5300,#5302,#2737,.T.);
#10185=EDGE_CURVE('',#5299,#5300,#2741,.T.);
#10190=ADVANCED_FACE('',(#10189),#10179,.T.);
#10205=EDGE_CURVE('',#5295,#5296,#2753,.T.);
#10207=EDGE_CURVE('',#5322,#5295,#2757,.T.);
#10209=EDGE_CURVE('',#5320,#5322,#2761,.T.);
#10211=EDGE_CURVE('',#5318,#5320,#2765,.T.);
#10213=EDGE_CURVE('',#5316,#5318,#2770,.T.);
#10215=EDGE_CURVE('',#5314,#5316,#2774,.T.);
#10217=EDGE_CURVE('',#5312,#5314,#2778,.T.);
#10219=EDGE_CURVE('',#5310,#5312,#2782,.T.);
#10221=EDGE_CURVE('',#5308,#5310,#2787,.T.);
#10223=EDGE_CURVE('',#5306,#5308,#2791,.T.);
#10225=EDGE_CURVE('',#5305,#5306,#2795,.T.);
#10227=EDGE_CURVE('',#5338,#5305,#2799,.T.);
#10231=ADVANCED_FACE('',(#10230),#10202,.T.);
#10246=EDGE_CURVE('',#5272,#5302,#2803,.T.);
#10251=ADVANCED_FACE('',(#10250),#10243,.T.);
#10266=EDGE_CURVE('',#5275,#5305,#2815,.T.);
#10271=ADVANCED_FACE('',(#10270),#10263,.T.);
#10285=EDGE_CURVE('',#5270,#5300,#2807,.T.);
#10291=ADVANCED_FACE('',(#10290),#10283,.T.);
#10310=ADVANCED_FACE('',(#10309),#10303,.T.);
#10326=EDGE_CURVE('',#5276,#5306,#2819,.T.);
#10330=ADVANCED_FACE('',(#10329),#10322,.T.);
#10346=EDGE_CURVE('',#5278,#5308,#2823,.T.);
#10350=ADVANCED_FACE('',(#10349),#10342,.T.);
#10366=EDGE_CURVE('',#5280,#5310,#2827,.T.);
#10370=ADVANCED_FACE('',(#10369),#10362,.T.);
#10386=EDGE_CURVE('',#5282,#5312,#2831,.T.);
#10390=ADVANCED_FACE('',(#10389),#10382,.T.);
#10406=EDGE_CURVE('',#5284,#5314,#2835,.T.);
#10410=ADVANCED_FACE('',(#10409),#10402,.T.);
#10426=EDGE_CURVE('',#5286,#5316,#2839,.T.);
#10430=ADVANCED_FACE('',(#10429),#10422,.T.);
#10446=EDGE_CURVE('',#5288,#5318,#2843,.T.);
#10450=ADVANCED_FACE('',(#10449),#10442,.T.);
#10466=EDGE_CURVE('',#5290,#5320,#2847,.T.);
#10470=ADVANCED_FACE('',(#10469),#10462,.T.);
#10486=EDGE_CURVE('',#5292,#5322,#2851,.T.);
#10490=ADVANCED_FACE('',(#10489),#10482,.T.);
#10506=EDGE_CURVE('',#5265,#5295,#2855,.T.);
#10510=ADVANCED_FACE('',(#10509),#10502,.T.);
#10529=ADVANCED_FACE('',(#10528),#10522,.T.);
#10543=EDGE_CURVE('',#5401,#5345,#2859,.T.);
#10545=EDGE_CURVE('',#5345,#5346,#2863,.T.);
#10547=EDGE_CURVE('',#5346,#5348,#2868,.T.);
#10549=EDGE_CURVE('',#5348,#5402,#2872,.T.);
#10553=ADVANCED_FACE('',(#10552),#10541,.F.);
#10567=EDGE_CURVE('',#5410,#5351,#2876,.T.);
#10569=EDGE_CURVE('',#5351,#5352,#2880,.T.);
#10571=EDGE_CURVE('',#5352,#5354,#2884,.T.);
#10573=EDGE_CURVE('',#5354,#5356,#2889,.T.);
#10575=EDGE_CURVE('',#5356,#5358,#2893,.T.);
#10577=EDGE_CURVE('',#5358,#5360,#2897,.T.);
#10579=EDGE_CURVE('',#5360,#5362,#2901,.T.);
#10581=EDGE_CURVE('',#5362,#5364,#2906,.T.);
#10583=EDGE_CURVE('',#5364,#5366,#2910,.T.);
#10585=EDGE_CURVE('',#5366,#5368,#2914,.T.);
#10587=EDGE_CURVE('',#5368,#5341,#2918,.T.);
#10589=EDGE_CURVE('',#5341,#5342,#2922,.T.);
#10591=EDGE_CURVE('',#5342,#5409,#2926,.T.);
#10595=ADVANCED_FACE('',(#10594),#10565,.F.);
#10609=EDGE_CURVE('',#5405,#5375,#2947,.T.);
#10611=EDGE_CURVE('',#5345,#5375,#3013,.T.);
#10616=ADVANCED_FACE('',(#10615),#10607,.T.);
#10631=EDGE_CURVE('',#5342,#5372,#2930,.T.);
#10633=EDGE_CURVE('',#5372,#5413,#2951,.T.);
#10637=ADVANCED_FACE('',(#10636),#10628,.T.);
#10651=EDGE_CURVE('',#5378,#5406,#2934,.T.);
#10653=EDGE_CURVE('',#5376,#5378,#2939,.T.);
#10655=EDGE_CURVE('',#5375,#5376,#2943,.T.);
#10660=ADVANCED_FACE('',(#10659),#10649,.T.);
#10675=EDGE_CURVE('',#5371,#5372,#2955,.T.);
#10677=EDGE_CURVE('',#5398,#5371,#2959,.T.);
#10679=EDGE_CURVE('',#5396,#5398,#2963,.T.);
#10681=EDGE_CURVE('',#5394,#5396,#2967,.T.);
#10683=EDGE_CURVE('',#5392,#5394,#2972,.T.);
#10685=EDGE_CURVE('',#5390,#5392,#2976,.T.);
#10687=EDGE_CURVE('',#5388,#5390,#2980,.T.);
#10689=EDGE_CURVE('',#5386,#5388,#2984,.T.);
#10691=EDGE_CURVE('',#5384,#5386,#2989,.T.);
#10693=EDGE_CURVE('',#5382,#5384,#2993,.T.);
#10695=EDGE_CURVE('',#5381,#5382,#2997,.T.);
#10697=EDGE_CURVE('',#5414,#5381,#3001,.T.);
#10701=ADVANCED_FACE('',(#10700),#10672,.T.);
#10716=EDGE_CURVE('',#5348,#5378,#3005,.T.);
#10721=ADVANCED_FACE('',(#10720),#10713,.T.);
#10736=EDGE_CURVE('',#5351,#5381,#3017,.T.);
#10741=ADVANCED_FACE('',(#10740),#10733,.T.);
#10755=EDGE_CURVE('',#5346,#5376,#3009,.T.);
#10761=ADVANCED_FACE('',(#10760),#10753,.T.);
#10780=ADVANCED_FACE('',(#10779),#10773,.T.);
#10796=EDGE_CURVE('',#5352,#5382,#3021,.T.);
#10800=ADVANCED_FACE('',(#10799),#10792,.T.);
#10816=EDGE_CURVE('',#5354,#5384,#3025,.T.);
#10820=ADVANCED_FACE('',(#10819),#10812,.T.);
#10836=EDGE_CURVE('',#5356,#5386,#3029,.T.);
#10840=ADVANCED_FACE('',(#10839),#10832,.T.);
#10856=EDGE_CURVE('',#5358,#5388,#3033,.T.);
#10860=ADVANCED_FACE('',(#10859),#10852,.T.);
#10876=EDGE_CURVE('',#5360,#5390,#3037,.T.);
#10880=ADVANCED_FACE('',(#10879),#10872,.T.);
#10896=EDGE_CURVE('',#5362,#5392,#3041,.T.);
#10900=ADVANCED_FACE('',(#10899),#10892,.T.);
#10916=EDGE_CURVE('',#5364,#5394,#3045,.T.);
#10920=ADVANCED_FACE('',(#10919),#10912,.T.);
#10936=EDGE_CURVE('',#5366,#5396,#3049,.T.);
#10940=ADVANCED_FACE('',(#10939),#10932,.T.);
#10956=EDGE_CURVE('',#5368,#5398,#3053,.T.);
#10960=ADVANCED_FACE('',(#10959),#10952,.T.);
#10976=EDGE_CURVE('',#5341,#5371,#3057,.T.);
#10980=ADVANCED_FACE('',(#10979),#10972,.T.);
#10999=ADVANCED_FACE('',(#10998),#10992,.T.);
#11013=EDGE_CURVE('',#5477,#5421,#3061,.T.);
#11015=EDGE_CURVE('',#5421,#5422,#3065,.T.);
#11017=EDGE_CURVE('',#5422,#5424,#3070,.T.);
#11019=EDGE_CURVE('',#5424,#5478,#3074,.T.);
#11023=ADVANCED_FACE('',(#11022),#11011,.F.);
#11037=EDGE_CURVE('',#5486,#5427,#3078,.T.);
#11039=EDGE_CURVE('',#5427,#5428,#3082,.T.);
#11041=EDGE_CURVE('',#5428,#5430,#3086,.T.);
#11043=EDGE_CURVE('',#5430,#5432,#3091,.T.);
#11045=EDGE_CURVE('',#5432,#5434,#3095,.T.);
#11047=EDGE_CURVE('',#5434,#5436,#3099,.T.);
#11049=EDGE_CURVE('',#5436,#5438,#3103,.T.);
#11051=EDGE_CURVE('',#5438,#5440,#3108,.T.);
#11053=EDGE_CURVE('',#5440,#5442,#3112,.T.);
#11055=EDGE_CURVE('',#5442,#5444,#3116,.T.);
#11057=EDGE_CURVE('',#5444,#5417,#3120,.T.);
#11059=EDGE_CURVE('',#5417,#5418,#3124,.T.);
#11061=EDGE_CURVE('',#5418,#5485,#3128,.T.);
#11065=ADVANCED_FACE('',(#11064),#11035,.F.);
#11079=EDGE_CURVE('',#5481,#5451,#3149,.T.);
#11081=EDGE_CURVE('',#5421,#5451,#3215,.T.);
#11086=ADVANCED_FACE('',(#11085),#11077,.T.);
#11101=EDGE_CURVE('',#5418,#5448,#3132,.T.);
#11103=EDGE_CURVE('',#5448,#5489,#3153,.T.);
#11107=ADVANCED_FACE('',(#11106),#11098,.T.);
#11121=EDGE_CURVE('',#5454,#5482,#3136,.T.);
#11123=EDGE_CURVE('',#5452,#5454,#3141,.T.);
#11125=EDGE_CURVE('',#5451,#5452,#3145,.T.);
#11130=ADVANCED_FACE('',(#11129),#11119,.T.);
#11145=EDGE_CURVE('',#5447,#5448,#3157,.T.);
#11147=EDGE_CURVE('',#5474,#5447,#3161,.T.);
#11149=EDGE_CURVE('',#5472,#5474,#3165,.T.);
#11151=EDGE_CURVE('',#5470,#5472,#3169,.T.);
#11153=EDGE_CURVE('',#5468,#5470,#3174,.T.);
#11155=EDGE_CURVE('',#5466,#5468,#3178,.T.);
#11157=EDGE_CURVE('',#5464,#5466,#3182,.T.);
#11159=EDGE_CURVE('',#5462,#5464,#3186,.T.);
#11161=EDGE_CURVE('',#5460,#5462,#3191,.T.);
#11163=EDGE_CURVE('',#5458,#5460,#3195,.T.);
#11165=EDGE_CURVE('',#5457,#5458,#3199,.T.);
#11167=EDGE_CURVE('',#5490,#5457,#3203,.T.);
#11171=ADVANCED_FACE('',(#11170),#11142,.T.);
#11186=EDGE_CURVE('',#5424,#5454,#3207,.T.);
#11191=ADVANCED_FACE('',(#11190),#11183,.T.);
#11206=EDGE_CURVE('',#5427,#5457,#3219,.T.);
#11211=ADVANCED_FACE('',(#11210),#11203,.T.);
#11225=EDGE_CURVE('',#5422,#5452,#3211,.T.);
#11231=ADVANCED_FACE('',(#11230),#11223,.T.);
#11250=ADVANCED_FACE('',(#11249),#11243,.T.);
#11266=EDGE_CURVE('',#5428,#5458,#3223,.T.);
#11270=ADVANCED_FACE('',(#11269),#11262,.T.);
#11286=EDGE_CURVE('',#5430,#5460,#3227,.T.);
#11290=ADVANCED_FACE('',(#11289),#11282,.T.);
#11306=EDGE_CURVE('',#5432,#5462,#3231,.T.);
#11310=ADVANCED_FACE('',(#11309),#11302,.T.);
#11326=EDGE_CURVE('',#5434,#5464,#3235,.T.);
#11330=ADVANCED_FACE('',(#11329),#11322,.T.);
#11346=EDGE_CURVE('',#5436,#5466,#3239,.T.);
#11350=ADVANCED_FACE('',(#11349),#11342,.T.);
#11366=EDGE_CURVE('',#5438,#5468,#3243,.T.);
#11370=ADVANCED_FACE('',(#11369),#11362,.T.);
#11386=EDGE_CURVE('',#5440,#5470,#3247,.T.);
#11390=ADVANCED_FACE('',(#11389),#11382,.T.);
#11406=EDGE_CURVE('',#5442,#5472,#3251,.T.);
#11410=ADVANCED_FACE('',(#11409),#11402,.T.);
#11426=EDGE_CURVE('',#5444,#5474,#3255,.T.);
#11430=ADVANCED_FACE('',(#11429),#11422,.T.);
#11446=EDGE_CURVE('',#5417,#5447,#3259,.T.);
#11450=ADVANCED_FACE('',(#11449),#11442,.T.);
#11469=ADVANCED_FACE('',(#11468),#11462,.T.);
#11483=EDGE_CURVE('',#5553,#5497,#3263,.T.);
#11485=EDGE_CURVE('',#5497,#5498,#3267,.T.);
#11487=EDGE_CURVE('',#5498,#5500,#3272,.T.);
#11489=EDGE_CURVE('',#5500,#5554,#3276,.T.);
#11493=ADVANCED_FACE('',(#11492),#11481,.F.);
#11507=EDGE_CURVE('',#5562,#5503,#3280,.T.);
#11509=EDGE_CURVE('',#5503,#5504,#3284,.T.);
#11511=EDGE_CURVE('',#5504,#5506,#3288,.T.);
#11513=EDGE_CURVE('',#5506,#5508,#3293,.T.);
#11515=EDGE_CURVE('',#5508,#5510,#3297,.T.);
#11517=EDGE_CURVE('',#5510,#5512,#3301,.T.);
#11519=EDGE_CURVE('',#5512,#5514,#3305,.T.);
#11521=EDGE_CURVE('',#5514,#5516,#3310,.T.);
#11523=EDGE_CURVE('',#5516,#5518,#3314,.T.);
#11525=EDGE_CURVE('',#5518,#5520,#3318,.T.);
#11527=EDGE_CURVE('',#5520,#5493,#3322,.T.);
#11529=EDGE_CURVE('',#5493,#5494,#3326,.T.);
#11531=EDGE_CURVE('',#5494,#5561,#3330,.T.);
#11535=ADVANCED_FACE('',(#11534),#11505,.F.);
#11549=EDGE_CURVE('',#5557,#5527,#3351,.T.);
#11551=EDGE_CURVE('',#5497,#5527,#3417,.T.);
#11556=ADVANCED_FACE('',(#11555),#11547,.T.);
#11571=EDGE_CURVE('',#5494,#5524,#3334,.T.);
#11573=EDGE_CURVE('',#5524,#5565,#3355,.T.);
#11577=ADVANCED_FACE('',(#11576),#11568,.T.);
#11591=EDGE_CURVE('',#5530,#5558,#3338,.T.);
#11593=EDGE_CURVE('',#5528,#5530,#3343,.T.);
#11595=EDGE_CURVE('',#5527,#5528,#3347,.T.);
#11600=ADVANCED_FACE('',(#11599),#11589,.T.);
#11615=EDGE_CURVE('',#5523,#5524,#3359,.T.);
#11617=EDGE_CURVE('',#5550,#5523,#3363,.T.);
#11619=EDGE_CURVE('',#5548,#5550,#3367,.T.);
#11621=EDGE_CURVE('',#5546,#5548,#3371,.T.);
#11623=EDGE_CURVE('',#5544,#5546,#3376,.T.);
#11625=EDGE_CURVE('',#5542,#5544,#3380,.T.);
#11627=EDGE_CURVE('',#5540,#5542,#3384,.T.);
#11629=EDGE_CURVE('',#5538,#5540,#3388,.T.);
#11631=EDGE_CURVE('',#5536,#5538,#3393,.T.);
#11633=EDGE_CURVE('',#5534,#5536,#3397,.T.);
#11635=EDGE_CURVE('',#5533,#5534,#3401,.T.);
#11637=EDGE_CURVE('',#5566,#5533,#3405,.T.);
#11641=ADVANCED_FACE('',(#11640),#11612,.T.);
#11656=EDGE_CURVE('',#5500,#5530,#3409,.T.);
#11661=ADVANCED_FACE('',(#11660),#11653,.T.);
#11676=EDGE_CURVE('',#5503,#5533,#3421,.T.);
#11681=ADVANCED_FACE('',(#11680),#11673,.T.);
#11695=EDGE_CURVE('',#5498,#5528,#3413,.T.);
#11701=ADVANCED_FACE('',(#11700),#11693,.T.);
#11720=ADVANCED_FACE('',(#11719),#11713,.T.);
#11736=EDGE_CURVE('',#5504,#5534,#3425,.T.);
#11740=ADVANCED_FACE('',(#11739),#11732,.T.);
#11756=EDGE_CURVE('',#5506,#5536,#3429,.T.);
#11760=ADVANCED_FACE('',(#11759),#11752,.T.);
#11776=EDGE_CURVE('',#5508,#5538,#3433,.T.);
#11780=ADVANCED_FACE('',(#11779),#11772,.T.);
#11796=EDGE_CURVE('',#5510,#5540,#3437,.T.);
#11800=ADVANCED_FACE('',(#11799),#11792,.T.);
#11816=EDGE_CURVE('',#5512,#5542,#3441,.T.);
#11820=ADVANCED_FACE('',(#11819),#11812,.T.);
#11836=EDGE_CURVE('',#5514,#5544,#3445,.T.);
#11840=ADVANCED_FACE('',(#11839),#11832,.T.);
#11856=EDGE_CURVE('',#5516,#5546,#3449,.T.);
#11860=ADVANCED_FACE('',(#11859),#11852,.T.);
#11876=EDGE_CURVE('',#5518,#5548,#3453,.T.);
#11880=ADVANCED_FACE('',(#11879),#11872,.T.);
#11896=EDGE_CURVE('',#5520,#5550,#3457,.T.);
#11900=ADVANCED_FACE('',(#11899),#11892,.T.);
#11916=EDGE_CURVE('',#5493,#5523,#3461,.T.);
#11920=ADVANCED_FACE('',(#11919),#11912,.T.);
#11939=ADVANCED_FACE('',(#11938),#11932,.T.);
#11953=EDGE_CURVE('',#5763,#5569,#3465,.T.);
#11955=EDGE_CURVE('',#5569,#5570,#3474,.T.);
#11957=EDGE_CURVE('',#5762,#5570,#3469,.T.);
#11961=ADVANCED_FACE('',(#11960),#11951,.F.);
#11969=EDGE_CURVE('',#5570,#5569,#3479,.T.);
#11974=ADVANCED_FACE('',(#11973),#11966,.F.);
#11980=EDGE_CURVE('',#5573,#5574,#3483,.T.);
#11982=EDGE_CURVE('',#5582,#5573,#3487,.T.);
#11984=EDGE_CURVE('',#5580,#5582,#3491,.T.);
#11986=EDGE_CURVE('',#5578,#5580,#3495,.T.);
#11988=EDGE_CURVE('',#5576,#5578,#3499,.T.);
#11990=EDGE_CURVE('',#5574,#5576,#3503,.T.);
#11994=ADVANCED_FACE('',(#11993),#11979,.T.);
#12007=EDGE_CURVE('',#5583,#5584,#3508,.T.);
#12009=EDGE_CURVE('',#5586,#5583,#3518,.T.);
#12011=EDGE_CURVE('',#5585,#5586,#3523,.T.);
#12013=EDGE_CURVE('',#5584,#5585,#3533,.T.);
#12017=ADVANCED_FACE('',(#12016),#12006,.T.);
#12030=EDGE_CURVE('',#5589,#5590,#3537,.T.);
#12032=EDGE_CURVE('',#5610,#5589,#3541,.T.);
#12035=EDGE_CURVE('',#5606,#5608,#3549,.T.);
#12037=EDGE_CURVE('',#5604,#5606,#3553,.T.);
#12039=EDGE_CURVE('',#5602,#5604,#3557,.T.);
#12041=EDGE_CURVE('',#5600,#5602,#3561,.T.);
#12043=EDGE_CURVE('',#5598,#5600,#3565,.T.);
#12045=EDGE_CURVE('',#5596,#5598,#3569,.T.);
#12047=EDGE_CURVE('',#5594,#5596,#3573,.T.);
#12049=EDGE_CURVE('',#5592,#5594,#3577,.T.);
#12051=EDGE_CURVE('',#5590,#5592,#3581,.T.);
#12055=ADVANCED_FACE('',(#12054),#12029,.T.);
#12068=EDGE_CURVE('',#5615,#5616,#3609,.T.);
#12070=EDGE_CURVE('',#5618,#5615,#3614,.T.);
#12072=EDGE_CURVE('',#5617,#5618,#3619,.T.);
#12074=EDGE_CURVE('',#5616,#5617,#3627,.T.);
#12078=EDGE_CURVE('',#5611,#5612,#3586,.T.);
#12080=EDGE_CURVE('',#5614,#5611,#3591,.T.);
#12082=EDGE_CURVE('',#5613,#5614,#3596,.T.);
#12084=EDGE_CURVE('',#5612,#5613,#3604,.T.);
#12088=ADVANCED_FACE('',(#12077,#12087),#12067,.T.);
#12101=EDGE_CURVE('',#5626,#5627,#3656,.T.);
#12103=EDGE_CURVE('',#5639,#5626,#3660,.T.);
#12105=EDGE_CURVE('',#5637,#5639,#3664,.T.);
#12107=EDGE_CURVE('',#5635,#5637,#3668,.T.);
#12109=EDGE_CURVE('',#5633,#5635,#3672,.T.);
#12111=EDGE_CURVE('',#5631,#5633,#3676,.T.);
#12113=EDGE_CURVE('',#5629,#5631,#3680,.T.);
#12115=EDGE_CURVE('',#5627,#5629,#3684,.T.);
#12119=EDGE_CURVE('',#5619,#5620,#3632,.T.);
#12121=EDGE_CURVE('',#5623,#5619,#3637,.T.);
#12123=EDGE_CURVE('',#5622,#5623,#3642,.T.);
#12125=EDGE_CURVE('',#5621,#5622,#3647,.T.);
#12127=EDGE_CURVE('',#5620,#5621,#3652,.T.);
#12131=ADVANCED_FACE('',(#12118,#12130),#12100,.T.);
#12144=EDGE_CURVE('',#5642,#5643,#3688,.T.);
#12146=EDGE_CURVE('',#5663,#5642,#3692,.T.);
#12148=EDGE_CURVE('',#5661,#5663,#3696,.T.);
#12150=EDGE_CURVE('',#5659,#5661,#3700,.T.);
#12152=EDGE_CURVE('',#5657,#5659,#3704,.T.);
#12154=EDGE_CURVE('',#5655,#5657,#3708,.T.);
#12156=EDGE_CURVE('',#5653,#5655,#3712,.T.);
#12158=EDGE_CURVE('',#5651,#5653,#3716,.T.);
#12160=EDGE_CURVE('',#5649,#5651,#3720,.T.);
#12162=EDGE_CURVE('',#5647,#5649,#3724,.T.);
#12164=EDGE_CURVE('',#5645,#5647,#3728,.T.);
#12166=EDGE_CURVE('',#5643,#5645,#3732,.T.);
#12170=ADVANCED_FACE('',(#12169),#12143,.T.);
#12183=EDGE_CURVE('',#5667,#5668,#3757,.T.);
#12185=EDGE_CURVE('',#5674,#5667,#3765,.T.);
#12187=EDGE_CURVE('',#5673,#5674,#3770,.T.);
#12189=EDGE_CURVE('',#5672,#5673,#3776,.T.);
#12191=EDGE_CURVE('',#5671,#5672,#3781,.T.);
#12193=EDGE_CURVE('',#5670,#5671,#3787,.T.);
#12195=EDGE_CURVE('',#5669,#5670,#3792,.T.);
#12197=EDGE_CURVE('',#5668,#5669,#3797,.T.);
#12201=EDGE_CURVE('',#5664,#5665,#3737,.T.);
#12203=EDGE_CURVE('',#5666,#5664,#3747,.T.);
#12205=EDGE_CURVE('',#5665,#5666,#3752,.T.);
#12209=ADVANCED_FACE('',(#12200,#12208),#12182,.T.);
#12222=EDGE_CURVE('',#5675,#5676,#3802,.T.);
#12224=EDGE_CURVE('',#5678,#5675,#3815,.T.);
#12226=EDGE_CURVE('',#5677,#5678,#3820,.T.);
#12228=EDGE_CURVE('',#5676,#5677,#3834,.T.);
#12232=ADVANCED_FACE('',(#12231),#12221,.T.);
#12245=EDGE_CURVE('',#5679,#5680,#3839,.T.);
#12247=EDGE_CURVE('',#5690,#5679,#3844,.T.);
#12249=EDGE_CURVE('',#5689,#5690,#3849,.T.);
#12251=EDGE_CURVE('',#5688,#5689,#3854,.T.);
#12253=EDGE_CURVE('',#5687,#5688,#3859,.T.);
#12255=EDGE_CURVE('',#5686,#5687,#3865,.T.);
#12257=EDGE_CURVE('',#5685,#5686,#3870,.T.);
#12259=EDGE_CURVE('',#5684,#5685,#3876,.T.);
#12261=EDGE_CURVE('',#5683,#5684,#3881,.T.);
#12263=EDGE_CURVE('',#5682,#5683,#3886,.T.);
#12265=EDGE_CURVE('',#5681,#5682,#3891,.T.);
#12267=EDGE_CURVE('',#5680,#5681,#3896,.T.);
#12271=ADVANCED_FACE('',(#12270),#12244,.T.);
#12284=EDGE_CURVE('',#5693,#5694,#3900,.T.);
#12286=EDGE_CURVE('',#5714,#5693,#3904,.T.);
#12288=EDGE_CURVE('',#5712,#5714,#3908,.T.);
#12290=EDGE_CURVE('',#5710,#5712,#3912,.T.);
#12292=EDGE_CURVE('',#5708,#5710,#3916,.T.);
#12294=EDGE_CURVE('',#5706,#5708,#3920,.T.);
#12296=EDGE_CURVE('',#5704,#5706,#3924,.T.);
#12298=EDGE_CURVE('',#5702,#5704,#3928,.T.);
#12300=EDGE_CURVE('',#5700,#5702,#3932,.T.);
#12302=EDGE_CURVE('',#5698,#5700,#3936,.T.);
#12304=EDGE_CURVE('',#5696,#5698,#3940,.T.);
#12306=EDGE_CURVE('',#5694,#5696,#3944,.T.);
#12310=ADVANCED_FACE('',(#12309),#12283,.T.);
#12323=EDGE_CURVE('',#5719,#5720,#3972,.T.);
#12325=EDGE_CURVE('',#5722,#5719,#3977,.T.);
#12327=EDGE_CURVE('',#5721,#5722,#3982,.T.);
#12329=EDGE_CURVE('',#5720,#5721,#3990,.T.);
#12333=EDGE_CURVE('',#5715,#5716,#3949,.T.);
#12335=EDGE_CURVE('',#5718,#5715,#3954,.T.);
#12337=EDGE_CURVE('',#5717,#5718,#3959,.T.);
#12339=EDGE_CURVE('',#5716,#5717,#3967,.T.);
#12343=ADVANCED_FACE('',(#12332,#12342),#12322,.T.);
#12356=EDGE_CURVE('',#5730,#5731,#4019,.T.);
#12358=EDGE_CURVE('',#5743,#5730,#4023,.T.);
#12360=EDGE_CURVE('',#5741,#5743,#4027,.T.);
#12362=EDGE_CURVE('',#5739,#5741,#4031,.T.);
#12364=EDGE_CURVE('',#5737,#5739,#4035,.T.);
#12366=EDGE_CURVE('',#5735,#5737,#4039,.T.);
#12368=EDGE_CURVE('',#5733,#5735,#4043,.T.);
#12370=EDGE_CURVE('',#5731,#5733,#4047,.T.);
#12374=EDGE_CURVE('',#5723,#5724,#3995,.T.);
#12376=EDGE_CURVE('',#5727,#5723,#4000,.T.);
#12378=EDGE_CURVE('',#5726,#5727,#4005,.T.);
#12380=EDGE_CURVE('',#5725,#5726,#4010,.T.);
#12382=EDGE_CURVE('',#5724,#5725,#4015,.T.);
#12386=ADVANCED_FACE('',(#12373,#12385),#12355,.T.);
#12399=EDGE_CURVE('',#5744,#5745,#4055,.T.);
#12401=EDGE_CURVE('',#5759,#5744,#4062,.T.);
#12403=EDGE_CURVE('',#5758,#5759,#4067,.T.);
#12405=EDGE_CURVE('',#5757,#5758,#4072,.T.);
#12407=EDGE_CURVE('',#5756,#5757,#4077,.T.);
#12409=EDGE_CURVE('',#5755,#5756,#4084,.T.);
#12411=EDGE_CURVE('',#5754,#5755,#4089,.T.);
#12413=EDGE_CURVE('',#5753,#5754,#4096,.T.);
#12415=EDGE_CURVE('',#5752,#5753,#4102,.T.);
#12417=EDGE_CURVE('',#5751,#5752,#4109,.T.);
#12419=EDGE_CURVE('',#5750,#5751,#4115,.T.);
#12421=EDGE_CURVE('',#5749,#5750,#4120,.T.);
#12423=EDGE_CURVE('',#5748,#5749,#4125,.T.);
#12425=EDGE_CURVE('',#5747,#5748,#4130,.T.);
#12427=EDGE_CURVE('',#5746,#5747,#4137,.T.);
#12429=EDGE_CURVE('',#5745,#5746,#4146,.T.);
#12437=ADVANCED_FACE('',(#12432,#12436),#12398,.T.);
#12451=EDGE_CURVE('',#5766,#5573,#4150,.T.);
#12454=EDGE_CURVE('',#5767,#5574,#4170,.T.);
#12458=ADVANCED_FACE('',(#12457),#12449,.T.);
#12465=EDGE_CURVE('',#5775,#5582,#4154,.T.);
#12471=ADVANCED_FACE('',(#12470),#12463,.T.);
#12478=EDGE_CURVE('',#5773,#5580,#4158,.T.);
#12484=ADVANCED_FACE('',(#12483),#12476,.T.);
#12491=EDGE_CURVE('',#5771,#5578,#4162,.T.);
#12497=ADVANCED_FACE('',(#12496),#12489,.T.);
#12504=EDGE_CURVE('',#5769,#5576,#4166,.T.);
#12510=ADVANCED_FACE('',(#12509),#12502,.T.);
#12522=ADVANCED_FACE('',(#12521),#12515,.T.);
#12529=B_SPLINE_CURVE_WITH_KNOTS('',3,(#12523,#12524,#12525,#12526,#12527,
#12528),.UNSPECIFIED.,.F.,.F.,(4,1,1,4),(0.E0,2.987554677131E-1,
7.012445322869E-1,1.E0),.UNSPECIFIED.);
#12534=EDGE_CURVE('',#5776,#5583,#4174,.T.);
#12537=EDGE_CURVE('',#5777,#5584,#4186,.T.);
#12541=ADVANCED_FACE('',(#12540),#12532,.F.);
#12553=B_SPLINE_CURVE_WITH_KNOTS('',3,(#12542,#12543,#12544,#12545,#12546,
#12547,#12548,#12549,#12550,#12551,#12552),.UNSPECIFIED.,.F.,.F.,(4,1,1,1,1,1,1,
1,4),(0.E0,2.145614877762E-2,1.511937575072E-1,3.207244991889E-1,
4.966167429638E-1,6.867102434650E-1,8.681912892285E-1,9.784656558349E-1,1.E0),
.UNSPECIFIED.);
#12558=EDGE_CURVE('',#5779,#5586,#4178,.T.);
#12564=ADVANCED_FACE('',(#12563),#12556,.F.);
#12571=B_SPLINE_CURVE_WITH_KNOTS('',3,(#12565,#12566,#12567,#12568,#12569,
#12570),.UNSPECIFIED.,.F.,.F.,(4,1,1,4),(0.E0,2.882098922659E-1,
7.117901077341E-1,1.E0),.UNSPECIFIED.);
#12576=EDGE_CURVE('',#5778,#5585,#4182,.T.);
#12582=ADVANCED_FACE('',(#12581),#12574,.F.);
#12594=B_SPLINE_CURVE_WITH_KNOTS('',3,(#12583,#12584,#12585,#12586,#12587,
#12588,#12589,#12590,#12591,#12592,#12593),.UNSPECIFIED.,.F.,.F.,(4,1,1,1,1,1,1,
1,4),(0.E0,2.617216640619E-2,1.615258809191E-1,3.253843144606E-1,
5.027377110752E-1,6.707611632927E-1,8.253957200124E-1,9.739451367348E-1,1.E0),
.UNSPECIFIED.);
#12604=ADVANCED_FACE('',(#12603),#12597,.F.);
#12611=EDGE_CURVE('',#5782,#5589,#4190,.T.);
#12614=EDGE_CURVE('',#5783,#5590,#4198,.T.);
#12618=ADVANCED_FACE('',(#12617),#12609,.T.);
#12630=ADVANCED_FACE('',(#12629),#12623,.T.);
#12639=EDGE_CURVE('',#5785,#5592,#4202,.T.);
#12643=ADVANCED_FACE('',(#12642),#12635,.T.);
#12652=EDGE_CURVE('',#5787,#5594,#4206,.T.);
#12656=ADVANCED_FACE('',(#12655),#12648,.T.);
#12665=EDGE_CURVE('',#5789,#5596,#4210,.T.);
#12669=ADVANCED_FACE('',(#12668),#12661,.T.);
#12678=EDGE_CURVE('',#5791,#5598,#4214,.T.);
#12682=ADVANCED_FACE('',(#12681),#12674,.T.);
#12691=EDGE_CURVE('',#5793,#5600,#4218,.T.);
#12695=ADVANCED_FACE('',(#12694),#12687,.T.);
#12704=EDGE_CURVE('',#5795,#5602,#4222,.T.);
#12708=ADVANCED_FACE('',(#12707),#12700,.T.);
#12717=EDGE_CURVE('',#5797,#5604,#4226,.T.);
#12721=ADVANCED_FACE('',(#12720),#12713,.T.);
#12730=EDGE_CURVE('',#5799,#5606,#4230,.T.);
#12734=ADVANCED_FACE('',(#12733),#12726,.T.);
#12746=ADVANCED_FACE('',(#12745),#12739,.T.);
#12753=B_SPLINE_CURVE_WITH_KNOTS('',3,(#12747,#12748,#12749,#12750,#12751,
#12752),.UNSPECIFIED.,.F.,.F.,(4,1,1,4),(0.E0,2.743443057740E-1,
7.256556942260E-1,1.E0),.UNSPECIFIED.);
#12758=EDGE_CURVE('',#5804,#5611,#4234,.T.);
#12761=EDGE_CURVE('',#5805,#5612,#4246,.T.);
#12765=ADVANCED_FACE('',(#12764),#12756,.F.);
#12772=B_SPLINE_CURVE_WITH_KNOTS('',3,(#12766,#12767,#12768,#12769,#12770,
#12771),.UNSPECIFIED.,.F.,.F.,(4,1,1,4),(0.E0,9.619947043222E-2,
9.038005295678E-1,1.E0),.UNSPECIFIED.);
#12777=EDGE_CURVE('',#5807,#5614,#4238,.T.);
#12783=ADVANCED_FACE('',(#12782),#12775,.F.);
#12790=B_SPLINE_CURVE_WITH_KNOTS('',3,(#12784,#12785,#12786,#12787,#12788,
#12789),.UNSPECIFIED.,.F.,.F.,(4,1,1,4),(0.E0,2.792489578891E-1,
7.207510421109E-1,1.E0),.UNSPECIFIED.);
#12795=EDGE_CURVE('',#5806,#5613,#4242,.T.);
#12801=ADVANCED_FACE('',(#12800),#12793,.F.);
#12811=B_SPLINE_CURVE_WITH_KNOTS('',3,(#12802,#12803,#12804,#12805,#12806,
#12807,#12808,#12809,#12810),.UNSPECIFIED.,.F.,.F.,(4,1,1,1,1,1,4),(0.E0,
3.615296447707E-2,2.739444038976E-1,5.078480573145E-1,7.360058500449E-1,
9.651095895148E-1,1.E0),.UNSPECIFIED.);
#12821=ADVANCED_FACE('',(#12820),#12814,.F.);
#12828=B_SPLINE_CURVE_WITH_KNOTS('',3,(#12822,#12823,#12824,#12825,#12826,
#12827),.UNSPECIFIED.,.F.,.F.,(4,1,1,4),(0.E0,2.001979044235E-1,
7.998020955765E-1,1.E0),.UNSPECIFIED.);
#12833=EDGE_CURVE('',#5808,#5615,#4250,.T.);
#12836=EDGE_CURVE('',#5809,#5616,#4262,.T.);
#12840=ADVANCED_FACE('',(#12839),#12831,.F.);
#12847=B_SPLINE_CURVE_WITH_KNOTS('',3,(#12841,#12842,#12843,#12844,#12845,
#12846),.UNSPECIFIED.,.F.,.F.,(4,1,1,4),(0.E0,7.758497817432E-2,
9.224150218257E-1,1.E0),.UNSPECIFIED.);
#12852=EDGE_CURVE('',#5811,#5618,#4254,.T.);
#12858=ADVANCED_FACE('',(#12857),#12850,.F.);
#12865=B_SPLINE_CURVE_WITH_KNOTS('',3,(#12859,#12860,#12861,#12862,#12863,
#12864),.UNSPECIFIED.,.F.,.F.,(4,1,1,4),(0.E0,1.958327687752E-1,
8.041672312248E-1,1.E0),.UNSPECIFIED.);
#12870=EDGE_CURVE('',#5810,#5617,#4258,.T.);
#12876=ADVANCED_FACE('',(#12875),#12868,.F.);
#12886=B_SPLINE_CURVE_WITH_KNOTS('',3,(#12877,#12878,#12879,#12880,#12881,
#12882,#12883,#12884,#12885),.UNSPECIFIED.,.F.,.F.,(4,1,1,1,1,1,4),(0.E0,
2.806347954437E-2,2.643726200162E-1,4.918005694782E-1,7.289789111460E-1,
9.724867895153E-1,1.E0),.UNSPECIFIED.);
#12896=ADVANCED_FACE('',(#12895),#12889,.F.);
#12903=B_SPLINE_CURVE_WITH_KNOTS('',3,(#12897,#12898,#12899,#12900,#12901,
#12902),.UNSPECIFIED.,.F.,.F.,(4,1,1,4),(0.E0,1.923076923077E-2,
9.807692307692E-1,1.E0),.UNSPECIFIED.);
#12908=EDGE_CURVE('',#5813,#5619,#4266,.T.);
#12911=EDGE_CURVE('',#5812,#5620,#4282,.T.);
#12915=ADVANCED_FACE('',(#12914),#12906,.F.);
#12922=B_SPLINE_CURVE_WITH_KNOTS('',3,(#12916,#12917,#12918,#12919,#12920,
#12921),.UNSPECIFIED.,.F.,.F.,(4,1,1,4),(0.E0,1.923076923077E-2,
9.807692307692E-1,1.E0),.UNSPECIFIED.);
#12927=EDGE_CURVE('',#5816,#5623,#4270,.T.);
#12933=ADVANCED_FACE('',(#12932),#12925,.F.);
#12940=B_SPLINE_CURVE_WITH_KNOTS('',3,(#12934,#12935,#12936,#12937,#12938,
#12939),.UNSPECIFIED.,.F.,.F.,(4,1,1,4),(0.E0,1.468428706145E-1,
8.531571293855E-1,1.E0),.UNSPECIFIED.);
#12945=EDGE_CURVE('',#5815,#5622,#4274,.T.);
#12951=ADVANCED_FACE('',(#12950),#12943,.F.);
#12958=B_SPLINE_CURVE_WITH_KNOTS('',3,(#12952,#12953,#12954,#12955,#12956,
#12957),.UNSPECIFIED.,.F.,.F.,(4,1,1,4),(0.E0,1.768425005514E-1,
8.231574994486E-1,1.E0),.UNSPECIFIED.);
#12963=EDGE_CURVE('',#5814,#5621,#4278,.T.);
#12969=ADVANCED_FACE('',(#12968),#12961,.F.);
#12976=B_SPLINE_CURVE_WITH_KNOTS('',3,(#12970,#12971,#12972,#12973,#12974,
#12975),.UNSPECIFIED.,.F.,.F.,(4,1,1,4),(0.E0,1.467205058035E-1,
8.532794941965E-1,1.E0),.UNSPECIFIED.);
#12986=ADVANCED_FACE('',(#12985),#12979,.F.);
#12993=EDGE_CURVE('',#5819,#5626,#4286,.T.);
#12996=EDGE_CURVE('',#5820,#5627,#4314,.T.);
#13000=ADVANCED_FACE('',(#12999),#12991,.T.);
#13007=EDGE_CURVE('',#5832,#5639,#4290,.T.);
#13013=ADVANCED_FACE('',(#13012),#13005,.T.);
#13020=EDGE_CURVE('',#5830,#5637,#4294,.T.);
#13026=ADVANCED_FACE('',(#13025),#13018,.T.);
#13033=EDGE_CURVE('',#5828,#5635,#4298,.T.);
#13039=ADVANCED_FACE('',(#13038),#13031,.T.);
#13046=EDGE_CURVE('',#5826,#5633,#4302,.T.);
#13052=ADVANCED_FACE('',(#13051),#13044,.T.);
#13059=EDGE_CURVE('',#5824,#5631,#4306,.T.);
#13065=ADVANCED_FACE('',(#13064),#13057,.T.);
#13072=EDGE_CURVE('',#5822,#5629,#4310,.T.);
#13078=ADVANCED_FACE('',(#13077),#13070,.T.);
#13090=ADVANCED_FACE('',(#13089),#13083,.T.);
#13097=EDGE_CURVE('',#5835,#5642,#4318,.T.);
#13100=EDGE_CURVE('',#5836,#5643,#4362,.T.);
#13104=ADVANCED_FACE('',(#13103),#13095,.T.);
#13111=EDGE_CURVE('',#5856,#5663,#4322,.T.);
#13117=ADVANCED_FACE('',(#13116),#13109,.T.);
#13124=EDGE_CURVE('',#5854,#5661,#4326,.T.);
#13130=ADVANCED_FACE('',(#13129),#13122,.T.);
#13137=EDGE_CURVE('',#5852,#5659,#4330,.T.);
#13143=ADVANCED_FACE('',(#13142),#13135,.T.);
#13150=EDGE_CURVE('',#5850,#5657,#4334,.T.);
#13156=ADVANCED_FACE('',(#13155),#13148,.T.);
#13163=EDGE_CURVE('',#5848,#5655,#4338,.T.);
#13169=ADVANCED_FACE('',(#13168),#13161,.T.);
#13176=EDGE_CURVE('',#5846,#5653,#4342,.T.);
#13182=ADVANCED_FACE('',(#13181),#13174,.T.);
#13189=EDGE_CURVE('',#5844,#5651,#4346,.T.);
#13195=ADVANCED_FACE('',(#13194),#13187,.T.);
#13202=EDGE_CURVE('',#5842,#5649,#4350,.T.);
#13208=ADVANCED_FACE('',(#13207),#13200,.T.);
#13215=EDGE_CURVE('',#5840,#5647,#4354,.T.);
#13221=ADVANCED_FACE('',(#13220),#13213,.T.);
#13228=EDGE_CURVE('',#5838,#5645,#4358,.T.);
#13234=ADVANCED_FACE('',(#13233),#13226,.T.);
#13246=ADVANCED_FACE('',(#13245),#13239,.T.);
#13253=B_SPLINE_CURVE_WITH_KNOTS('',3,(#13247,#13248,#13249,#13250,#13251,
#13252),.UNSPECIFIED.,.F.,.F.,(4,1,1,4),(0.E0,2.606323892039E-1,
7.393676107961E-1,1.E0),.UNSPECIFIED.);
#13258=EDGE_CURVE('',#5857,#5664,#4366,.T.);
#13261=EDGE_CURVE('',#5858,#5665,#4374,.T.);
#13265=ADVANCED_FACE('',(#13264),#13256,.F.);
#13277=B_SPLINE_CURVE_WITH_KNOTS('',3,(#13266,#13267,#13268,#13269,#13270,
#13271,#13272,#13273,#13274,#13275,#13276),.UNSPECIFIED.,.F.,.F.,(4,1,1,1,1,1,1,
1,4),(0.E0,6.107175748331E-2,2.189928251199E-1,3.370997276346E-1,
4.484633358284E-1,5.720631637571E-1,7.533342925523E-1,9.435797225718E-1,1.E0),
.UNSPECIFIED.);
#13282=EDGE_CURVE('',#5859,#5666,#4370,.T.);
#13288=ADVANCED_FACE('',(#13287),#13280,.F.);
#13295=B_SPLINE_CURVE_WITH_KNOTS('',3,(#13289,#13290,#13291,#13292,#13293,
#13294),.UNSPECIFIED.,.F.,.F.,(4,1,1,4),(0.E0,1.923076923077E-2,
9.807692307692E-1,1.E0),.UNSPECIFIED.);
#13305=ADVANCED_FACE('',(#13304),#13298,.F.);
#13312=B_SPLINE_CURVE_WITH_KNOTS('',3,(#13306,#13307,#13308,#13309,#13310,
#13311),.UNSPECIFIED.,.F.,.F.,(4,1,1,4),(0.E0,1.923076923077E-2,
9.807692307692E-1,1.E0),.UNSPECIFIED.);
#13317=EDGE_CURVE('',#5860,#5667,#4378,.T.);
#13320=EDGE_CURVE('',#5861,#5668,#4406,.T.);
#13324=ADVANCED_FACE('',(#13323),#13315,.F.);
#13334=B_SPLINE_CURVE_WITH_KNOTS('',3,(#13325,#13326,#13327,#13328,#13329,
#13330,#13331,#13332,#13333),.UNSPECIFIED.,.F.,.F.,(4,1,1,1,1,1,4),(0.E0,
4.731306481325E-2,2.979000214655E-1,4.686390693785E-1,6.289248509587E-1,
9.542768307534E-1,1.E0),.UNSPECIFIED.);
#13339=EDGE_CURVE('',#5867,#5674,#4382,.T.);
#13345=ADVANCED_FACE('',(#13344),#13337,.F.);
#13352=B_SPLINE_CURVE_WITH_KNOTS('',3,(#13346,#13347,#13348,#13349,#13350,
#13351),.UNSPECIFIED.,.F.,.F.,(4,1,1,4),(0.E0,2.310934114467E-1,
7.689065885533E-1,1.E0),.UNSPECIFIED.);
#13357=EDGE_CURVE('',#5866,#5673,#4386,.T.);
#13363=ADVANCED_FACE('',(#13362),#13355,.F.);
#13371=B_SPLINE_CURVE_WITH_KNOTS('',3,(#13364,#13365,#13366,#13367,#13368,
#13369,#13370),.UNSPECIFIED.,.F.,.F.,(4,1,1,1,4),(0.E0,8.553550888443E-2,
4.825190477019E-1,9.191009955117E-1,1.E0),.UNSPECIFIED.);
#13376=EDGE_CURVE('',#5865,#5672,#4390,.T.);
#13382=ADVANCED_FACE('',(#13381),#13374,.F.);
#13389=B_SPLINE_CURVE_WITH_KNOTS('',3,(#13383,#13384,#13385,#13386,#13387,
#13388),.UNSPECIFIED.,.F.,.F.,(4,1,1,4),(0.E0,1.923076923078E-2,
9.807692307692E-1,1.E0),.UNSPECIFIED.);
#13394=EDGE_CURVE('',#5864,#5671,#4394,.T.);
#13400=ADVANCED_FACE('',(#13399),#13392,.F.);
#13408=B_SPLINE_CURVE_WITH_KNOTS('',3,(#13401,#13402,#13403,#13404,#13405,
#13406,#13407),.UNSPECIFIED.,.F.,.F.,(4,1,1,1,4),(0.E0,6.768180610473E-2,
4.183197073470E-1,9.334968858761E-1,1.E0),.UNSPECIFIED.);
#13413=EDGE_CURVE('',#5863,#5670,#4398,.T.);
#13419=ADVANCED_FACE('',(#13418),#13411,.F.);
#13426=B_SPLINE_CURVE_WITH_KNOTS('',3,(#13420,#13421,#13422,#13423,#13424,
#13425),.UNSPECIFIED.,.F.,.F.,(4,1,1,4),(0.E0,1.427602321249E-1,
8.572397678751E-1,1.E0),.UNSPECIFIED.);
#13431=EDGE_CURVE('',#5862,#5669,#4402,.T.);
#13437=ADVANCED_FACE('',(#13436),#13429,.F.);
#13444=B_SPLINE_CURVE_WITH_KNOTS('',3,(#13438,#13439,#13440,#13441,#13442,
#13443),.UNSPECIFIED.,.F.,.F.,(4,1,1,4),(0.E0,2.972722179137E-1,
7.027277820863E-1,1.E0),.UNSPECIFIED.);
#13454=ADVANCED_FACE('',(#13453),#13447,.F.);
#13461=B_SPLINE_CURVE_WITH_KNOTS('',3,(#13455,#13456,#13457,#13458,#13459,
#13460),.UNSPECIFIED.,.F.,.F.,(4,1,1,4),(0.E0,2.933879476826E-1,
7.066120523174E-1,1.E0),.UNSPECIFIED.);
#13466=EDGE_CURVE('',#5868,#5675,#4410,.T.);
#13469=EDGE_CURVE('',#5869,#5676,#4422,.T.);
#13473=ADVANCED_FACE('',(#13472),#13464,.F.);
#13488=B_SPLINE_CURVE_WITH_KNOTS('',3,(#13474,#13475,#13476,#13477,#13478,
#13479,#13480,#13481,#13482,#13483,#13484,#13485,#13486,#13487),.UNSPECIFIED.,
.F.,.F.,(4,1,1,1,1,1,1,1,1,1,1,4),(0.E0,3.024195723548E-2,1.696306021592E-1,
2.828816613142E-1,3.311471626067E-1,4.247277703127E-1,5.407399526412E-1,
6.167198148430E-1,7.271875979669E-1,8.592276715387E-1,9.696720836913E-1,1.E0),
.UNSPECIFIED.);
#13493=EDGE_CURVE('',#5871,#5678,#4414,.T.);
#13499=ADVANCED_FACE('',(#13498),#13491,.F.);
#13506=B_SPLINE_CURVE_WITH_KNOTS('',3,(#13500,#13501,#13502,#13503,#13504,
#13505),.UNSPECIFIED.,.F.,.F.,(4,1,1,4),(0.E0,1.923076923077E-2,
9.807692307692E-1,1.E0),.UNSPECIFIED.);
#13511=EDGE_CURVE('',#5870,#5677,#4418,.T.);
#13517=ADVANCED_FACE('',(#13516),#13509,.F.);
#13533=B_SPLINE_CURVE_WITH_KNOTS('',3,(#13518,#13519,#13520,#13521,#13522,
#13523,#13524,#13525,#13526,#13527,#13528,#13529,#13530,#13531,#13532),
.UNSPECIFIED.,.F.,.F.,(4,1,1,1,1,1,1,1,1,1,1,1,4),(0.E0,2.974213084142E-2,
1.498066937519E-1,2.148285763347E-1,2.652724606257E-1,3.110026538398E-1,
3.977085327044E-1,5.161720004550E-1,5.959104661096E-1,7.067087472856E-1,
8.439416476468E-1,9.700832144804E-1,1.E0),.UNSPECIFIED.);
#13543=ADVANCED_FACE('',(#13542),#13536,.F.);
#13550=B_SPLINE_CURVE_WITH_KNOTS('',3,(#13544,#13545,#13546,#13547,#13548,
#13549),.UNSPECIFIED.,.F.,.F.,(4,1,1,4),(0.E0,1.923076923077E-2,
9.807692307692E-1,1.E0),.UNSPECIFIED.);
#13555=EDGE_CURVE('',#5872,#5679,#4426,.T.);
#13558=EDGE_CURVE('',#5873,#5680,#4470,.T.);
#13562=ADVANCED_FACE('',(#13561),#13553,.F.);
#13569=B_SPLINE_CURVE_WITH_KNOTS('',3,(#13563,#13564,#13565,#13566,#13567,
#13568),.UNSPECIFIED.,.F.,.F.,(4,1,1,4),(0.E0,1.923076923077E-2,
9.807692307692E-1,1.E0),.UNSPECIFIED.);
#13574=EDGE_CURVE('',#5883,#5690,#4430,.T.);
#13580=ADVANCED_FACE('',(#13579),#13572,.F.);
#13587=B_SPLINE_CURVE_WITH_KNOTS('',3,(#13581,#13582,#13583,#13584,#13585,
#13586),.UNSPECIFIED.,.F.,.F.,(4,1,1,4),(0.E0,1.215109864257E-1,
8.784890135743E-1,1.E0),.UNSPECIFIED.);
#13592=EDGE_CURVE('',#5882,#5689,#4434,.T.);
#13598=ADVANCED_FACE('',(#13597),#13590,.F.);
#13605=B_SPLINE_CURVE_WITH_KNOTS('',3,(#13599,#13600,#13601,#13602,#13603,
#13604),.UNSPECIFIED.,.F.,.F.,(4,1,1,4),(0.E0,2.929095394591E-1,
7.070904605409E-1,1.E0),.UNSPECIFIED.);
#13610=EDGE_CURVE('',#5881,#5688,#4438,.T.);
#13616=ADVANCED_FACE('',(#13615),#13608,.F.);
#13623=B_SPLINE_CURVE_WITH_KNOTS('',3,(#13617,#13618,#13619,#13620,#13621,
#13622),.UNSPECIFIED.,.F.,.F.,(4,1,1,4),(0.E0,8.604039959188E-2,
9.139596004081E-1,1.E0),.UNSPECIFIED.);
#13628=EDGE_CURVE('',#5880,#5687,#4442,.T.);
#13634=ADVANCED_FACE('',(#13633),#13626,.F.);
#13642=B_SPLINE_CURVE_WITH_KNOTS('',3,(#13635,#13636,#13637,#13638,#13639,
#13640,#13641),.UNSPECIFIED.,.F.,.F.,(4,1,1,1,4),(0.E0,9.534790911256E-2,
7.530957800682E-1,9.095468381455E-1,1.E0),.UNSPECIFIED.);
#13647=EDGE_CURVE('',#5879,#5686,#4446,.T.);
#13653=ADVANCED_FACE('',(#13652),#13645,.F.);
#13660=B_SPLINE_CURVE_WITH_KNOTS('',3,(#13654,#13655,#13656,#13657,#13658,
#13659),.UNSPECIFIED.,.F.,.F.,(4,1,1,4),(0.E0,1.923076923077E-2,
9.807692307692E-1,1.E0),.UNSPECIFIED.);
#13665=EDGE_CURVE('',#5878,#5685,#4450,.T.);
#13671=ADVANCED_FACE('',(#13670),#13663,.F.);
#13679=B_SPLINE_CURVE_WITH_KNOTS('',3,(#13672,#13673,#13674,#13675,#13676,
#13677,#13678),.UNSPECIFIED.,.F.,.F.,(4,1,1,1,4),(0.E0,1.487682962115E-1,
3.684006800640E-1,8.626425742111E-1,1.E0),.UNSPECIFIED.);
#13684=EDGE_CURVE('',#5877,#5684,#4454,.T.);
#13690=ADVANCED_FACE('',(#13689),#13682,.F.);
#13697=B_SPLINE_CURVE_WITH_KNOTS('',3,(#13691,#13692,#13693,#13694,#13695,
#13696),.UNSPECIFIED.,.F.,.F.,(4,1,1,4),(0.E0,2.828493376854E-1,
7.171506623146E-1,1.E0),.UNSPECIFIED.);
#13702=EDGE_CURVE('',#5876,#5683,#4458,.T.);
#13708=ADVANCED_FACE('',(#13707),#13700,.F.);
#13715=B_SPLINE_CURVE_WITH_KNOTS('',3,(#13709,#13710,#13711,#13712,#13713,
#13714),.UNSPECIFIED.,.F.,.F.,(4,1,1,4),(0.E0,9.672550147549E-2,
9.032744985245E-1,1.E0),.UNSPECIFIED.);
#13720=EDGE_CURVE('',#5875,#5682,#4462,.T.);
#13726=ADVANCED_FACE('',(#13725),#13718,.F.);
#13733=B_SPLINE_CURVE_WITH_KNOTS('',3,(#13727,#13728,#13729,#13730,#13731,
#13732),.UNSPECIFIED.,.F.,.F.,(4,1,1,4),(0.E0,2.836586725052E-1,
7.163413274948E-1,1.E0),.UNSPECIFIED.);
#13738=EDGE_CURVE('',#5874,#5681,#4466,.T.);
#13744=ADVANCED_FACE('',(#13743),#13736,.F.);
#13751=B_SPLINE_CURVE_WITH_KNOTS('',3,(#13745,#13746,#13747,#13748,#13749,
#13750),.UNSPECIFIED.,.F.,.F.,(4,1,1,4),(0.E0,1.221228335122E-1,
8.778771664878E-1,1.E0),.UNSPECIFIED.);
#13761=ADVANCED_FACE('',(#13760),#13754,.F.);
#13768=EDGE_CURVE('',#5886,#5693,#4474,.T.);
#13771=EDGE_CURVE('',#5887,#5694,#4518,.T.);
#13775=ADVANCED_FACE('',(#13774),#13766,.T.);
#13782=EDGE_CURVE('',#5907,#5714,#4478,.T.);
#13788=ADVANCED_FACE('',(#13787),#13780,.T.);
#13795=EDGE_CURVE('',#5905,#5712,#4482,.T.);
#13801=ADVANCED_FACE('',(#13800),#13793,.T.);
#13808=EDGE_CURVE('',#5903,#5710,#4486,.T.);
#13814=ADVANCED_FACE('',(#13813),#13806,.T.);
#13821=EDGE_CURVE('',#5901,#5708,#4490,.T.);
#13827=ADVANCED_FACE('',(#13826),#13819,.T.);
#13834=EDGE_CURVE('',#5899,#5706,#4494,.T.);
#13840=ADVANCED_FACE('',(#13839),#13832,.T.);
#13847=EDGE_CURVE('',#5897,#5704,#4498,.T.);
#13853=ADVANCED_FACE('',(#13852),#13845,.T.);
#13860=EDGE_CURVE('',#5895,#5702,#4502,.T.);
#13866=ADVANCED_FACE('',(#13865),#13858,.T.);
#13873=EDGE_CURVE('',#5893,#5700,#4506,.T.);
#13879=ADVANCED_FACE('',(#13878),#13871,.T.);
#13886=EDGE_CURVE('',#5891,#5698,#4510,.T.);
#13892=ADVANCED_FACE('',(#13891),#13884,.T.);
#13899=EDGE_CURVE('',#5889,#5696,#4514,.T.);
#13905=ADVANCED_FACE('',(#13904),#13897,.T.);
#13917=ADVANCED_FACE('',(#13916),#13910,.T.);
#13924=B_SPLINE_CURVE_WITH_KNOTS('',3,(#13918,#13919,#13920,#13921,#13922,
#13923),.UNSPECIFIED.,.F.,.F.,(4,1,1,4),(0.E0,2.743443057684E-1,
7.256556942316E-1,1.E0),.UNSPECIFIED.);
#13929=EDGE_CURVE('',#5908,#5715,#4522,.T.);
#13932=EDGE_CURVE('',#5909,#5716,#4534,.T.);
#13936=ADVANCED_FACE('',(#13935),#13927,.F.);
#13943=B_SPLINE_CURVE_WITH_KNOTS('',3,(#13937,#13938,#13939,#13940,#13941,
#13942),.UNSPECIFIED.,.F.,.F.,(4,1,1,4),(0.E0,9.619947043222E-2,
9.038005295678E-1,1.E0),.UNSPECIFIED.);
#13948=EDGE_CURVE('',#5911,#5718,#4526,.T.);
#13954=ADVANCED_FACE('',(#13953),#13946,.F.);
#13961=B_SPLINE_CURVE_WITH_KNOTS('',3,(#13955,#13956,#13957,#13958,#13959,
#13960),.UNSPECIFIED.,.F.,.F.,(4,1,1,4),(0.E0,2.792489578891E-1,
7.207510421109E-1,1.E0),.UNSPECIFIED.);
#13966=EDGE_CURVE('',#5910,#5717,#4530,.T.);
#13972=ADVANCED_FACE('',(#13971),#13964,.F.);
#13982=B_SPLINE_CURVE_WITH_KNOTS('',3,(#13973,#13974,#13975,#13976,#13977,
#13978,#13979,#13980,#13981),.UNSPECIFIED.,.F.,.F.,(4,1,1,1,1,1,4),(0.E0,
3.615296447746E-2,2.739444039E-1,5.078480573219E-1,7.360058500476E-1,
9.651095895145E-1,1.E0),.UNSPECIFIED.);
#13992=ADVANCED_FACE('',(#13991),#13985,.F.);
#13999=B_SPLINE_CURVE_WITH_KNOTS('',3,(#13993,#13994,#13995,#13996,#13997,
#13998),.UNSPECIFIED.,.F.,.F.,(4,1,1,4),(0.E0,2.001979044235E-1,
7.998020955765E-1,1.E0),.UNSPECIFIED.);
#14004=EDGE_CURVE('',#5912,#5719,#4538,.T.);
#14007=EDGE_CURVE('',#5913,#5720,#4550,.T.);
#14011=ADVANCED_FACE('',(#14010),#14002,.F.);
#14018=B_SPLINE_CURVE_WITH_KNOTS('',3,(#14012,#14013,#14014,#14015,#14016,
#14017),.UNSPECIFIED.,.F.,.F.,(4,1,1,4),(0.E0,7.758497817432E-2,
9.224150218257E-1,1.E0),.UNSPECIFIED.);
#14023=EDGE_CURVE('',#5915,#5722,#4542,.T.);
#14029=ADVANCED_FACE('',(#14028),#14021,.F.);
#14036=B_SPLINE_CURVE_WITH_KNOTS('',3,(#14030,#14031,#14032,#14033,#14034,
#14035),.UNSPECIFIED.,.F.,.F.,(4,1,1,4),(0.E0,1.958327687781E-1,
8.041672312219E-1,1.E0),.UNSPECIFIED.);
#14041=EDGE_CURVE('',#5914,#5721,#4546,.T.);
#14047=ADVANCED_FACE('',(#14046),#14039,.F.);
#14057=B_SPLINE_CURVE_WITH_KNOTS('',3,(#14048,#14049,#14050,#14051,#14052,
#14053,#14054,#14055,#14056),.UNSPECIFIED.,.F.,.F.,(4,1,1,1,1,1,4),(0.E0,
2.806347954439E-2,2.643726200151E-1,4.918005694824E-1,7.289789111481E-1,
9.724867895152E-1,1.E0),.UNSPECIFIED.);
#14067=ADVANCED_FACE('',(#14066),#14060,.F.);
#14074=B_SPLINE_CURVE_WITH_KNOTS('',3,(#14068,#14069,#14070,#14071,#14072,
#14073),.UNSPECIFIED.,.F.,.F.,(4,1,1,4),(0.E0,1.923076923077E-2,
9.807692307692E-1,1.E0),.UNSPECIFIED.);
#14079=EDGE_CURVE('',#5917,#5723,#4554,.T.);
#14082=EDGE_CURVE('',#5916,#5724,#4570,.T.);
#14086=ADVANCED_FACE('',(#14085),#14077,.F.);
#14093=B_SPLINE_CURVE_WITH_KNOTS('',3,(#14087,#14088,#14089,#14090,#14091,
#14092),.UNSPECIFIED.,.F.,.F.,(4,1,1,4),(0.E0,1.923076923077E-2,
9.807692307692E-1,1.E0),.UNSPECIFIED.);
#14098=EDGE_CURVE('',#5920,#5727,#4558,.T.);
#14104=ADVANCED_FACE('',(#14103),#14096,.F.);
#14111=B_SPLINE_CURVE_WITH_KNOTS('',3,(#14105,#14106,#14107,#14108,#14109,
#14110),.UNSPECIFIED.,.F.,.F.,(4,1,1,4),(0.E0,1.468428706156E-1,
8.531571293844E-1,1.E0),.UNSPECIFIED.);
#14116=EDGE_CURVE('',#5919,#5726,#4562,.T.);
#14122=ADVANCED_FACE('',(#14121),#14114,.F.);
#14129=B_SPLINE_CURVE_WITH_KNOTS('',3,(#14123,#14124,#14125,#14126,#14127,
#14128),.UNSPECIFIED.,.F.,.F.,(4,1,1,4),(0.E0,1.768425005514E-1,
8.231574994486E-1,1.E0),.UNSPECIFIED.);
#14134=EDGE_CURVE('',#5918,#5725,#4566,.T.);
#14140=ADVANCED_FACE('',(#14139),#14132,.F.);
#14147=B_SPLINE_CURVE_WITH_KNOTS('',3,(#14141,#14142,#14143,#14144,#14145,
#14146),.UNSPECIFIED.,.F.,.F.,(4,1,1,4),(0.E0,1.467205058024E-1,
8.532794941976E-1,1.E0),.UNSPECIFIED.);
#14157=ADVANCED_FACE('',(#14156),#14150,.F.);
#14164=EDGE_CURVE('',#5923,#5730,#4574,.T.);
#14167=EDGE_CURVE('',#5924,#5731,#4602,.T.);
#14171=ADVANCED_FACE('',(#14170),#14162,.T.);
#14178=EDGE_CURVE('',#5936,#5743,#4578,.T.);
#14184=ADVANCED_FACE('',(#14183),#14176,.T.);
#14191=EDGE_CURVE('',#5934,#5741,#4582,.T.);
#14197=ADVANCED_FACE('',(#14196),#14189,.T.);
#14204=EDGE_CURVE('',#5932,#5739,#4586,.T.);
#14210=ADVANCED_FACE('',(#14209),#14202,.T.);
#14217=EDGE_CURVE('',#5930,#5737,#4590,.T.);
#14223=ADVANCED_FACE('',(#14222),#14215,.T.);
#14230=EDGE_CURVE('',#5928,#5735,#4594,.T.);
#14236=ADVANCED_FACE('',(#14235),#14228,.T.);
#14243=EDGE_CURVE('',#5926,#5733,#4598,.T.);
#14249=ADVANCED_FACE('',(#14248),#14241,.T.);
#14261=ADVANCED_FACE('',(#14260),#14254,.T.);
#14271=B_SPLINE_CURVE_WITH_KNOTS('',3,(#14262,#14263,#14264,#14265,#14266,
#14267,#14268,#14269,#14270),.UNSPECIFIED.,.F.,.F.,(4,1,1,1,1,1,4),(0.E0,
1.481627196313E-2,2.309186776740E-1,5.597330884318E-1,8.446827359209E-1,
9.852067710625E-1,1.E0),.UNSPECIFIED.);
#14276=EDGE_CURVE('',#5937,#5744,#4606,.T.);
#14279=EDGE_CURVE('',#5938,#5745,#4666,.T.);
#14283=ADVANCED_FACE('',(#14282),#14274,.T.);
#14292=B_SPLINE_CURVE_WITH_KNOTS('',3,(#14284,#14285,#14286,#14287,#14288,
#14289,#14290,#14291),.UNSPECIFIED.,.F.,.F.,(4,1,1,1,1,4),(0.E0,
1.763820995868E-2,2.840362819880E-1,5.515693284126E-1,9.824549579036E-1,1.E0),
.UNSPECIFIED.);
#14297=EDGE_CURVE('',#5952,#5759,#4610,.T.);
#14303=ADVANCED_FACE('',(#14302),#14295,.T.);
#14310=B_SPLINE_CURVE_WITH_KNOTS('',3,(#14304,#14305,#14306,#14307,#14308,
#14309),.UNSPECIFIED.,.F.,.F.,(4,1,1,4),(0.E0,1.923076923077E-2,
9.807692307692E-1,1.E0),.UNSPECIFIED.);
#14315=EDGE_CURVE('',#5951,#5758,#4614,.T.);
#14321=ADVANCED_FACE('',(#14320),#14313,.T.);
#14328=B_SPLINE_CURVE_WITH_KNOTS('',3,(#14322,#14323,#14324,#14325,#14326,
#14327),.UNSPECIFIED.,.F.,.F.,(4,1,1,4),(0.E0,1.923076923077E-2,
9.807692307692E-1,1.E0),.UNSPECIFIED.);
#14333=EDGE_CURVE('',#5950,#5757,#4618,.T.);
#14339=ADVANCED_FACE('',(#14338),#14331,.T.);
#14346=B_SPLINE_CURVE_WITH_KNOTS('',3,(#14340,#14341,#14342,#14343,#14344,
#14345),.UNSPECIFIED.,.F.,.F.,(4,1,1,4),(0.E0,1.638463975927E-1,
8.361536024073E-1,1.E0),.UNSPECIFIED.);
#14351=EDGE_CURVE('',#5949,#5756,#4622,.T.);
#14357=ADVANCED_FACE('',(#14356),#14349,.T.);
#14366=B_SPLINE_CURVE_WITH_KNOTS('',3,(#14358,#14359,#14360,#14361,#14362,
#14363,#14364,#14365),.UNSPECIFIED.,.F.,.F.,(4,1,1,1,1,4),(0.E0,
6.433034230794E-2,1.216543080145E-1,5.348093880541E-1,9.348591397291E-1,1.E0),
.UNSPECIFIED.);
#14371=EDGE_CURVE('',#5948,#5755,#4626,.T.);
#14377=ADVANCED_FACE('',(#14376),#14369,.T.);
#14384=B_SPLINE_CURVE_WITH_KNOTS('',3,(#14378,#14379,#14380,#14381,#14382,
#14383),.UNSPECIFIED.,.F.,.F.,(4,1,1,4),(0.E0,1.823514705246E-1,
8.176485294754E-1,1.E0),.UNSPECIFIED.);
#14389=EDGE_CURVE('',#5947,#5754,#4630,.T.);
#14395=ADVANCED_FACE('',(#14394),#14387,.T.);
#14404=B_SPLINE_CURVE_WITH_KNOTS('',3,(#14396,#14397,#14398,#14399,#14400,
#14401,#14402,#14403),.UNSPECIFIED.,.F.,.F.,(4,1,1,1,1,4),(0.E0,
2.923453349400E-2,6.279667869568E-2,5.255714737979E-1,9.709031184018E-1,1.E0),
.UNSPECIFIED.);
#14409=EDGE_CURVE('',#5946,#5753,#4634,.T.);
#14415=ADVANCED_FACE('',(#14414),#14407,.T.);
#14423=B_SPLINE_CURVE_WITH_KNOTS('',3,(#14416,#14417,#14418,#14419,#14420,
#14421,#14422),.UNSPECIFIED.,.F.,.F.,(4,1,1,1,4),(0.E0,1.897178435152E-2,
4.689042020664E-1,9.811897617970E-1,1.E0),.UNSPECIFIED.);
#14428=EDGE_CURVE('',#5945,#5752,#4638,.T.);
#14434=ADVANCED_FACE('',(#14433),#14426,.T.);
#14443=B_SPLINE_CURVE_WITH_KNOTS('',3,(#14435,#14436,#14437,#14438,#14439,
#14440,#14441,#14442),.UNSPECIFIED.,.F.,.F.,(4,1,1,1,1,4),(0.E0,
2.158843772960E-2,3.647546948081E-1,8.066037047296E-1,9.786980572579E-1,1.E0),
.UNSPECIFIED.);
#14448=EDGE_CURVE('',#5944,#5751,#4642,.T.);
#14454=ADVANCED_FACE('',(#14453),#14446,.T.);
#14462=B_SPLINE_CURVE_WITH_KNOTS('',3,(#14455,#14456,#14457,#14458,#14459,
#14460,#14461),.UNSPECIFIED.,.F.,.F.,(4,1,1,1,4),(0.E0,3.220636537109E-2,
4.230084866090E-1,9.680949115120E-1,1.E0),.UNSPECIFIED.);
#14467=EDGE_CURVE('',#5943,#5750,#4646,.T.);
#14473=ADVANCED_FACE('',(#14472),#14465,.T.);
#14480=B_SPLINE_CURVE_WITH_KNOTS('',3,(#14474,#14475,#14476,#14477,#14478,
#14479),.UNSPECIFIED.,.F.,.F.,(4,1,1,4),(0.E0,7.296840298163E-2,
9.270315970184E-1,1.E0),.UNSPECIFIED.);
#14485=EDGE_CURVE('',#5942,#5749,#4650,.T.);
#14491=ADVANCED_FACE('',(#14490),#14483,.T.);
#14498=B_SPLINE_CURVE_WITH_KNOTS('',3,(#14492,#14493,#14494,#14495,#14496,
#14497),.UNSPECIFIED.,.F.,.F.,(4,1,1,4),(0.E0,1.480684298806E-1,
8.519315701194E-1,1.E0),.UNSPECIFIED.);
#14503=EDGE_CURVE('',#5941,#5748,#4654,.T.);
#14509=ADVANCED_FACE('',(#14508),#14501,.T.);
#14516=B_SPLINE_CURVE_WITH_KNOTS('',3,(#14510,#14511,#14512,#14513,#14514,
#14515),.UNSPECIFIED.,.F.,.F.,(4,1,1,4),(0.E0,7.012709950052E-2,
9.298729004995E-1,1.E0),.UNSPECIFIED.);
#14521=EDGE_CURVE('',#5940,#5747,#4658,.T.);
#14527=ADVANCED_FACE('',(#14526),#14519,.T.);
#14536=B_SPLINE_CURVE_WITH_KNOTS('',3,(#14528,#14529,#14530,#14531,#14532,
#14533,#14534,#14535),.UNSPECIFIED.,.F.,.F.,(4,1,1,1,1,4),(0.E0,
2.473081438560E-2,4.387687091773E-1,9.399613209899E-1,9.754009904403E-1,1.E0),
.UNSPECIFIED.);
#14541=EDGE_CURVE('',#5939,#5746,#4662,.T.);
#14547=ADVANCED_FACE('',(#14546),#14539,.T.);
#14558=B_SPLINE_CURVE_WITH_KNOTS('',3,(#14548,#14549,#14550,#14551,#14552,
#14553,#14554,#14555,#14556,#14557),.UNSPECIFIED.,.F.,.F.,(4,1,1,1,1,1,1,4),(
0.E0,1.335215195292E-2,6.005769807414E-2,3.121599608106E-1,5.616184000242E-1,
7.979336149741E-1,9.866738185112E-1,1.E0),.UNSPECIFIED.);
#14568=ADVANCED_FACE('',(#14567),#14561,.T.);
#14569=CLOSED_SHELL('',(#5968,#6229,#6248,#6271,#6296,#6317,#6340,#6365,#6436,
#6594,#6659,#6783,#6810,#6830,#6856,#6880,#6906,#6932,#6958,#6984,#7007,#7032,
#7054,#7077,#7103,#7129,#7155,#7181,#7204,#7229,#7249,#7270,#7291,#7312,#7333,
#7354,#7375,#7419,#7440,#7461,#7481,#7500,#7522,#7543,#7565,#7596,#7615,#7635,
#7654,#7675,#7695,#7747,#7769,#7790,#7811,#7832,#7860,#7881,#7901,#7922,#7948,
#7970,#7990,#8010,#8031,#8051,#8070,#8092,#8113,#8134,#8153,#8174,#8194,#8214,
#8233,#8265,#8287,#8308,#8329,#8351,#8371,#8408,#8429,#8450,#8470,#8489,#8508,
#8528,#8547,#8566,#8586,#8610,#8630,#8654,#8673,#8693,#8717,#8737,#8760,#8780,
#8804,#8824,#8848,#8867,#8887,#8911,#8931,#8955,#8974,#8994,#9018,#9038,#9062,
#9081,#9100,#9119,#9143,#9185,#9206,#9227,#9250,#9291,#9311,#9331,#9351,#9370,
#9390,#9410,#9430,#9450,#9470,#9490,#9510,#9530,#9550,#9570,#9589,#9613,#9655,
#9676,#9697,#9720,#9761,#9781,#9801,#9821,#9840,#9860,#9880,#9900,#9920,#9940,
#9960,#9980,#10000,#10020,#10040,#10059,#10083,#10125,#10146,#10167,#10190,
#10231,#10251,#10271,#10291,#10310,#10330,#10350,#10370,#10390,#10410,#10430,
#10450,#10470,#10490,#10510,#10529,#10553,#10595,#10616,#10637,#10660,#10701,
#10721,#10741,#10761,#10780,#10800,#10820,#10840,#10860,#10880,#10900,#10920,
#10940,#10960,#10980,#10999,#11023,#11065,#11086,#11107,#11130,#11171,#11191,
#11211,#11231,#11250,#11270,#11290,#11310,#11330,#11350,#11370,#11390,#11410,
#11430,#11450,#11469,#11493,#11535,#11556,#11577,#11600,#11641,#11661,#11681,
#11701,#11720,#11740,#11760,#11780,#11800,#11820,#11840,#11860,#11880,#11900,
#11920,#11939,#11961,#11974,#11994,#12017,#12055,#12088,#12131,#12170,#12209,
#12232,#12271,#12310,#12343,#12386,#12437,#12458,#12471,#12484,#12497,#12510,
#12522,#12541,#12564,#12582,#12604,#12618,#12630,#12643,#12656,#12669,#12682,
#12695,#12708,#12721,#12734,#12746,#12765,#12783,#12801,#12821,#12840,#12858,
#12876,#12896,#12915,#12933,#12951,#12969,#12986,#13000,#13013,#13026,#13039,
#13052,#13065,#13078,#13090,#13104,#13117,#13130,#13143,#13156,#13169,#13182,
#13195,#13208,#13221,#13234,#13246,#13265,#13288,#13305,#13324,#13345,#13363,
#13382,#13400,#13419,#13437,#13454,#13473,#13499,#13517,#13543,#13562,#13580,
#13598,#13616,#13634,#13653,#13671,#13690,#13708,#13726,#13744,#13761,#13775,
#13788,#13801,#13814,#13827,#13840,#13853,#13866,#13879,#13892,#13905,#13917,
#13936,#13954,#13972,#13992,#14011,#14029,#14047,#14067,#14086,#14104,#14122,
#14140,#14157,#14171,#14184,#14197,#14210,#14223,#14236,#14249,#14261,#14283,
#14303,#14321,#14339,#14357,#14377,#14395,#14415,#14434,#14454,#14473,#14491,
#14509,#14527,#14547,#14568));
#14570=MANIFOLD_SOLID_BREP('',#14569);
#14587=CIRCLE('',#14586,1.891E-1);
#14596=CIRCLE('',#14595,1.858E-1);
#14777=CIRCLE('',#14776,1.858E-1);
#14786=CIRCLE('',#14785,1.891E-1);
#14916=EDGE_CURVE('',#14848,#14850,#14620,.T.);
#14918=EDGE_CURVE('',#14848,#14890,#14574,.T.);
#14920=EDGE_CURVE('',#14890,#14892,#14752,.T.);
#14922=EDGE_CURVE('',#14850,#14892,#14704,.T.);
#14926=ADVANCED_FACE('',(#14925),#14915,.T.);
#14939=EDGE_CURVE('',#14829,#14830,#14578,.T.);
#14941=EDGE_CURVE('',#14830,#14832,#14582,.T.);
#14943=EDGE_CURVE('',#14832,#14834,#14587,.T.);
#14945=EDGE_CURVE('',#14834,#14836,#14591,.T.);
#14947=EDGE_CURVE('',#14836,#14838,#14596,.T.);
#14949=EDGE_CURVE('',#14838,#14840,#14600,.T.);
#14951=EDGE_CURVE('',#14840,#14842,#14604,.T.);
#14953=EDGE_CURVE('',#14842,#14844,#14608,.T.);
#14955=EDGE_CURVE('',#14844,#14846,#14612,.T.);
#14957=EDGE_CURVE('',#14846,#14848,#14616,.T.);
#14960=EDGE_CURVE('',#14850,#14852,#14624,.T.);
#14962=EDGE_CURVE('',#14852,#14854,#14628,.T.);
#14964=EDGE_CURVE('',#14854,#14856,#14632,.T.);
#14966=EDGE_CURVE('',#14856,#14858,#14636,.T.);
#14968=EDGE_CURVE('',#14858,#14860,#14640,.T.);
#14970=EDGE_CURVE('',#14860,#14862,#14644,.T.);
#14972=EDGE_CURVE('',#14862,#14864,#14648,.T.);
#14974=EDGE_CURVE('',#14864,#14866,#14652,.T.);
#14976=EDGE_CURVE('',#14866,#14868,#14656,.T.);
#14978=EDGE_CURVE('',#14868,#14829,#14660,.T.);
#14982=ADVANCED_FACE('',(#14981),#14938,.F.);
#14996=EDGE_CURVE('',#14829,#14871,#14664,.T.);
#14998=EDGE_CURVE('',#14871,#14872,#14708,.T.);
#15000=EDGE_CURVE('',#14830,#14872,#14826,.T.);
#15004=ADVANCED_FACE('',(#15003),#14994,.T.);
#15018=EDGE_CURVE('',#14868,#14910,#14668,.T.);
#15020=EDGE_CURVE('',#14910,#14871,#14712,.T.);
#15025=ADVANCED_FACE('',(#15024),#15016,.T.);
#15039=EDGE_CURVE('',#14866,#14908,#14672,.T.);
#15041=EDGE_CURVE('',#14908,#14910,#14716,.T.);
#15046=ADVANCED_FACE('',(#15045),#15037,.T.);
#15060=EDGE_CURVE('',#14864,#14906,#14676,.T.);
#15062=EDGE_CURVE('',#14906,#14908,#14720,.T.);
#15067=ADVANCED_FACE('',(#15066),#15058,.T.);
#15081=EDGE_CURVE('',#14862,#14904,#14680,.T.);
#15083=EDGE_CURVE('',#14904,#14906,#14724,.T.);
#15088=ADVANCED_FACE('',(#15087),#15079,.T.);
#15102=EDGE_CURVE('',#14860,#14902,#14684,.T.);
#15104=EDGE_CURVE('',#14902,#14904,#14728,.T.);
#15109=ADVANCED_FACE('',(#15108),#15100,.T.);
#15123=EDGE_CURVE('',#14858,#14900,#14688,.T.);
#15125=EDGE_CURVE('',#14900,#14902,#14732,.T.);
#15130=ADVANCED_FACE('',(#15129),#15121,.T.);
#15144=EDGE_CURVE('',#14856,#14898,#14692,.T.);
#15146=EDGE_CURVE('',#14898,#14900,#14736,.T.);
#15151=ADVANCED_FACE('',(#15150),#15142,.T.);
#15165=EDGE_CURVE('',#14854,#14896,#14696,.T.);
#15167=EDGE_CURVE('',#14896,#14898,#14740,.T.);
#15172=ADVANCED_FACE('',(#15171),#15163,.T.);
#15186=EDGE_CURVE('',#14852,#14894,#14700,.T.);
#15188=EDGE_CURVE('',#14894,#14896,#14744,.T.);
#15193=ADVANCED_FACE('',(#15192),#15184,.T.);
#15208=EDGE_CURVE('',#14892,#14894,#14748,.T.);
#15213=ADVANCED_FACE('',(#15212),#15205,.T.);
#15238=EDGE_CURVE('',#14888,#14890,#14756,.T.);
#15240=EDGE_CURVE('',#14886,#14888,#14760,.T.);
#15242=EDGE_CURVE('',#14884,#14886,#14764,.T.);
#15244=EDGE_CURVE('',#14882,#14884,#14768,.T.);
#15246=EDGE_CURVE('',#14880,#14882,#14772,.T.);
#15248=EDGE_CURVE('',#14878,#14880,#14777,.T.);
#15250=EDGE_CURVE('',#14876,#14878,#14781,.T.);
#15252=EDGE_CURVE('',#14874,#14876,#14786,.T.);
#15254=EDGE_CURVE('',#14872,#14874,#14790,.T.);
#15258=ADVANCED_FACE('',(#15257),#15225,.T.);
#15272=EDGE_CURVE('',#14846,#14888,#14794,.T.);
#15278=ADVANCED_FACE('',(#15277),#15270,.T.);
#15292=EDGE_CURVE('',#14844,#14886,#14798,.T.);
#15298=ADVANCED_FACE('',(#15297),#15290,.T.);
#15312=EDGE_CURVE('',#14842,#14884,#14802,.T.);
#15318=ADVANCED_FACE('',(#15317),#15310,.T.);
#15332=EDGE_CURVE('',#14840,#14882,#14806,.T.);
#15338=ADVANCED_FACE('',(#15337),#15330,.T.);
#15352=EDGE_CURVE('',#14838,#14880,#14810,.T.);
#15358=ADVANCED_FACE('',(#15357),#15350,.T.);
#15372=EDGE_CURVE('',#14836,#14878,#14814,.T.);
#15378=ADVANCED_FACE('',(#15377),#15370,.T.);
#15392=EDGE_CURVE('',#14834,#14876,#14818,.T.);
#15398=ADVANCED_FACE('',(#15397),#15390,.T.);
#15412=EDGE_CURVE('',#14832,#14874,#14822,.T.);
#15418=ADVANCED_FACE('',(#15417),#15410,.T.);
#15437=ADVANCED_FACE('',(#15436),#15430,.T.);
#15445=CLOSED_SHELL('',(#14926,#14982,#15004,#15025,#15046,#15067,#15088,#15109,
#15130,#15151,#15172,#15193,#15213,#15258,#15278,#15298,#15318,#15338,#15358,
#15378,#15398,#15418,#15437));
#15446=MANIFOLD_SOLID_BREP('',#15445);
#15523=CIRCLE('',#15522,1.858E-1);
#15532=CIRCLE('',#15531,1.891E-1);
#15589=CIRCLE('',#15588,1.891E-1);
#15598=CIRCLE('',#15597,1.858E-1);
#15792=EDGE_CURVE('',#15724,#15726,#15498,.T.);
#15794=EDGE_CURVE('',#15726,#15768,#15666,.T.);
#15796=EDGE_CURVE('',#15766,#15768,#15622,.T.);
#15798=EDGE_CURVE('',#15724,#15766,#15450,.T.);
#15802=ADVANCED_FACE('',(#15801),#15791,.F.);
#15815=EDGE_CURVE('',#15705,#15706,#15454,.T.);
#15817=EDGE_CURVE('',#15744,#15705,#15458,.T.);
#15819=EDGE_CURVE('',#15742,#15744,#15462,.T.);
#15821=EDGE_CURVE('',#15740,#15742,#15466,.T.);
#15823=EDGE_CURVE('',#15738,#15740,#15470,.T.);
#15825=EDGE_CURVE('',#15736,#15738,#15474,.T.);
#15827=EDGE_CURVE('',#15734,#15736,#15478,.T.);
#15829=EDGE_CURVE('',#15732,#15734,#15482,.T.);
#15831=EDGE_CURVE('',#15730,#15732,#15486,.T.);
#15833=EDGE_CURVE('',#15728,#15730,#15490,.T.);
#15835=EDGE_CURVE('',#15726,#15728,#15494,.T.);
#15838=EDGE_CURVE('',#15722,#15724,#15502,.T.);
#15840=EDGE_CURVE('',#15720,#15722,#15506,.T.);
#15842=EDGE_CURVE('',#15718,#15720,#15510,.T.);
#15844=EDGE_CURVE('',#15716,#15718,#15514,.T.);
#15846=EDGE_CURVE('',#15714,#15716,#15518,.T.);
#15848=EDGE_CURVE('',#15712,#15714,#15523,.T.);
#15850=EDGE_CURVE('',#15710,#15712,#15527,.T.);
#15852=EDGE_CURVE('',#15708,#15710,#15532,.T.);
#15854=EDGE_CURVE('',#15706,#15708,#15536,.T.);
#15858=ADVANCED_FACE('',(#15857),#15814,.T.);
#15872=EDGE_CURVE('',#15706,#15748,#15544,.T.);
#15874=EDGE_CURVE('',#15747,#15748,#15580,.T.);
#15876=EDGE_CURVE('',#15705,#15747,#15540,.T.);
#15880=ADVANCED_FACE('',(#15879),#15870,.F.);
#15894=EDGE_CURVE('',#15708,#15750,#15548,.T.);
#15896=EDGE_CURVE('',#15748,#15750,#15584,.T.);
#15901=ADVANCED_FACE('',(#15900),#15892,.F.);
#15915=EDGE_CURVE('',#15710,#15752,#15552,.T.);
#15917=EDGE_CURVE('',#15750,#15752,#15589,.T.);
#15922=ADVANCED_FACE('',(#15921),#15913,.T.);
#15936=EDGE_CURVE('',#15712,#15754,#15556,.T.);
#15938=EDGE_CURVE('',#15752,#15754,#15593,.T.);
#15943=ADVANCED_FACE('',(#15942),#15934,.F.);
#15957=EDGE_CURVE('',#15714,#15756,#15560,.T.);
#15959=EDGE_CURVE('',#15754,#15756,#15598,.T.);
#15964=ADVANCED_FACE('',(#15963),#15955,.T.);
#15978=EDGE_CURVE('',#15716,#15758,#15564,.T.);
#15980=EDGE_CURVE('',#15756,#15758,#15602,.T.);
#15985=ADVANCED_FACE('',(#15984),#15976,.F.);
#15999=EDGE_CURVE('',#15718,#15760,#15568,.T.);
#16001=EDGE_CURVE('',#15758,#15760,#15606,.T.);
#16006=ADVANCED_FACE('',(#16005),#15997,.F.);
#16020=EDGE_CURVE('',#15720,#15762,#15572,.T.);
#16022=EDGE_CURVE('',#15760,#15762,#15610,.T.);
#16027=ADVANCED_FACE('',(#16026),#16018,.F.);
#16041=EDGE_CURVE('',#15722,#15764,#15576,.T.);
#16043=EDGE_CURVE('',#15762,#15764,#15614,.T.);
#16048=ADVANCED_FACE('',(#16047),#16039,.F.);
#16063=EDGE_CURVE('',#15764,#15766,#15618,.T.);
#16068=ADVANCED_FACE('',(#16067),#16060,.F.);
#16092=EDGE_CURVE('',#15768,#15770,#15626,.T.);
#16094=EDGE_CURVE('',#15770,#15772,#15630,.T.);
#16096=EDGE_CURVE('',#15772,#15774,#15634,.T.);
#16098=EDGE_CURVE('',#15774,#15776,#15638,.T.);
#16100=EDGE_CURVE('',#15776,#15778,#15642,.T.);
#16102=EDGE_CURVE('',#15778,#15780,#15646,.T.);
#16104=EDGE_CURVE('',#15780,#15782,#15650,.T.);
#16106=EDGE_CURVE('',#15782,#15784,#15654,.T.);
#16108=EDGE_CURVE('',#15784,#15786,#15658,.T.);
#16110=EDGE_CURVE('',#15786,#15747,#15662,.T.);
#16114=ADVANCED_FACE('',(#16113),#16080,.F.);
#16128=EDGE_CURVE('',#15728,#15770,#15670,.T.);
#16134=ADVANCED_FACE('',(#16133),#16126,.F.);
#16148=EDGE_CURVE('',#15730,#15772,#15674,.T.);
#16154=ADVANCED_FACE('',(#16153),#16146,.F.);
#16168=EDGE_CURVE('',#15732,#15774,#15678,.T.);
#16174=ADVANCED_FACE('',(#16173),#16166,.F.);
#16188=EDGE_CURVE('',#15734,#15776,#15682,.T.);
#16194=ADVANCED_FACE('',(#16193),#16186,.F.);
#16208=EDGE_CURVE('',#15736,#15778,#15686,.T.);
#16214=ADVANCED_FACE('',(#16213),#16206,.F.);
#16228=EDGE_CURVE('',#15738,#15780,#15690,.T.);
#16234=ADVANCED_FACE('',(#16233),#16226,.F.);
#16248=EDGE_CURVE('',#15740,#15782,#15694,.T.);
#16254=ADVANCED_FACE('',(#16253),#16246,.F.);
#16268=EDGE_CURVE('',#15742,#15784,#15698,.T.);
#16274=ADVANCED_FACE('',(#16273),#16266,.F.);
#16288=EDGE_CURVE('',#15744,#15786,#15702,.T.);
#16294=ADVANCED_FACE('',(#16293),#16286,.F.);
#16313=ADVANCED_FACE('',(#16312),#16306,.F.);
#16321=CLOSED_SHELL('',(#15802,#15858,#15880,#15901,#15922,#15943,#15964,#15985,
#16006,#16027,#16048,#16068,#16114,#16134,#16154,#16174,#16194,#16214,#16234,
#16254,#16274,#16294,#16313));
#16322=MANIFOLD_SOLID_BREP('',#16321);
#16323=(LENGTH_UNIT()NAMED_UNIT(*)SI_UNIT(.MILLI.,.METRE.));
#16324=(NAMED_UNIT(*)PLANE_ANGLE_UNIT()SI_UNIT($,.RADIAN.));
#16327=(NAMED_UNIT(*)SI_UNIT($,.STERADIAN.)SOLID_ANGLE_UNIT());
#16329=(GEOMETRIC_REPRESENTATION_CONTEXT(3)GLOBAL_UNCERTAINTY_ASSIGNED_CONTEXT((
#16328))GLOBAL_UNIT_ASSIGNED_CONTEXT((#16323,#16326,#16327))REPRESENTATION_CONTEXT('ID1','3'));
#16330=ADVANCED_BREP_SHAPE_REPRESENTATION('',(#14570,#15446,#16322),#16329);
#16338=PRODUCT_DEFINITION('part definition','',#16337,#16334);
#16339=PRODUCT_DEFINITION_SHAPE('','SHAPE FOR 333.',#16338);
#16340=SHAPE_ASPECT('','solid data associated with 333',#16339,.F.);
#16341=PROPERTY_DEFINITION('',
'shape for solid data with which properties are associated',#16340);
#16342=SHAPE_REPRESENTATION('',(#14570,#15446,#16322),#16329);
#16343=SHAPE_DEFINITION_REPRESENTATION(#16341,#16342);
#16344=(LENGTH_UNIT()NAMED_UNIT(*)SI_UNIT(.MILLI.,.METRE.));
#16348=PROPERTY_DEFINITION('geometric validation property','area of 333',
#16340);
#16349=REPRESENTATION('surface area',(#16347),#16329);
#16350=PROPERTY_DEFINITION_REPRESENTATION(#16348,#16349);
#16351=(LENGTH_UNIT()NAMED_UNIT(*)SI_UNIT(.MILLI.,.METRE.));
#16355=PROPERTY_DEFINITION('geometric validation property','volume of 333',
#16340);
#16356=REPRESENTATION('volume',(#16354),#16329);
#16357=PROPERTY_DEFINITION_REPRESENTATION(#16355,#16356);
#16359=PROPERTY_DEFINITION('geometric validation property','centroid of 333',
#16340);
#16360=REPRESENTATION('centroid',(#16358),#16329);
#16361=PROPERTY_DEFINITION_REPRESENTATION(#16359,#16360);
#16362=(LENGTH_UNIT()NAMED_UNIT(*)SI_UNIT(.MILLI.,.METRE.));
#16366=PROPERTY_DEFINITION('geometric validation property','area of 333',
#16339);
#16367=REPRESENTATION('surface area',(#16365),#16329);
#16368=PROPERTY_DEFINITION_REPRESENTATION(#16366,#16367);
#16369=(LENGTH_UNIT()NAMED_UNIT(*)SI_UNIT(.MILLI.,.METRE.));
#16373=PROPERTY_DEFINITION('geometric validation property','volume of 333',
#16339);
#16374=REPRESENTATION('volume',(#16372),#16329);
#16375=PROPERTY_DEFINITION_REPRESENTATION(#16373,#16374);
#16377=PROPERTY_DEFINITION('geometric validation property','centroid of 333',
#16339);
#16378=REPRESENTATION('centroid',(#16376),#16329);
#16379=PROPERTY_DEFINITION_REPRESENTATION(#16377,#16378);
#16380=SHAPE_DEFINITION_REPRESENTATION(#16339,#16330);
ENDSEC;
END-ISO-10303-21;
